2025-10-13 02:21:55 | iot_test_files/test_scenario_attack/test.encrypted | Confidence: 96.0% | Reason: Rule-based alerts: High entropy detected: 7.81 (threshold: 7.5)
2025-10-13 02:21:55 | iot_test_files/test_scenario_attack/test.encrypted | Confidence: 96.0% | Reason: Rule-based alerts: High entropy detected: 7.81 (threshold: 7.5)
2025-10-13 02:21:55,759 - ALERT - Exception sending alert to dashboard: HTTPConnectionPool(host='localhost', port=5000): Max retries exceeded with url: /api/add_alert (Caused by NewConnectionError('<urllib3.connection.HTTPConnection object at 0x7fe0d632d400>: Failed to establish a new connection: [Errno 111] Connection refused'))
2025-10-13 02:21:55,759 - ALERT - Exception sending alert to dashboard: HTTPConnectionPool(host='localhost', port=5000): Max retries exceeded with url: /api/add_alert (Caused by NewConnectionError('<urllib3.connection.HTTPConnection object at 0x7fe0d632d400>: Failed to establish a new connection: [Errno 111] Connection refused'))
2025-10-17 23:35:55 | iot_test_files/normal/device_004.txt.encrypted | Confidence: 0.0% | Reason: High entropy (6.46)
2025-10-17 23:35:55 | iot_test_files/normal/device_004.txt.encrypted | Confidence: 0.0% | Reason: High entropy (6.46)
2025-10-17 23:35:55 | iot_test_files/normal/device_004.txt.encrypted | Confidence: 0.0% | Reason: High entropy (6.46)
2025-10-17 23:35:55 | iot_test_files/normal/device_004.txt.encrypted | Confidence: 0.0% | Reason: High entropy (6.46)
2025-10-17 23:35:55 | iot_test_files/normal/device_004.txt.encrypted | Confidence: 0.0% | Reason: High entropy (6.46)
2025-10-17 23:35:55 | iot_test_files/normal/device_004.txt.encrypted | Confidence: 0.0% | Reason: High entropy (6.46)
2025-10-17 23:35:55 | iot_test_files/normal/device_006.txt.encrypted | Confidence: 0.0% | Reason: High entropy (6.52)
2025-10-17 23:35:55 | iot_test_files/normal/device_006.txt.encrypted | Confidence: 0.0% | Reason: High entropy (6.52)
2025-10-17 23:35:55 | iot_test_files/normal/device_006.txt.encrypted | Confidence: 0.0% | Reason: High entropy (6.52)
2025-10-17 23:35:55 | iot_test_files/normal/device_006.txt.encrypted | Confidence: 0.0% | Reason: High entropy (6.52)
2025-10-17 23:35:55 | iot_test_files/normal/device_007.txt.encrypted | Confidence: 0.0% | Reason: High entropy (6.52)
2025-10-17 23:35:55 | iot_test_files/normal/device_007.txt.encrypted | Confidence: 0.0% | Reason: High entropy (6.52)
2025-10-17 23:35:55 | iot_test_files/normal/device_004.txt.encrypted | Confidence: 0.0% | Reason: High entropy (6.46)
2025-10-17 23:35:55 | iot_test_files/normal/device_004.txt.encrypted | Confidence: 0.0% | Reason: High entropy (6.46)
2025-10-17 23:35:55 | iot_test_files/normal/device_008.txt.encrypted | Confidence: 0.0% | Reason: High entropy (6.54)
2025-10-17 23:35:55 | iot_test_files/normal/device_008.txt.encrypted | Confidence: 0.0% | Reason: High entropy (6.54)
2025-10-17 23:35:55 | iot_test_files/normal/device_006.txt.encrypted | Confidence: 0.0% | Reason: High entropy (6.52)
2025-10-17 23:35:55 | iot_test_files/normal/device_006.txt.encrypted | Confidence: 0.0% | Reason: High entropy (6.52)
2025-10-17 23:35:55 | iot_test_files/normal/device_006.txt.encrypted | Confidence: 0.0% | Reason: High entropy (6.52)
2025-10-17 23:35:55 | iot_test_files/normal/device_006.txt.encrypted | Confidence: 0.0% | Reason: High entropy (6.52)
2025-10-17 23:35:55 | iot_test_files/normal/device_007.txt.encrypted | Confidence: 0.0% | Reason: High entropy (6.52)
2025-10-17 23:35:55 | iot_test_files/normal/device_007.txt.encrypted | Confidence: 0.0% | Reason: High entropy (6.52)
2025-10-17 23:35:55 | iot_test_files/normal/device_008.txt.encrypted | Confidence: 0.0% | Reason: High entropy (6.54)
2025-10-17 23:35:55 | iot_test_files/normal/device_008.txt.encrypted | Confidence: 0.0% | Reason: High entropy (6.54)
2025-10-17 23:37:13 | iot_test_files/normal/normal_file_14.txt | Confidence: 0.0% | Reason: Rapid file access (16 files)
2025-10-17 23:37:13 | iot_test_files/normal/normal_file_14.txt | Confidence: 0.0% | Reason: Rapid file access (16 files)
2025-10-17 23:37:13 | iot_test_files/normal/normal_file_14.txt | Confidence: 0.0% | Reason: Rapid file access (17 files)
2025-10-17 23:37:13 | iot_test_files/normal/normal_file_14.txt | Confidence: 0.0% | Reason: Rapid file access (17 files)
2025-10-17 23:37:13 | iot_test_files/normal/normal_file_15.txt | Confidence: 0.0% | Reason: Rapid file access (18 files)
2025-10-17 23:37:13 | iot_test_files/normal/normal_file_15.txt | Confidence: 0.0% | Reason: Rapid file access (18 files)
2025-10-17 23:37:13 | iot_test_files/normal/normal_file_16.txt | Confidence: 0.0% | Reason: Rapid file access (19 files)
2025-10-17 23:37:13 | iot_test_files/normal/normal_file_16.txt | Confidence: 0.0% | Reason: Rapid file access (19 files)
2025-10-17 23:37:13 | iot_test_files/normal/normal_file_17.txt | Confidence: 0.0% | Reason: Rapid file access (20 files)
2025-10-17 23:37:13 | iot_test_files/normal/normal_file_17.txt | Confidence: 0.0% | Reason: Rapid file access (20 files)
2025-10-17 23:37:13 | iot_test_files/normal/normal_file_18.txt | Confidence: 0.0% | Reason: Rapid file access (21 files)
2025-10-17 23:37:13 | iot_test_files/normal/normal_file_18.txt | Confidence: 0.0% | Reason: Rapid file access (21 files)
2025-10-17 23:37:13,697 - ALERT - I/O error accessing iot_test_files/normal/normal_file_9.txt: [Errno 2] No such file or directory: 'iot_test_files/normal/normal_file_9.txt'. Skipping analysis.
2025-10-17 23:37:13 | iot_test_files/normal/normal_file_19.txt | Confidence: 0.0% | Reason: Rapid file access (22 files)
2025-10-17 23:37:13 | iot_test_files/normal/normal_file_19.txt | Confidence: 0.0% | Reason: Rapid file access (22 files)
2025-10-17 23:37:13 | iot_test_files/normal/normal_file_14.txt | Confidence: 0.0% | Reason: Rapid file access (16 files)
2025-10-17 23:37:13 | iot_test_files/normal/normal_file_14.txt | Confidence: 0.0% | Reason: Rapid file access (16 files)
2025-10-17 23:37:13 | iot_test_files/normal/normal_file_15.txt | Confidence: 0.0% | Reason: Rapid file access (17 files)
2025-10-17 23:37:13 | iot_test_files/normal/normal_file_15.txt | Confidence: 0.0% | Reason: Rapid file access (17 files)
2025-10-17 23:37:13 | iot_test_files/normal/normal_file_16.txt | Confidence: 0.0% | Reason: Rapid file access (18 files)
2025-10-17 23:37:13 | iot_test_files/normal/normal_file_16.txt | Confidence: 0.0% | Reason: Rapid file access (18 files)
2025-10-17 23:37:13 | iot_test_files/normal/normal_file_17.txt | Confidence: 0.0% | Reason: Rapid file access (19 files)
2025-10-17 23:37:13 | iot_test_files/normal/normal_file_17.txt | Confidence: 0.0% | Reason: Rapid file access (19 files)
2025-10-17 23:37:13 | iot_test_files/normal/normal_file_18.txt | Confidence: 0.0% | Reason: Rapid file access (20 files)
2025-10-17 23:37:13 | iot_test_files/normal/normal_file_18.txt | Confidence: 0.0% | Reason: Rapid file access (20 files)
2025-10-17 23:37:13 | iot_test_files/normal/normal_file_19.txt | Confidence: 0.0% | Reason: Rapid file access (21 files)
2025-10-17 23:37:13 | iot_test_files/normal/normal_file_19.txt | Confidence: 0.0% | Reason: Rapid file access (21 files)
2025-10-17 23:37:23 | iot_test_files/normal_encrypted/config_device_16.cfg.encrypted | Confidence: 0.0% | Reason: High entropy (6.71)
2025-10-17 23:37:23 | iot_test_files/normal_encrypted/config_device_16.cfg.encrypted | Confidence: 0.0% | Reason: High entropy (6.71)
2025-10-17 23:37:23 | iot_test_files/normal_encrypted/config_device_16.cfg.encrypted | Confidence: 0.0% | Reason: High entropy (6.71)
2025-10-17 23:37:23 | iot_test_files/normal_encrypted/config_device_16.cfg.encrypted | Confidence: 0.0% | Reason: High entropy (6.71)
2025-10-17 23:37:23 | iot_test_files/normal_encrypted/config_device_16.cfg.encrypted | Confidence: 0.0% | Reason: Rapid file access (21 files)
2025-10-17 23:37:23 | iot_test_files/normal_encrypted/config_device_16.cfg.encrypted | Confidence: 0.0% | Reason: Rapid file access (21 files)
2025-10-17 23:37:23 | iot_test_files/normal_encrypted/config_38_1760338265.txt.encrypted | Confidence: 0.0% | Reason: Rapid file access (16 files)
2025-10-17 23:37:23 | iot_test_files/normal_encrypted/config_38_1760338265.txt.encrypted | Confidence: 0.0% | Reason: Rapid file access (16 files)
2025-10-17 23:37:23 | iot_test_files/normal_encrypted/log_1760337909_7971.txt.encrypted | Confidence: 0.0% | Reason: High entropy (6.45)
2025-10-17 23:37:23 | iot_test_files/normal_encrypted/log_1760337909_7971.txt.encrypted | Confidence: 0.0% | Reason: High entropy (6.45)
2025-10-17 23:37:23 | iot_test_files/normal_encrypted/log_1760337909_7971.txt.encrypted | Confidence: 0.0% | Reason: High entropy (6.45)
2025-10-17 23:37:23 | iot_test_files/normal_encrypted/log_1760337909_7971.txt.encrypted | Confidence: 0.0% | Reason: High entropy (6.45)
2025-10-17 23:37:23 | iot_test_files/normal_encrypted/system_log_14.log.encrypted | Confidence: 0.0% | Reason: High entropy (6.48)
2025-10-17 23:37:23 | iot_test_files/normal_encrypted/system_log_14.log.encrypted | Confidence: 0.0% | Reason: High entropy (6.48)
2025-10-17 23:37:23 | iot_test_files/normal_encrypted/device_002.txt.encrypted.encrypted | Confidence: 0.0% | Reason: High entropy (6.43)
2025-10-17 23:37:23 | iot_test_files/normal_encrypted/device_002.txt.encrypted.encrypted | Confidence: 0.0% | Reason: High entropy (6.43)
2025-10-17 23:37:23 | iot_test_files/normal_encrypted/config_42_1760338565.txt.encrypted | Confidence: 0.0% | Reason: High entropy (6.14)
2025-10-17 23:37:23 | iot_test_files/normal_encrypted/config_42_1760338565.txt.encrypted | Confidence: 0.0% | Reason: High entropy (6.14)
2025-10-17 23:37:23 | iot_test_files/normal_encrypted/config_42_1760338565.txt.encrypted | Confidence: 0.0% | Reason: High entropy (6.14)
2025-10-17 23:37:23 | iot_test_files/normal_encrypted/config_42_1760338565.txt.encrypted | Confidence: 0.0% | Reason: High entropy (6.14)
2025-10-17 23:37:23 | iot_test_files/normal_encrypted/log_1760338644_8734.txt.encrypted | Confidence: 0.0% | Reason: High entropy (6.58)
2025-10-17 23:37:23 | iot_test_files/normal_encrypted/log_1760338644_8734.txt.encrypted | Confidence: 0.0% | Reason: High entropy (6.58)
2025-10-17 23:37:23 | iot_test_files/normal_encrypted/log_1760338644_8734.txt.encrypted | Confidence: 0.0% | Reason: High entropy (6.58)
2025-10-17 23:37:23 | iot_test_files/normal_encrypted/log_1760338644_8734.txt.encrypted | Confidence: 0.0% | Reason: High entropy (6.58)
2025-10-17 23:37:23 | iot_test_files/normal_encrypted/normal_file_17.txt.encrypted | Confidence: 0.0% | Reason: Rapid file access (16 files)
2025-10-17 23:37:23 | iot_test_files/normal_encrypted/normal_file_17.txt.encrypted | Confidence: 0.0% | Reason: Rapid file access (16 files)
2025-10-17 23:37:23 | iot_test_files/normal_encrypted/normal_file_11.txt.encrypted | Confidence: 0.0% | Reason: Rapid file access (17 files)
2025-10-17 23:37:23 | iot_test_files/normal_encrypted/normal_file_11.txt.encrypted | Confidence: 0.0% | Reason: Rapid file access (17 files)
2025-10-17 23:37:23 | iot_test_files/normal_encrypted/normal_file_0.txt.encrypted | Confidence: 0.0% | Reason: Rapid file access (18 files)
2025-10-17 23:37:23 | iot_test_files/normal_encrypted/normal_file_0.txt.encrypted | Confidence: 0.0% | Reason: Rapid file access (18 files)
2025-10-17 23:37:23 | iot_test_files/normal_encrypted/log_1760337347_4018.txt.encrypted | Confidence: 0.0% | Reason: High entropy (6.32)
2025-10-17 23:37:23 | iot_test_files/normal_encrypted/log_1760337347_4018.txt.encrypted | Confidence: 0.0% | Reason: High entropy (6.32)
2025-10-17 23:37:23 | iot_test_files/normal_encrypted/log_1760337347_4018.txt.encrypted | Confidence: 0.0% | Reason: Rapid file access (19 files)
2025-10-17 23:37:23 | iot_test_files/normal_encrypted/log_1760337347_4018.txt.encrypted | Confidence: 0.0% | Reason: Rapid file access (19 files)
2025-10-17 23:37:23 | iot_test_files/normal_encrypted/system_log_14.log.encrypted | Confidence: 0.0% | Reason: High entropy (6.48)
2025-10-17 23:37:23 | iot_test_files/normal_encrypted/log_1760338465_6490.txt.encrypted | Confidence: 0.0% | Reason: High entropy (6.52)
2025-10-17 23:37:23 | iot_test_files/normal_encrypted/log_1760338465_6490.txt.encrypted | Confidence: 0.0% | Reason: High entropy (6.52)
2025-10-17 23:37:23 | iot_test_files/normal_encrypted/log_1760338465_6490.txt.encrypted | Confidence: 0.0% | Reason: Rapid file access (20 files)
2025-10-17 23:37:23 | iot_test_files/normal_encrypted/log_1760338465_6490.txt.encrypted | Confidence: 0.0% | Reason: Rapid file access (20 files)
2025-10-17 23:37:23 | iot_test_files/normal_encrypted/normal_file_16.txt.encrypted | Confidence: 0.0% | Reason: Rapid file access (21 files)
2025-10-17 23:37:23 | iot_test_files/normal_encrypted/normal_file_16.txt.encrypted | Confidence: 0.0% | Reason: Rapid file access (21 files)
2025-10-17 23:37:23 | iot_test_files/normal_encrypted/config_16_1760337003.txt.encrypted | Confidence: 0.0% | Reason: High entropy (6.70)
2025-10-17 23:37:23 | iot_test_files/normal_encrypted/config_16_1760337003.txt.encrypted | Confidence: 0.0% | Reason: High entropy (6.70)
2025-10-17 23:37:23 | iot_test_files/normal_encrypted/config_16_1760337003.txt.encrypted | Confidence: 0.0% | Reason: Rapid file access (22 files)
2025-10-17 23:37:23 | iot_test_files/normal_encrypted/config_16_1760337003.txt.encrypted | Confidence: 0.0% | Reason: Rapid file access (22 files)
2025-10-17 23:37:23 | iot_test_files/normal_encrypted/system_log_14.log.encrypted | Confidence: 0.0% | Reason: High entropy (6.48)
2025-10-17 23:37:23 | iot_test_files/normal_encrypted/config_14_1760338637.txt.encrypted | Confidence: 0.0% | Reason: Rapid file access (23 files)
2025-10-17 23:37:23 | iot_test_files/normal_encrypted/config_14_1760338637.txt.encrypted | Confidence: 0.0% | Reason: Rapid file access (23 files)
2025-10-17 23:37:23 | iot_test_files/normal_encrypted/config_14_1760338637.txt.encrypted | Confidence: 0.0% | Reason: Rapid file access (24 files)
2025-10-17 23:37:23 | iot_test_files/normal_encrypted/config_14_1760338637.txt.encrypted | Confidence: 0.0% | Reason: Rapid file access (24 files)
2025-10-17 23:37:23 | iot_test_files/normal_encrypted/log_1760337117_4953.txt.encrypted | Confidence: 0.0% | Reason: High entropy (6.75)
2025-10-17 23:37:23 | iot_test_files/normal_encrypted/log_1760337117_4953.txt.encrypted | Confidence: 0.0% | Reason: High entropy (6.75)
2025-10-17 23:37:23 | iot_test_files/normal_encrypted/device_002.txt.encrypted.encrypted | Confidence: 0.0% | Reason: High entropy (6.43)
2025-10-17 23:37:23 | iot_test_files/normal_encrypted/log_1760337117_4953.txt.encrypted | Confidence: 0.0% | Reason: Rapid file access (25 files)
2025-10-17 23:37:23 | iot_test_files/normal_encrypted/log_1760337117_4953.txt.encrypted | Confidence: 0.0% | Reason: Rapid file access (25 files)
2025-10-17 23:37:23 | iot_test_files/normal_encrypted/backup_data_15.dat.encrypted | Confidence: 0.0% | Reason: High entropy (7.17)
2025-10-17 23:37:23 | iot_test_files/normal_encrypted/backup_data_15.dat.encrypted | Confidence: 0.0% | Reason: High entropy (7.17)
2025-10-17 23:37:23 | iot_test_files/normal_encrypted/backup_data_15.dat.encrypted | Confidence: 0.0% | Reason: Rapid file access (26 files)
2025-10-17 23:37:23 | iot_test_files/normal_encrypted/backup_data_15.dat.encrypted | Confidence: 0.0% | Reason: Rapid file access (26 files)
2025-10-17 23:37:23 | iot_test_files/normal_encrypted/log_1760337837_7357.txt.encrypted | Confidence: 0.0% | Reason: High entropy (6.83)
2025-10-17 23:37:23 | iot_test_files/normal_encrypted/log_1760337837_7357.txt.encrypted | Confidence: 0.0% | Reason: High entropy (6.83)
2025-10-17 23:37:23 | iot_test_files/normal_encrypted/log_1760337837_7357.txt.encrypted | Confidence: 0.0% | Reason: Rapid file access (27 files)
2025-10-17 23:37:23 | iot_test_files/normal_encrypted/log_1760337837_7357.txt.encrypted | Confidence: 0.0% | Reason: Rapid file access (27 files)
2025-10-17 23:37:23 | iot_test_files/normal_encrypted/log_1760338453_9813.txt.encrypted | Confidence: 0.0% | Reason: High entropy (6.30)
2025-10-17 23:37:23 | iot_test_files/normal_encrypted/log_1760338453_9813.txt.encrypted | Confidence: 0.0% | Reason: High entropy (6.30)
2025-10-17 23:37:23 | iot_test_files/normal_encrypted/device_002.txt.encrypted.encrypted | Confidence: 0.0% | Reason: High entropy (6.43)
2025-10-17 23:37:23 | iot_test_files/normal_encrypted/log_1760338453_9813.txt.encrypted | Confidence: 0.0% | Reason: Rapid file access (28 files)
2025-10-17 23:37:23 | iot_test_files/normal_encrypted/log_1760338453_9813.txt.encrypted | Confidence: 0.0% | Reason: Rapid file access (28 files)
2025-10-17 23:37:23 | iot_test_files/normal_encrypted/log_1760338453_9813.txt.encrypted | Confidence: 0.0% | Reason: High entropy (6.30)
2025-10-17 23:37:23 | iot_test_files/normal_encrypted/log_1760338453_9813.txt.encrypted | Confidence: 0.0% | Reason: High entropy (6.30)
2025-10-17 23:37:23 | iot_test_files/normal_encrypted/log_1760338453_9813.txt.encrypted | Confidence: 0.0% | Reason: Rapid file access (29 files)
2025-10-17 23:37:23 | iot_test_files/normal_encrypted/log_1760338453_9813.txt.encrypted | Confidence: 0.0% | Reason: Rapid file access (29 files)
2025-10-17 23:37:23 | iot_test_files/normal_encrypted/config_12_1760338241.txt.encrypted | Confidence: 0.0% | Reason: High entropy (6.71)
2025-10-17 23:37:23 | iot_test_files/normal_encrypted/config_12_1760338241.txt.encrypted | Confidence: 0.0% | Reason: High entropy (6.71)
2025-10-17 23:37:23 | iot_test_files/normal_encrypted/config_12_1760338241.txt.encrypted | Confidence: 0.0% | Reason: Rapid file access (30 files)
2025-10-17 23:37:23 | iot_test_files/normal_encrypted/config_12_1760338241.txt.encrypted | Confidence: 0.0% | Reason: Rapid file access (30 files)
2025-10-17 23:37:23 | iot_test_files/normal_encrypted/config_12_1760338241.txt.encrypted | Confidence: 0.0% | Reason: High entropy (6.71)
2025-10-17 23:37:23 | iot_test_files/normal_encrypted/config_12_1760338241.txt.encrypted | Confidence: 0.0% | Reason: High entropy (6.71)
2025-10-17 23:37:23 | iot_test_files/normal_encrypted/config_42_1760338565.txt.encrypted | Confidence: 0.0% | Reason: High entropy (6.14)
2025-10-17 23:37:23 | iot_test_files/normal_encrypted/config_12_1760338241.txt.encrypted | Confidence: 0.0% | Reason: Rapid file access (31 files)
2025-10-17 23:37:23 | iot_test_files/normal_encrypted/config_12_1760338241.txt.encrypted | Confidence: 0.0% | Reason: Rapid file access (31 files)
2025-10-17 23:37:23 | iot_test_files/normal_encrypted/log_1760338429_6970.txt.encrypted | Confidence: 0.0% | Reason: High entropy (6.40)
2025-10-17 23:37:23 | iot_test_files/normal_encrypted/log_1760338429_6970.txt.encrypted | Confidence: 0.0% | Reason: High entropy (6.40)
2025-10-17 23:37:23 | iot_test_files/normal_encrypted/config_42_1760338565.txt.encrypted | Confidence: 0.0% | Reason: High entropy (6.14)
2025-10-17 23:37:23 | iot_test_files/normal_encrypted/config_42_1760338565.txt.encrypted | Confidence: 0.0% | Reason: High entropy (6.14)
2025-10-17 23:37:23 | iot_test_files/normal_encrypted/log_1760338429_6970.txt.encrypted | Confidence: 0.0% | Reason: Rapid file access (32 files)
2025-10-17 23:37:23 | iot_test_files/normal_encrypted/log_1760338429_6970.txt.encrypted | Confidence: 0.0% | Reason: Rapid file access (32 files)
2025-10-17 23:37:23 | iot_test_files/normal_encrypted/device_001.txt.encrypted.encrypted | Confidence: 0.0% | Reason: High entropy (6.47)
2025-10-17 23:37:23 | iot_test_files/normal_encrypted/device_001.txt.encrypted.encrypted | Confidence: 0.0% | Reason: High entropy (6.47)
2025-10-17 23:37:23 | iot_test_files/normal_encrypted/device_001.txt.encrypted.encrypted | Confidence: 0.0% | Reason: Rapid file access (33 files)
2025-10-17 23:37:23 | iot_test_files/normal_encrypted/device_001.txt.encrypted.encrypted | Confidence: 0.0% | Reason: Rapid file access (33 files)
2025-10-17 23:37:23 | iot_test_files/normal_encrypted/config_42_1760338565.txt.encrypted | Confidence: 0.0% | Reason: High entropy (6.14)
2025-10-17 23:37:23 | iot_test_files/normal_encrypted/config_29_1760338253.txt.encrypted | Confidence: 0.0% | Reason: Rapid file access (34 files)
2025-10-17 23:37:23 | iot_test_files/normal_encrypted/config_29_1760338253.txt.encrypted | Confidence: 0.0% | Reason: Rapid file access (34 files)
2025-10-17 23:37:23 | iot_test_files/normal_encrypted/config_29_1760338253.txt.encrypted | Confidence: 0.0% | Reason: Rapid file access (35 files)
2025-10-17 23:37:23 | iot_test_files/normal_encrypted/config_29_1760338253.txt.encrypted | Confidence: 0.0% | Reason: Rapid file access (35 files)
2025-10-17 23:37:23 | iot_test_files/normal_encrypted/normal_file_1.txt.encrypted | Confidence: 0.0% | Reason: Rapid file access (36 files)
2025-10-17 23:37:23 | iot_test_files/normal_encrypted/normal_file_1.txt.encrypted | Confidence: 0.0% | Reason: Rapid file access (36 files)
2025-10-17 23:37:23 | iot_test_files/normal_encrypted/config_device_0.cfg.encrypted | Confidence: 0.0% | Reason: High entropy (7.50)
2025-10-17 23:37:23 | iot_test_files/normal_encrypted/config_device_0.cfg.encrypted | Confidence: 0.0% | Reason: High entropy (7.50)
2025-10-17 23:37:23 | iot_test_files/normal_encrypted/log_1760338644_8734.txt.encrypted | Confidence: 0.0% | Reason: High entropy (6.58)
2025-10-17 23:37:23 | iot_test_files/normal_encrypted/log_1760338644_8734.txt.encrypted | Confidence: 0.0% | Reason: High entropy (6.58)
2025-10-17 23:37:23 | iot_test_files/normal_encrypted/config_device_0.cfg.encrypted | Confidence: 0.0% | Reason: Rapid file access (37 files)
2025-10-17 23:37:23 | iot_test_files/normal_encrypted/config_device_0.cfg.encrypted | Confidence: 0.0% | Reason: Rapid file access (37 files)
2025-10-17 23:37:23 | iot_test_files/normal_encrypted/log_1760338644_8734.txt.encrypted | Confidence: 0.0% | Reason: High entropy (6.58)
2025-10-17 23:37:23 | iot_test_files/normal_encrypted/log_1760338644_8734.txt.encrypted | Confidence: 0.0% | Reason: High entropy (6.58)
2025-10-17 23:37:23 | iot_test_files/normal_encrypted/log_1760338356_5549.txt.encrypted | Confidence: 0.0% | Reason: High entropy (6.38)
2025-10-17 23:37:23 | iot_test_files/normal_encrypted/log_1760338356_5549.txt.encrypted | Confidence: 0.0% | Reason: High entropy (6.38)
2025-10-17 23:37:23 | iot_test_files/normal_encrypted/log_1760338356_5549.txt.encrypted | Confidence: 0.0% | Reason: Rapid file access (38 files)
2025-10-17 23:37:23 | iot_test_files/normal_encrypted/log_1760338356_5549.txt.encrypted | Confidence: 0.0% | Reason: Rapid file access (38 files)
2025-10-17 23:37:23 | iot_test_files/normal_encrypted/log_1760336629_7095.txt.encrypted | Confidence: 0.0% | Reason: High entropy (6.95)
2025-10-17 23:37:23 | iot_test_files/normal_encrypted/log_1760336629_7095.txt.encrypted | Confidence: 0.0% | Reason: High entropy (6.95)
2025-10-17 23:37:23 | iot_test_files/normal_encrypted/log_1760336629_7095.txt.encrypted | Confidence: 0.0% | Reason: Rapid file access (39 files)
2025-10-17 23:37:23 | iot_test_files/normal_encrypted/log_1760336629_7095.txt.encrypted | Confidence: 0.0% | Reason: Rapid file access (39 files)
2025-10-17 23:37:23 | iot_test_files/normal_encrypted/normal_file_17.txt.encrypted | Confidence: 0.0% | Reason: Rapid file access (16 files)
2025-10-17 23:37:23 | iot_test_files/normal_encrypted/normal_file_17.txt.encrypted | Confidence: 0.0% | Reason: Rapid file access (16 files)
2025-10-17 23:37:23 | iot_test_files/normal_encrypted/device_004.txt.encrypted.encrypted | Confidence: 0.0% | Reason: High entropy (6.40)
2025-10-17 23:37:23 | iot_test_files/normal_encrypted/device_004.txt.encrypted.encrypted | Confidence: 0.0% | Reason: High entropy (6.40)
2025-10-17 23:37:23 | iot_test_files/normal_encrypted/device_004.txt.encrypted.encrypted | Confidence: 0.0% | Reason: Rapid file access (40 files)
2025-10-17 23:37:23 | iot_test_files/normal_encrypted/device_004.txt.encrypted.encrypted | Confidence: 0.0% | Reason: Rapid file access (40 files)
2025-10-17 23:37:23 | iot_test_files/normal_encrypted/device_004.txt.encrypted.encrypted | Confidence: 0.0% | Reason: High entropy (6.40)
2025-10-17 23:37:23 | iot_test_files/normal_encrypted/device_004.txt.encrypted.encrypted | Confidence: 0.0% | Reason: High entropy (6.40)
2025-10-17 23:37:23 | iot_test_files/normal_encrypted/normal_file_11.txt.encrypted | Confidence: 0.0% | Reason: Rapid file access (17 files)
2025-10-17 23:37:23 | iot_test_files/normal_encrypted/normal_file_11.txt.encrypted | Confidence: 0.0% | Reason: Rapid file access (17 files)
2025-10-17 23:37:23 | iot_test_files/normal_encrypted/device_004.txt.encrypted.encrypted | Confidence: 0.0% | Reason: Rapid file access (41 files)
2025-10-17 23:37:23 | iot_test_files/normal_encrypted/device_004.txt.encrypted.encrypted | Confidence: 0.0% | Reason: Rapid file access (41 files)
2025-10-17 23:37:24 | iot_test_files/normal_encrypted/normal_file_8.txt.encrypted | Confidence: 0.0% | Reason: Rapid file access (42 files)
2025-10-17 23:37:24 | iot_test_files/normal_encrypted/normal_file_8.txt.encrypted | Confidence: 0.0% | Reason: Rapid file access (42 files)
2025-10-17 23:37:24 | iot_test_files/normal_encrypted/log_1760337299_8123.txt.encrypted | Confidence: 0.0% | Reason: High entropy (6.37)
2025-10-17 23:37:24 | iot_test_files/normal_encrypted/log_1760337299_8123.txt.encrypted | Confidence: 0.0% | Reason: High entropy (6.37)
2025-10-17 23:37:24 | iot_test_files/normal_encrypted/log_1760337299_8123.txt.encrypted | Confidence: 0.0% | Reason: Rapid file access (43 files)
2025-10-17 23:37:24 | iot_test_files/normal_encrypted/log_1760337299_8123.txt.encrypted | Confidence: 0.0% | Reason: Rapid file access (43 files)
2025-10-17 23:37:24 | iot_test_files/normal_encrypted/normal_file_0.txt.encrypted | Confidence: 0.0% | Reason: Rapid file access (18 files)
2025-10-17 23:37:24 | iot_test_files/normal_encrypted/normal_file_19.txt.encrypted | Confidence: 0.0% | Reason: Rapid file access (44 files)
2025-10-17 23:37:24 | iot_test_files/normal_encrypted/normal_file_0.txt.encrypted | Confidence: 0.0% | Reason: Rapid file access (18 files)
2025-10-17 23:37:24 | iot_test_files/normal_encrypted/normal_file_19.txt.encrypted | Confidence: 0.0% | Reason: Rapid file access (44 files)
2025-10-17 23:37:24 | iot_test_files/normal_encrypted/log_1760338308_6581.txt.encrypted | Confidence: 0.0% | Reason: High entropy (6.76)
2025-10-17 23:37:24 | iot_test_files/normal_encrypted/log_1760338308_6581.txt.encrypted | Confidence: 0.0% | Reason: High entropy (6.76)
2025-10-17 23:37:24 | iot_test_files/normal_encrypted/log_1760338308_6581.txt.encrypted | Confidence: 0.0% | Reason: Rapid file access (45 files)
2025-10-17 23:37:24 | iot_test_files/normal_encrypted/log_1760338308_6581.txt.encrypted | Confidence: 0.0% | Reason: Rapid file access (45 files)
2025-10-17 23:37:24 | iot_test_files/normal_encrypted/log_1760337347_4018.txt.encrypted | Confidence: 0.0% | Reason: High entropy (6.32)
2025-10-17 23:37:24 | iot_test_files/normal_encrypted/log_1760337347_4018.txt.encrypted | Confidence: 0.0% | Reason: High entropy (6.32)
2025-10-17 23:37:24 | iot_test_files/normal_encrypted/normal_file_4.txt.encrypted | Confidence: 0.0% | Reason: Rapid file access (46 files)
2025-10-17 23:37:24 | iot_test_files/normal_encrypted/normal_file_4.txt.encrypted | Confidence: 0.0% | Reason: Rapid file access (46 files)
2025-10-17 23:37:24 | iot_test_files/normal_encrypted/log_1760337347_4018.txt.encrypted | Confidence: 0.0% | Reason: Rapid file access (19 files)
2025-10-17 23:37:24 | iot_test_files/normal_encrypted/log_1760337347_4018.txt.encrypted | Confidence: 0.0% | Reason: Rapid file access (19 files)
2025-10-17 23:37:24 | iot_test_files/normal_encrypted/device_008.txt.encrypted.encrypted | Confidence: 0.0% | Reason: High entropy (6.36)
2025-10-17 23:37:24 | iot_test_files/normal_encrypted/device_008.txt.encrypted.encrypted | Confidence: 0.0% | Reason: High entropy (6.36)
2025-10-17 23:37:24 | iot_test_files/normal_encrypted/device_008.txt.encrypted.encrypted | Confidence: 0.0% | Reason: Rapid file access (47 files)
2025-10-17 23:37:24 | iot_test_files/normal_encrypted/device_008.txt.encrypted.encrypted | Confidence: 0.0% | Reason: Rapid file access (47 files)
2025-10-17 23:37:24 | iot_test_files/normal_encrypted/config_23_1760338313.txt.encrypted | Confidence: 0.0% | Reason: High entropy (6.29)
2025-10-17 23:37:24 | iot_test_files/normal_encrypted/config_23_1760338313.txt.encrypted | Confidence: 0.0% | Reason: High entropy (6.29)
2025-10-17 23:37:24 | iot_test_files/normal_encrypted/config_23_1760338313.txt.encrypted | Confidence: 0.0% | Reason: Rapid file access (48 files)
2025-10-17 23:37:24 | iot_test_files/normal_encrypted/config_23_1760338313.txt.encrypted | Confidence: 0.0% | Reason: Rapid file access (48 files)
2025-10-17 23:37:24 | iot_test_files/normal_encrypted/config_23_1760338313.txt.encrypted | Confidence: 0.0% | Reason: High entropy (6.29)
2025-10-17 23:37:24 | iot_test_files/normal_encrypted/config_23_1760338313.txt.encrypted | Confidence: 0.0% | Reason: High entropy (6.29)
2025-10-17 23:37:24 | iot_test_files/normal_encrypted/log_1760338465_6490.txt.encrypted | Confidence: 0.0% | Reason: High entropy (6.52)
2025-10-17 23:37:24 | iot_test_files/normal_encrypted/config_23_1760338313.txt.encrypted | Confidence: 0.0% | Reason: Rapid file access (49 files)
2025-10-17 23:37:24 | iot_test_files/normal_encrypted/config_23_1760338313.txt.encrypted | Confidence: 0.0% | Reason: Rapid file access (49 files)
2025-10-17 23:37:24 | iot_test_files/normal_encrypted/log_1760338465_6490.txt.encrypted | Confidence: 0.0% | Reason: High entropy (6.52)
2025-10-17 23:37:24 | iot_test_files/normal_encrypted/log_1760338151_4998.txt.encrypted | Confidence: 0.0% | Reason: High entropy (6.76)
2025-10-17 23:37:24 | iot_test_files/normal_encrypted/log_1760338151_4998.txt.encrypted | Confidence: 0.0% | Reason: High entropy (6.76)
2025-10-17 23:37:24 | iot_test_files/normal_encrypted/log_1760338151_4998.txt.encrypted | Confidence: 0.0% | Reason: Rapid file access (50 files)
2025-10-17 23:37:24 | iot_test_files/normal_encrypted/log_1760338151_4998.txt.encrypted | Confidence: 0.0% | Reason: Rapid file access (50 files)
2025-10-17 23:37:24 | iot_test_files/normal_encrypted/device_007.txt.encrypted.encrypted | Confidence: 0.0% | Reason: High entropy (6.46)
2025-10-17 23:37:24 | iot_test_files/normal_encrypted/device_007.txt.encrypted.encrypted | Confidence: 0.0% | Reason: High entropy (6.46)
2025-10-17 23:37:24 | iot_test_files/normal_encrypted/device_007.txt.encrypted.encrypted | Confidence: 0.0% | Reason: Rapid file access (51 files)
2025-10-17 23:37:24 | iot_test_files/normal_encrypted/device_007.txt.encrypted.encrypted | Confidence: 0.0% | Reason: Rapid file access (51 files)
2025-10-17 23:37:24 | iot_test_files/normal_encrypted/log_1760338465_6490.txt.encrypted | Confidence: 0.0% | Reason: Rapid file access (20 files)
2025-10-17 23:37:24 | iot_test_files/normal_encrypted/log_1760338465_6490.txt.encrypted | Confidence: 0.0% | Reason: Rapid file access (20 files)
2025-10-17 23:37:24 | iot_test_files/normal_encrypted/normal_file_16.txt.encrypted | Confidence: 0.0% | Reason: Rapid file access (21 files)
2025-10-17 23:37:24 | iot_test_files/normal_encrypted/normal_file_16.txt.encrypted | Confidence: 0.0% | Reason: Rapid file access (21 files)
2025-10-17 23:37:24 | iot_test_files/normal_encrypted/normal_file_12.txt.encrypted | Confidence: 0.0% | Reason: Rapid file access (52 files)
2025-10-17 23:37:24 | iot_test_files/normal_encrypted/normal_file_12.txt.encrypted | Confidence: 0.0% | Reason: Rapid file access (52 files)
2025-10-17 23:37:24 | iot_test_files/normal_encrypted/config_device_8.cfg.encrypted | Confidence: 0.0% | Reason: High entropy (6.96)
2025-10-17 23:37:24 | iot_test_files/normal_encrypted/config_device_8.cfg.encrypted | Confidence: 0.0% | Reason: High entropy (6.96)
2025-10-17 23:37:24 | iot_test_files/normal_encrypted/config_device_8.cfg.encrypted | Confidence: 0.0% | Reason: Rapid file access (53 files)
2025-10-17 23:37:24 | iot_test_files/normal_encrypted/config_device_8.cfg.encrypted | Confidence: 0.0% | Reason: Rapid file access (53 files)
2025-10-17 23:37:24 | iot_test_files/normal_encrypted/config_5_1760338301.txt.encrypted | Confidence: 0.0% | Reason: Rapid file access (54 files)
2025-10-17 23:37:24 | iot_test_files/normal_encrypted/config_5_1760338301.txt.encrypted | Confidence: 0.0% | Reason: Rapid file access (54 files)
2025-10-17 23:37:24 | iot_test_files/normal_encrypted/config_16_1760337003.txt.encrypted | Confidence: 0.0% | Reason: High entropy (6.70)
2025-10-17 23:37:24 | iot_test_files/normal_encrypted/config_5_1760338301.txt.encrypted | Confidence: 0.0% | Reason: Rapid file access (55 files)
2025-10-17 23:37:24 | iot_test_files/normal_encrypted/config_5_1760338301.txt.encrypted | Confidence: 0.0% | Reason: Rapid file access (55 files)
2025-10-17 23:37:24 | iot_test_files/normal_encrypted/config_16_1760337003.txt.encrypted | Confidence: 0.0% | Reason: High entropy (6.70)
2025-10-17 23:37:24 | iot_test_files/normal_encrypted/device_006.txt.encrypted.encrypted | Confidence: 0.0% | Reason: High entropy (6.52)
2025-10-17 23:37:24 | iot_test_files/normal_encrypted/device_006.txt.encrypted.encrypted | Confidence: 0.0% | Reason: High entropy (6.52)
2025-10-17 23:37:24 | iot_test_files/normal_encrypted/device_006.txt.encrypted.encrypted | Confidence: 0.0% | Reason: Rapid file access (56 files)
2025-10-17 23:37:24 | iot_test_files/normal_encrypted/config_16_1760337003.txt.encrypted | Confidence: 0.0% | Reason: Rapid file access (22 files)
2025-10-17 23:37:24 | iot_test_files/normal_encrypted/config_16_1760337003.txt.encrypted | Confidence: 0.0% | Reason: Rapid file access (22 files)
2025-10-17 23:37:24 | iot_test_files/normal_encrypted/device_006.txt.encrypted.encrypted | Confidence: 0.0% | Reason: Rapid file access (56 files)
2025-10-17 23:37:24 | iot_test_files/normal_encrypted/device_006.txt.encrypted.encrypted | Confidence: 0.0% | Reason: High entropy (6.52)
2025-10-17 23:37:24 | iot_test_files/normal_encrypted/device_006.txt.encrypted.encrypted | Confidence: 0.0% | Reason: High entropy (6.52)
2025-10-17 23:37:24 | iot_test_files/normal_encrypted/device_006.txt.encrypted.encrypted | Confidence: 0.0% | Reason: Rapid file access (57 files)
2025-10-17 23:37:24 | iot_test_files/normal_encrypted/device_006.txt.encrypted.encrypted | Confidence: 0.0% | Reason: Rapid file access (57 files)
2025-10-17 23:37:24 | iot_test_files/normal_encrypted/normal_file_18.txt.encrypted | Confidence: 0.0% | Reason: Rapid file access (58 files)
2025-10-17 23:37:24 | iot_test_files/normal_encrypted/normal_file_18.txt.encrypted | Confidence: 0.0% | Reason: Rapid file access (58 files)
2025-10-17 23:37:24 | iot_test_files/normal_encrypted/config_12_1760338529.txt.encrypted | Confidence: 0.0% | Reason: Rapid file access (59 files)
2025-10-17 23:37:24 | iot_test_files/normal_encrypted/config_12_1760338529.txt.encrypted | Confidence: 0.0% | Reason: Rapid file access (59 files)
2025-10-17 23:37:24 | iot_test_files/normal_encrypted/config_14_1760338637.txt.encrypted | Confidence: 0.0% | Reason: Rapid file access (23 files)
2025-10-17 23:37:24 | iot_test_files/normal_encrypted/config_12_1760338529.txt.encrypted | Confidence: 0.0% | Reason: Rapid file access (60 files)
2025-10-17 23:37:24 | iot_test_files/normal_encrypted/config_12_1760338529.txt.encrypted | Confidence: 0.0% | Reason: Rapid file access (60 files)
2025-10-17 23:37:24 | iot_test_files/normal_encrypted/config_14_1760338637.txt.encrypted | Confidence: 0.0% | Reason: Rapid file access (23 files)
2025-10-17 23:37:24 | iot_test_files/normal_encrypted/sensor_data_17.json.encrypted | Confidence: 0.0% | Reason: Rapid file access (61 files)
2025-10-17 23:37:24 | iot_test_files/normal_encrypted/sensor_data_17.json.encrypted | Confidence: 0.0% | Reason: Rapid file access (61 files)
2025-10-17 23:37:24 | iot_test_files/normal_encrypted/normal_file_15.txt.encrypted | Confidence: 0.0% | Reason: Rapid file access (62 files)
2025-10-17 23:37:24 | iot_test_files/normal_encrypted/normal_file_15.txt.encrypted | Confidence: 0.0% | Reason: Rapid file access (62 files)
2025-10-17 23:37:24 | iot_test_files/normal_encrypted/config_14_1760338637.txt.encrypted | Confidence: 0.0% | Reason: Rapid file access (24 files)
2025-10-17 23:37:24 | iot_test_files/normal_encrypted/device_003.txt.encrypted.encrypted | Confidence: 0.0% | Reason: High entropy (6.63)
2025-10-17 23:37:24 | iot_test_files/normal_encrypted/device_003.txt.encrypted.encrypted | Confidence: 0.0% | Reason: High entropy (6.63)
2025-10-17 23:37:24 | iot_test_files/normal_encrypted/config_14_1760338637.txt.encrypted | Confidence: 0.0% | Reason: Rapid file access (24 files)
2025-10-17 23:37:24 | iot_test_files/normal_encrypted/device_003.txt.encrypted.encrypted | Confidence: 0.0% | Reason: Rapid file access (63 files)
2025-10-17 23:37:24 | iot_test_files/normal_encrypted/device_003.txt.encrypted.encrypted | Confidence: 0.0% | Reason: Rapid file access (63 files)
2025-10-17 23:37:24 | iot_test_files/normal_encrypted/device_003.txt.encrypted.encrypted | Confidence: 0.0% | Reason: High entropy (6.63)
2025-10-17 23:37:24 | iot_test_files/normal_encrypted/log_1760337117_4953.txt.encrypted | Confidence: 0.0% | Reason: High entropy (6.75)
2025-10-17 23:37:24 | iot_test_files/normal_encrypted/device_003.txt.encrypted.encrypted | Confidence: 0.0% | Reason: High entropy (6.63)
2025-10-17 23:37:24 | iot_test_files/normal_encrypted/log_1760337117_4953.txt.encrypted | Confidence: 0.0% | Reason: High entropy (6.75)
2025-10-17 23:37:24 | iot_test_files/normal_encrypted/device_003.txt.encrypted.encrypted | Confidence: 0.0% | Reason: Rapid file access (64 files)
2025-10-17 23:37:24 | iot_test_files/normal_encrypted/device_003.txt.encrypted.encrypted | Confidence: 0.0% | Reason: Rapid file access (64 files)
2025-10-17 23:37:24 | iot_test_files/normal_encrypted/log_1760337117_4953.txt.encrypted | Confidence: 0.0% | Reason: Rapid file access (25 files)
2025-10-17 23:37:24 | iot_test_files/normal_encrypted/config_5_1760338277.txt.encrypted | Confidence: 0.0% | Reason: Rapid file access (65 files)
2025-10-17 23:37:24 | iot_test_files/normal_encrypted/config_5_1760338277.txt.encrypted | Confidence: 0.0% | Reason: Rapid file access (65 files)
2025-10-17 23:37:24 | iot_test_files/normal_encrypted/config_5_1760338277.txt.encrypted | Confidence: 0.0% | Reason: Rapid file access (66 files)
2025-10-17 23:37:24 | iot_test_files/normal_encrypted/config_5_1760338277.txt.encrypted | Confidence: 0.0% | Reason: Rapid file access (66 files)
2025-10-17 23:37:24 | iot_test_files/normal_encrypted/log_1760338506_9644.txt.encrypted | Confidence: 0.0% | Reason: High entropy (6.36)
2025-10-17 23:37:24 | iot_test_files/normal_encrypted/log_1760338506_9644.txt.encrypted | Confidence: 0.0% | Reason: High entropy (6.36)
2025-10-17 23:37:24 | iot_test_files/normal_encrypted/log_1760338506_9644.txt.encrypted | Confidence: 0.0% | Reason: Rapid file access (67 files)
2025-10-17 23:37:24 | iot_test_files/normal_encrypted/log_1760338506_9644.txt.encrypted | Confidence: 0.0% | Reason: Rapid file access (67 files)
2025-10-17 23:37:24 | iot_test_files/normal_encrypted/log_1760337117_4953.txt.encrypted | Confidence: 0.0% | Reason: Rapid file access (25 files)
2025-10-17 23:37:24 | iot_test_files/normal_encrypted/READ_ME_FOR_DECRYPT.txt | Confidence: 0.0% | Reason: Rapid file access (68 files)
2025-10-17 23:37:24 | iot_test_files/normal_encrypted/READ_ME_FOR_DECRYPT.txt | Confidence: 0.0% | Reason: Rapid file access (68 files)
2025-10-17 23:37:24 | iot_test_files/normal_encrypted/backup_data_15.dat.encrypted | Confidence: 0.0% | Reason: High entropy (7.17)
2025-10-17 23:37:24 | iot_test_files/normal_encrypted/backup_data_15.dat.encrypted | Confidence: 0.0% | Reason: High entropy (7.17)
2025-10-17 23:37:24 | iot_test_files/normal_encrypted/backup_data_15.dat.encrypted | Confidence: 0.0% | Reason: Rapid file access (26 files)
2025-10-17 23:37:24 | iot_test_files/normal_encrypted/backup_data_15.dat.encrypted | Confidence: 0.0% | Reason: Rapid file access (26 files)
2025-10-17 23:37:24 | iot_test_files/normal_encrypted/log_1760337837_7357.txt.encrypted | Confidence: 0.0% | Reason: High entropy (6.83)
2025-10-17 23:37:24 | iot_test_files/normal_encrypted/log_1760337837_7357.txt.encrypted | Confidence: 0.0% | Reason: High entropy (6.83)
2025-10-17 23:37:24 | iot_test_files/normal_encrypted/log_1760337837_7357.txt.encrypted | Confidence: 0.0% | Reason: Rapid file access (27 files)
2025-10-17 23:37:24 | iot_test_files/normal_encrypted/log_1760337837_7357.txt.encrypted | Confidence: 0.0% | Reason: Rapid file access (27 files)
2025-10-17 23:37:24 | iot_test_files/normal_encrypted/log_1760338453_9813.txt.encrypted | Confidence: 0.0% | Reason: High entropy (6.30)
2025-10-17 23:37:24 | iot_test_files/normal_encrypted/log_1760338453_9813.txt.encrypted | Confidence: 0.0% | Reason: High entropy (6.30)
2025-10-17 23:37:24 | iot_test_files/normal_encrypted/log_1760338453_9813.txt.encrypted | Confidence: 0.0% | Reason: Rapid file access (28 files)
2025-10-17 23:37:24 | iot_test_files/normal_encrypted/log_1760338453_9813.txt.encrypted | Confidence: 0.0% | Reason: Rapid file access (28 files)
2025-10-17 23:37:24 | iot_test_files/normal_encrypted/log_1760338453_9813.txt.encrypted | Confidence: 0.0% | Reason: High entropy (6.30)
2025-10-17 23:37:24 | iot_test_files/normal_encrypted/log_1760338453_9813.txt.encrypted | Confidence: 0.0% | Reason: High entropy (6.30)
2025-10-17 23:37:24 | iot_test_files/normal_encrypted/log_1760338453_9813.txt.encrypted | Confidence: 0.0% | Reason: Rapid file access (29 files)
2025-10-17 23:37:24 | iot_test_files/normal_encrypted/log_1760338453_9813.txt.encrypted | Confidence: 0.0% | Reason: Rapid file access (29 files)
2025-10-17 23:37:24 | iot_test_files/normal_encrypted/config_12_1760338241.txt.encrypted | Confidence: 0.0% | Reason: High entropy (6.71)
2025-10-17 23:37:24 | iot_test_files/normal_encrypted/config_12_1760338241.txt.encrypted | Confidence: 0.0% | Reason: High entropy (6.71)
2025-10-17 23:37:24 | iot_test_files/normal_encrypted/config_12_1760338241.txt.encrypted | Confidence: 0.0% | Reason: Rapid file access (30 files)
2025-10-17 23:37:24 | iot_test_files/normal_encrypted/config_12_1760338241.txt.encrypted | Confidence: 0.0% | Reason: Rapid file access (30 files)
2025-10-17 23:37:24 | iot_test_files/normal_encrypted/config_12_1760338241.txt.encrypted | Confidence: 0.0% | Reason: High entropy (6.71)
2025-10-17 23:37:24 | iot_test_files/normal_encrypted/config_12_1760338241.txt.encrypted | Confidence: 0.0% | Reason: High entropy (6.71)
2025-10-17 23:37:24 | iot_test_files/normal_encrypted/config_12_1760338241.txt.encrypted | Confidence: 0.0% | Reason: Rapid file access (31 files)
2025-10-17 23:37:24 | iot_test_files/normal_encrypted/config_12_1760338241.txt.encrypted | Confidence: 0.0% | Reason: Rapid file access (31 files)
2025-10-17 23:37:24 | iot_test_files/normal_encrypted/log_1760338429_6970.txt.encrypted | Confidence: 0.0% | Reason: High entropy (6.40)
2025-10-17 23:37:24 | iot_test_files/normal_encrypted/log_1760338429_6970.txt.encrypted | Confidence: 0.0% | Reason: High entropy (6.40)
2025-10-17 23:37:24 | iot_test_files/normal_encrypted/log_1760338429_6970.txt.encrypted | Confidence: 0.0% | Reason: Rapid file access (32 files)
2025-10-17 23:37:24 | iot_test_files/normal_encrypted/log_1760338429_6970.txt.encrypted | Confidence: 0.0% | Reason: Rapid file access (32 files)
2025-10-17 23:37:24 | iot_test_files/normal_encrypted/device_001.txt.encrypted.encrypted | Confidence: 0.0% | Reason: High entropy (6.47)
2025-10-17 23:37:24 | iot_test_files/normal_encrypted/device_001.txt.encrypted.encrypted | Confidence: 0.0% | Reason: High entropy (6.47)
2025-10-17 23:37:24 | iot_test_files/normal_encrypted/device_001.txt.encrypted.encrypted | Confidence: 0.0% | Reason: Rapid file access (33 files)
2025-10-17 23:37:24 | iot_test_files/normal_encrypted/device_001.txt.encrypted.encrypted | Confidence: 0.0% | Reason: Rapid file access (33 files)
2025-10-17 23:37:24 | iot_test_files/normal_encrypted/config_29_1760338253.txt.encrypted | Confidence: 0.0% | Reason: Rapid file access (34 files)
2025-10-17 23:37:24 | iot_test_files/normal_encrypted/config_29_1760338253.txt.encrypted | Confidence: 0.0% | Reason: Rapid file access (34 files)
2025-10-17 23:37:24 | iot_test_files/normal_encrypted/config_29_1760338253.txt.encrypted | Confidence: 0.0% | Reason: Rapid file access (35 files)
2025-10-17 23:37:24 | iot_test_files/normal_encrypted/config_29_1760338253.txt.encrypted | Confidence: 0.0% | Reason: Rapid file access (35 files)
2025-10-17 23:37:24 | iot_test_files/normal_encrypted/normal_file_1.txt.encrypted | Confidence: 0.0% | Reason: Rapid file access (36 files)
2025-10-17 23:37:24 | iot_test_files/normal_encrypted/normal_file_1.txt.encrypted | Confidence: 0.0% | Reason: Rapid file access (36 files)
2025-10-17 23:37:24 | iot_test_files/normal_encrypted/config_device_0.cfg.encrypted | Confidence: 0.0% | Reason: High entropy (7.50)
2025-10-17 23:37:24 | iot_test_files/normal_encrypted/config_device_0.cfg.encrypted | Confidence: 0.0% | Reason: High entropy (7.50)
2025-10-17 23:37:24 | iot_test_files/normal_encrypted/config_device_0.cfg.encrypted | Confidence: 0.0% | Reason: Rapid file access (37 files)
2025-10-17 23:37:24 | iot_test_files/normal_encrypted/config_device_0.cfg.encrypted | Confidence: 0.0% | Reason: Rapid file access (37 files)
2025-10-17 23:37:24 | iot_test_files/normal_encrypted/log_1760338356_5549.txt.encrypted | Confidence: 0.0% | Reason: High entropy (6.38)
2025-10-17 23:37:24 | iot_test_files/normal_encrypted/log_1760338356_5549.txt.encrypted | Confidence: 0.0% | Reason: High entropy (6.38)
2025-10-17 23:37:24 | iot_test_files/normal_encrypted/log_1760338356_5549.txt.encrypted | Confidence: 0.0% | Reason: Rapid file access (38 files)
2025-10-17 23:37:24 | iot_test_files/normal_encrypted/log_1760338356_5549.txt.encrypted | Confidence: 0.0% | Reason: Rapid file access (38 files)
2025-10-17 23:37:24 | iot_test_files/normal_encrypted/log_1760336629_7095.txt.encrypted | Confidence: 0.0% | Reason: High entropy (6.95)
2025-10-17 23:37:24 | iot_test_files/normal_encrypted/log_1760336629_7095.txt.encrypted | Confidence: 0.0% | Reason: High entropy (6.95)
2025-10-17 23:37:24 | iot_test_files/normal_encrypted/log_1760336629_7095.txt.encrypted | Confidence: 0.0% | Reason: Rapid file access (39 files)
2025-10-17 23:37:24 | iot_test_files/normal_encrypted/log_1760336629_7095.txt.encrypted | Confidence: 0.0% | Reason: Rapid file access (39 files)
2025-10-17 23:37:24 | iot_test_files/normal_encrypted/device_004.txt.encrypted.encrypted | Confidence: 0.0% | Reason: High entropy (6.40)
2025-10-17 23:37:24 | iot_test_files/normal_encrypted/device_004.txt.encrypted.encrypted | Confidence: 0.0% | Reason: High entropy (6.40)
2025-10-17 23:37:24 | iot_test_files/normal_encrypted/device_004.txt.encrypted.encrypted | Confidence: 0.0% | Reason: Rapid file access (40 files)
2025-10-17 23:37:24 | iot_test_files/normal_encrypted/device_004.txt.encrypted.encrypted | Confidence: 0.0% | Reason: Rapid file access (40 files)
2025-10-17 23:37:24 | iot_test_files/normal_encrypted/device_004.txt.encrypted.encrypted | Confidence: 0.0% | Reason: High entropy (6.40)
2025-10-17 23:37:24 | iot_test_files/normal_encrypted/device_004.txt.encrypted.encrypted | Confidence: 0.0% | Reason: High entropy (6.40)
2025-10-17 23:37:24 | iot_test_files/normal_encrypted/device_004.txt.encrypted.encrypted | Confidence: 0.0% | Reason: Rapid file access (41 files)
2025-10-17 23:37:24 | iot_test_files/normal_encrypted/device_004.txt.encrypted.encrypted | Confidence: 0.0% | Reason: Rapid file access (41 files)
2025-10-17 23:37:24 | iot_test_files/normal_encrypted/normal_file_8.txt.encrypted | Confidence: 0.0% | Reason: Rapid file access (42 files)
2025-10-17 23:37:24 | iot_test_files/normal_encrypted/normal_file_8.txt.encrypted | Confidence: 0.0% | Reason: Rapid file access (42 files)
2025-10-17 23:37:24 | iot_test_files/normal_encrypted/log_1760337299_8123.txt.encrypted | Confidence: 0.0% | Reason: High entropy (6.37)
2025-10-17 23:37:24 | iot_test_files/normal_encrypted/log_1760337299_8123.txt.encrypted | Confidence: 0.0% | Reason: High entropy (6.37)
2025-10-17 23:37:24 | iot_test_files/normal_encrypted/log_1760337299_8123.txt.encrypted | Confidence: 0.0% | Reason: Rapid file access (43 files)
2025-10-17 23:37:24 | iot_test_files/normal_encrypted/log_1760337299_8123.txt.encrypted | Confidence: 0.0% | Reason: Rapid file access (43 files)
2025-10-17 23:37:24 | iot_test_files/normal_encrypted/normal_file_19.txt.encrypted | Confidence: 0.0% | Reason: Rapid file access (44 files)
2025-10-17 23:37:24 | iot_test_files/normal_encrypted/normal_file_19.txt.encrypted | Confidence: 0.0% | Reason: Rapid file access (44 files)
2025-10-17 23:37:24 | iot_test_files/normal_encrypted/log_1760338308_6581.txt.encrypted | Confidence: 0.0% | Reason: High entropy (6.76)
2025-10-17 23:37:24 | iot_test_files/normal_encrypted/log_1760338308_6581.txt.encrypted | Confidence: 0.0% | Reason: High entropy (6.76)
2025-10-17 23:37:24 | iot_test_files/normal_encrypted/log_1760338308_6581.txt.encrypted | Confidence: 0.0% | Reason: Rapid file access (45 files)
2025-10-17 23:37:24 | iot_test_files/normal_encrypted/log_1760338308_6581.txt.encrypted | Confidence: 0.0% | Reason: Rapid file access (45 files)
2025-10-17 23:37:24 | iot_test_files/normal_encrypted/normal_file_4.txt.encrypted | Confidence: 0.0% | Reason: Rapid file access (46 files)
2025-10-17 23:37:24 | iot_test_files/normal_encrypted/normal_file_4.txt.encrypted | Confidence: 0.0% | Reason: Rapid file access (46 files)
2025-10-17 23:37:24 | iot_test_files/normal_encrypted/device_008.txt.encrypted.encrypted | Confidence: 0.0% | Reason: High entropy (6.36)
2025-10-17 23:37:24 | iot_test_files/normal_encrypted/device_008.txt.encrypted.encrypted | Confidence: 0.0% | Reason: High entropy (6.36)
2025-10-17 23:37:24 | iot_test_files/normal_encrypted/device_008.txt.encrypted.encrypted | Confidence: 0.0% | Reason: Rapid file access (47 files)
2025-10-17 23:37:24 | iot_test_files/normal_encrypted/device_008.txt.encrypted.encrypted | Confidence: 0.0% | Reason: Rapid file access (47 files)
2025-10-17 23:37:24 | iot_test_files/normal_encrypted/config_23_1760338313.txt.encrypted | Confidence: 0.0% | Reason: High entropy (6.29)
2025-10-17 23:37:24 | iot_test_files/normal_encrypted/config_23_1760338313.txt.encrypted | Confidence: 0.0% | Reason: High entropy (6.29)
2025-10-17 23:37:24 | iot_test_files/normal_encrypted/config_23_1760338313.txt.encrypted | Confidence: 0.0% | Reason: Rapid file access (48 files)
2025-10-17 23:37:24 | iot_test_files/normal_encrypted/config_23_1760338313.txt.encrypted | Confidence: 0.0% | Reason: Rapid file access (48 files)
2025-10-17 23:37:24 | iot_test_files/normal_encrypted/config_23_1760338313.txt.encrypted | Confidence: 0.0% | Reason: High entropy (6.29)
2025-10-17 23:37:24 | iot_test_files/normal_encrypted/config_23_1760338313.txt.encrypted | Confidence: 0.0% | Reason: High entropy (6.29)
2025-10-17 23:37:24 | iot_test_files/normal_encrypted/config_23_1760338313.txt.encrypted | Confidence: 0.0% | Reason: Rapid file access (49 files)
2025-10-17 23:37:24 | iot_test_files/normal_encrypted/config_23_1760338313.txt.encrypted | Confidence: 0.0% | Reason: Rapid file access (49 files)
2025-10-17 23:37:24 | iot_test_files/normal_encrypted/log_1760338151_4998.txt.encrypted | Confidence: 0.0% | Reason: High entropy (6.76)
2025-10-17 23:37:24 | iot_test_files/normal_encrypted/log_1760338151_4998.txt.encrypted | Confidence: 0.0% | Reason: High entropy (6.76)
2025-10-17 23:37:24 | iot_test_files/normal_encrypted/log_1760338151_4998.txt.encrypted | Confidence: 0.0% | Reason: Rapid file access (50 files)
2025-10-17 23:37:24 | iot_test_files/normal_encrypted/log_1760338151_4998.txt.encrypted | Confidence: 0.0% | Reason: Rapid file access (50 files)
2025-10-17 23:37:25 | iot_test_files/normal_encrypted/device_007.txt.encrypted.encrypted | Confidence: 0.0% | Reason: High entropy (6.46)
2025-10-17 23:37:25 | iot_test_files/normal_encrypted/device_007.txt.encrypted.encrypted | Confidence: 0.0% | Reason: High entropy (6.46)
2025-10-17 23:37:25 | iot_test_files/normal_encrypted/device_007.txt.encrypted.encrypted | Confidence: 0.0% | Reason: Rapid file access (51 files)
2025-10-17 23:37:25 | iot_test_files/normal_encrypted/device_007.txt.encrypted.encrypted | Confidence: 0.0% | Reason: Rapid file access (51 files)
2025-10-17 23:37:25 | iot_test_files/normal_encrypted/normal_file_12.txt.encrypted | Confidence: 0.0% | Reason: Rapid file access (52 files)
2025-10-17 23:37:25 | iot_test_files/normal_encrypted/normal_file_12.txt.encrypted | Confidence: 0.0% | Reason: Rapid file access (52 files)
2025-10-17 23:37:25 | iot_test_files/normal_encrypted/config_device_8.cfg.encrypted | Confidence: 0.0% | Reason: High entropy (6.96)
2025-10-17 23:37:25 | iot_test_files/normal_encrypted/config_device_8.cfg.encrypted | Confidence: 0.0% | Reason: High entropy (6.96)
2025-10-17 23:37:25 | iot_test_files/normal_encrypted/config_device_8.cfg.encrypted | Confidence: 0.0% | Reason: Rapid file access (53 files)
2025-10-17 23:37:25 | iot_test_files/normal_encrypted/config_device_8.cfg.encrypted | Confidence: 0.0% | Reason: Rapid file access (53 files)
2025-10-17 23:37:25 | iot_test_files/normal_encrypted/config_5_1760338301.txt.encrypted | Confidence: 0.0% | Reason: Rapid file access (54 files)
2025-10-17 23:37:25 | iot_test_files/normal_encrypted/config_5_1760338301.txt.encrypted | Confidence: 0.0% | Reason: Rapid file access (54 files)
2025-10-17 23:37:25 | iot_test_files/normal_encrypted/config_5_1760338301.txt.encrypted | Confidence: 0.0% | Reason: Rapid file access (55 files)
2025-10-17 23:37:25 | iot_test_files/normal_encrypted/config_5_1760338301.txt.encrypted | Confidence: 0.0% | Reason: Rapid file access (55 files)
2025-10-17 23:37:25 | iot_test_files/normal_encrypted/device_006.txt.encrypted.encrypted | Confidence: 0.0% | Reason: High entropy (6.52)
2025-10-17 23:37:25 | iot_test_files/normal_encrypted/device_006.txt.encrypted.encrypted | Confidence: 0.0% | Reason: High entropy (6.52)
2025-10-17 23:37:25 | iot_test_files/normal_encrypted/device_006.txt.encrypted.encrypted | Confidence: 0.0% | Reason: Rapid file access (56 files)
2025-10-17 23:37:25 | iot_test_files/normal_encrypted/device_006.txt.encrypted.encrypted | Confidence: 0.0% | Reason: Rapid file access (56 files)
2025-10-17 23:37:25 | iot_test_files/normal_encrypted/device_006.txt.encrypted.encrypted | Confidence: 0.0% | Reason: High entropy (6.52)
2025-10-17 23:37:25 | iot_test_files/normal_encrypted/device_006.txt.encrypted.encrypted | Confidence: 0.0% | Reason: High entropy (6.52)
2025-10-17 23:37:25 | iot_test_files/normal_encrypted/device_006.txt.encrypted.encrypted | Confidence: 0.0% | Reason: Rapid file access (57 files)
2025-10-17 23:37:25 | iot_test_files/normal_encrypted/device_006.txt.encrypted.encrypted | Confidence: 0.0% | Reason: Rapid file access (57 files)
2025-10-17 23:37:25 | iot_test_files/normal_encrypted/normal_file_18.txt.encrypted | Confidence: 0.0% | Reason: Rapid file access (58 files)
2025-10-17 23:37:25 | iot_test_files/normal_encrypted/normal_file_18.txt.encrypted | Confidence: 0.0% | Reason: Rapid file access (58 files)
2025-10-17 23:37:25 | iot_test_files/normal_encrypted/config_12_1760338529.txt.encrypted | Confidence: 0.0% | Reason: Rapid file access (59 files)
2025-10-17 23:37:25 | iot_test_files/normal_encrypted/config_12_1760338529.txt.encrypted | Confidence: 0.0% | Reason: Rapid file access (59 files)
2025-10-17 23:37:25 | iot_test_files/normal_encrypted/config_12_1760338529.txt.encrypted | Confidence: 0.0% | Reason: Rapid file access (60 files)
2025-10-17 23:37:25 | iot_test_files/normal_encrypted/config_12_1760338529.txt.encrypted | Confidence: 0.0% | Reason: Rapid file access (60 files)
2025-10-17 23:37:25 | iot_test_files/normal_encrypted/sensor_data_17.json.encrypted | Confidence: 0.0% | Reason: Rapid file access (61 files)
2025-10-17 23:37:25 | iot_test_files/normal_encrypted/sensor_data_17.json.encrypted | Confidence: 0.0% | Reason: Rapid file access (61 files)
2025-10-17 23:37:25 | iot_test_files/normal_encrypted/normal_file_15.txt.encrypted | Confidence: 0.0% | Reason: Rapid file access (62 files)
2025-10-17 23:37:25 | iot_test_files/normal_encrypted/normal_file_15.txt.encrypted | Confidence: 0.0% | Reason: Rapid file access (62 files)
2025-10-17 23:37:25 | iot_test_files/normal_encrypted/device_003.txt.encrypted.encrypted | Confidence: 0.0% | Reason: High entropy (6.63)
2025-10-17 23:37:25 | iot_test_files/normal_encrypted/device_003.txt.encrypted.encrypted | Confidence: 0.0% | Reason: High entropy (6.63)
2025-10-17 23:37:25 | iot_test_files/normal_encrypted/device_003.txt.encrypted.encrypted | Confidence: 0.0% | Reason: Rapid file access (63 files)
2025-10-17 23:37:25 | iot_test_files/normal_encrypted/device_003.txt.encrypted.encrypted | Confidence: 0.0% | Reason: Rapid file access (63 files)
2025-10-17 23:37:25 | iot_test_files/normal_encrypted/device_003.txt.encrypted.encrypted | Confidence: 0.0% | Reason: High entropy (6.63)
2025-10-17 23:37:25 | iot_test_files/normal_encrypted/device_003.txt.encrypted.encrypted | Confidence: 0.0% | Reason: High entropy (6.63)
2025-10-17 23:37:25 | iot_test_files/normal_encrypted/device_003.txt.encrypted.encrypted | Confidence: 0.0% | Reason: Rapid file access (64 files)
2025-10-17 23:37:25 | iot_test_files/normal_encrypted/device_003.txt.encrypted.encrypted | Confidence: 0.0% | Reason: Rapid file access (64 files)
2025-10-17 23:37:25 | iot_test_files/normal_encrypted/config_5_1760338277.txt.encrypted | Confidence: 0.0% | Reason: Rapid file access (65 files)
2025-10-17 23:37:25 | iot_test_files/normal_encrypted/config_5_1760338277.txt.encrypted | Confidence: 0.0% | Reason: Rapid file access (65 files)
2025-10-17 23:37:25 | iot_test_files/normal_encrypted/config_5_1760338277.txt.encrypted | Confidence: 0.0% | Reason: Rapid file access (66 files)
2025-10-17 23:37:25 | iot_test_files/normal_encrypted/config_5_1760338277.txt.encrypted | Confidence: 0.0% | Reason: Rapid file access (66 files)
2025-10-17 23:37:25 | iot_test_files/normal_encrypted/log_1760338506_9644.txt.encrypted | Confidence: 0.0% | Reason: High entropy (6.36)
2025-10-17 23:37:25 | iot_test_files/normal_encrypted/log_1760338506_9644.txt.encrypted | Confidence: 0.0% | Reason: High entropy (6.36)
2025-10-17 23:37:25 | iot_test_files/normal_encrypted/log_1760338506_9644.txt.encrypted | Confidence: 0.0% | Reason: Rapid file access (67 files)
2025-10-17 23:37:25 | iot_test_files/normal_encrypted/log_1760338506_9644.txt.encrypted | Confidence: 0.0% | Reason: Rapid file access (67 files)
2025-10-17 23:37:25 | iot_test_files/normal_encrypted/READ_ME_FOR_DECRYPT.txt | Confidence: 0.0% | Reason: Rapid file access (68 files)
2025-10-17 23:37:25 | iot_test_files/normal_encrypted/READ_ME_FOR_DECRYPT.txt | Confidence: 0.0% | Reason: Rapid file access (68 files)
2025-10-17 23:50:59 | iot_test_files/normal/normal_file_14.txt | Confidence: 0.0% | Reason: Rapid file access (16 files)
2025-10-17 23:50:59 | iot_test_files/normal/normal_file_14.txt | Confidence: 0.0% | Reason: Rapid file access (16 files)
2025-10-17 23:50:59 | iot_test_files/normal/normal_file_15.txt | Confidence: 0.0% | Reason: Rapid file access (17 files)
2025-10-17 23:50:59 | iot_test_files/normal/normal_file_15.txt | Confidence: 0.0% | Reason: Rapid file access (17 files)
2025-10-17 23:50:59,564 - ALERT - I/O error accessing iot_test_files/normal/normal_file_8.txt: [Errno 2] No such file or directory: 'iot_test_files/normal/normal_file_8.txt'. Skipping analysis.
2025-10-17 23:50:59 | iot_test_files/normal/normal_file_15.txt | Confidence: 0.0% | Reason: Rapid file access (16 files)
2025-10-17 23:50:59 | iot_test_files/normal/normal_file_15.txt | Confidence: 0.0% | Reason: Rapid file access (16 files)
2025-10-17 23:50:59 | iot_test_files/normal/normal_file_16.txt | Confidence: 0.0% | Reason: Rapid file access (18 files)
2025-10-17 23:50:59 | iot_test_files/normal/normal_file_16.txt | Confidence: 0.0% | Reason: Rapid file access (18 files)
2025-10-17 23:50:59 | iot_test_files/normal/normal_file_17.txt | Confidence: 0.0% | Reason: Rapid file access (19 files)
2025-10-17 23:50:59 | iot_test_files/normal/normal_file_17.txt | Confidence: 0.0% | Reason: Rapid file access (19 files)
2025-10-17 23:50:59 | iot_test_files/normal/normal_file_18.txt | Confidence: 0.0% | Reason: Rapid file access (20 files)
2025-10-17 23:50:59 | iot_test_files/normal/normal_file_18.txt | Confidence: 0.0% | Reason: Rapid file access (20 files)
2025-10-17 23:50:59 | iot_test_files/normal/normal_file_16.txt | Confidence: 0.0% | Reason: Rapid file access (17 files)
2025-10-17 23:50:59 | iot_test_files/normal/normal_file_19.txt | Confidence: 0.0% | Reason: Rapid file access (21 files)
2025-10-17 23:50:59 | iot_test_files/normal/normal_file_16.txt | Confidence: 0.0% | Reason: Rapid file access (17 files)
2025-10-17 23:50:59 | iot_test_files/normal/normal_file_19.txt | Confidence: 0.0% | Reason: Rapid file access (21 files)
2025-10-17 23:50:59 | iot_test_files/normal/normal_file_17.txt | Confidence: 0.0% | Reason: Rapid file access (18 files)
2025-10-17 23:50:59 | iot_test_files/normal/normal_file_17.txt | Confidence: 0.0% | Reason: Rapid file access (18 files)
2025-10-17 23:50:59 | iot_test_files/normal/normal_file_18.txt | Confidence: 0.0% | Reason: Rapid file access (19 files)
2025-10-17 23:50:59 | iot_test_files/normal/normal_file_18.txt | Confidence: 0.0% | Reason: Rapid file access (19 files)
2025-10-17 23:50:59 | iot_test_files/normal/normal_file_19.txt | Confidence: 0.0% | Reason: Rapid file access (20 files)
2025-10-17 23:50:59 | iot_test_files/normal/normal_file_19.txt | Confidence: 0.0% | Reason: Rapid file access (20 files)
2025-10-17 23:51:09 | iot_test_files/normal_encrypted/config_16_1760337003.txt.encrypted | Confidence: 0.0% | Reason: High entropy (6.68)
2025-10-17 23:51:09 | iot_test_files/normal_encrypted/config_16_1760337003.txt.encrypted | Confidence: 0.0% | Reason: High entropy (6.68)
2025-10-17 23:51:09 | iot_test_files/normal_encrypted/device_001.txt.encrypted.encrypted | Confidence: 0.0% | Reason: High entropy (6.43)
2025-10-17 23:51:09 | iot_test_files/normal_encrypted/device_001.txt.encrypted.encrypted | Confidence: 0.0% | Reason: High entropy (6.43)
2025-10-17 23:51:09 | iot_test_files/normal_encrypted/config_16_1760337003.txt.encrypted | Confidence: 0.0% | Reason: High entropy (6.68)
2025-10-17 23:51:09 | iot_test_files/normal_encrypted/config_16_1760337003.txt.encrypted | Confidence: 0.0% | Reason: High entropy (6.68)
2025-10-17 23:51:09 | iot_test_files/normal_encrypted/log_1760337178_3358.txt.encrypted | Confidence: 0.0% | Reason: High entropy (6.42)
2025-10-17 23:51:09 | iot_test_files/normal_encrypted/log_1760337178_3358.txt.encrypted | Confidence: 0.0% | Reason: High entropy (6.42)
2025-10-17 23:51:09 | iot_test_files/normal_encrypted/log_1760337323_9773.txt.encrypted | Confidence: 0.0% | Reason: High entropy (6.33)
2025-10-17 23:51:09 | iot_test_files/normal_encrypted/log_1760337323_9773.txt.encrypted | Confidence: 0.0% | Reason: High entropy (6.33)
2025-10-17 23:51:09 | iot_test_files/normal_encrypted/system_log_10.log.encrypted | Confidence: 0.0% | Reason: High entropy (6.97)
2025-10-17 23:51:09 | iot_test_files/normal_encrypted/system_log_10.log.encrypted | Confidence: 0.0% | Reason: High entropy (6.97)
2025-10-17 23:51:09 | iot_test_files/normal_encrypted/log_1760338506_9644.txt.encrypted | Confidence: 0.0% | Reason: High entropy (6.47)
2025-10-17 23:51:09 | iot_test_files/normal_encrypted/log_1760338506_9644.txt.encrypted | Confidence: 0.0% | Reason: High entropy (6.47)
2025-10-17 23:51:09 | iot_test_files/normal_encrypted/device_001.txt.encrypted.encrypted | Confidence: 0.0% | Reason: High entropy (6.43)
2025-10-17 23:51:09 | iot_test_files/normal_encrypted/config_35_1760338205.txt.encrypted | Confidence: 0.0% | Reason: High entropy (6.26)
2025-10-17 23:51:09 | iot_test_files/normal_encrypted/config_35_1760338205.txt.encrypted | Confidence: 0.0% | Reason: High entropy (6.26)
2025-10-17 23:51:09 | iot_test_files/normal_encrypted/device_001.txt.encrypted.encrypted | Confidence: 0.0% | Reason: High entropy (6.43)
2025-10-17 23:51:09 | iot_test_files/normal_encrypted/log_1760338429_6970.txt.encrypted | Confidence: 0.0% | Reason: High entropy (6.37)
2025-10-17 23:51:09 | iot_test_files/normal_encrypted/log_1760338429_6970.txt.encrypted | Confidence: 0.0% | Reason: High entropy (6.37)
2025-10-17 23:51:09 | iot_test_files/normal_encrypted/config_24_1760338085.txt.encrypted | Confidence: 0.0% | Reason: High entropy (6.58)
2025-10-17 23:51:09 | iot_test_files/normal_encrypted/config_24_1760338085.txt.encrypted | Confidence: 0.0% | Reason: High entropy (6.58)
2025-10-17 23:51:09 | iot_test_files/normal_encrypted/log_1760338175_8534.txt.encrypted | Confidence: 0.0% | Reason: High entropy (6.54)
2025-10-17 23:51:09 | iot_test_files/normal_encrypted/log_1760338175_8534.txt.encrypted | Confidence: 0.0% | Reason: High entropy (6.54)
2025-10-17 23:51:09 | iot_test_files/normal_encrypted/device_008.txt.encrypted.encrypted | Confidence: 0.0% | Reason: High entropy (6.41)
2025-10-17 23:51:09 | iot_test_files/normal_encrypted/device_008.txt.encrypted.encrypted | Confidence: 0.0% | Reason: High entropy (6.41)
2025-10-17 23:51:09 | iot_test_files/normal_encrypted/normal_file_12.txt.encrypted | Confidence: 0.0% | Reason: Rapid file access (16 files)
2025-10-17 23:51:09 | iot_test_files/normal_encrypted/normal_file_12.txt.encrypted | Confidence: 0.0% | Reason: Rapid file access (16 files)
2025-10-17 23:51:09 | iot_test_files/normal_encrypted/READ_ME_FOR_DECRYPT.txt.encrypted | Confidence: 0.0% | Reason: High entropy (6.97)
2025-10-17 23:51:09 | iot_test_files/normal_encrypted/READ_ME_FOR_DECRYPT.txt.encrypted | Confidence: 0.0% | Reason: High entropy (6.97)
2025-10-17 23:51:09 | iot_test_files/normal_encrypted/READ_ME_FOR_DECRYPT.txt.encrypted | Confidence: 0.0% | Reason: Rapid file access (17 files)
2025-10-17 23:51:09 | iot_test_files/normal_encrypted/READ_ME_FOR_DECRYPT.txt.encrypted | Confidence: 0.0% | Reason: Rapid file access (17 files)
2025-10-17 23:51:09 | iot_test_files/normal_encrypted/backup_data_15.dat.encrypted | Confidence: 0.0% | Reason: High entropy (7.13)
2025-10-17 23:51:09 | iot_test_files/normal_encrypted/backup_data_15.dat.encrypted | Confidence: 0.0% | Reason: High entropy (7.13)
2025-10-17 23:51:09 | iot_test_files/normal_encrypted/log_1760337178_3358.txt.encrypted | Confidence: 0.0% | Reason: High entropy (6.42)
2025-10-17 23:51:09 | iot_test_files/normal_encrypted/backup_data_15.dat.encrypted | Confidence: 0.0% | Reason: Rapid file access (18 files)
2025-10-17 23:51:09 | iot_test_files/normal_encrypted/backup_data_15.dat.encrypted | Confidence: 0.0% | Reason: Rapid file access (18 files)
2025-10-17 23:51:09 | iot_test_files/normal_encrypted/backup_data_15.dat.encrypted | Confidence: 0.0% | Reason: High entropy (7.13)
2025-10-17 23:51:09 | iot_test_files/normal_encrypted/backup_data_15.dat.encrypted | Confidence: 0.0% | Reason: High entropy (7.13)
2025-10-17 23:51:09 | iot_test_files/normal_encrypted/log_1760337178_3358.txt.encrypted | Confidence: 0.0% | Reason: High entropy (6.42)
2025-10-17 23:51:09 | iot_test_files/normal_encrypted/backup_data_15.dat.encrypted | Confidence: 0.0% | Reason: Rapid file access (19 files)
2025-10-17 23:51:09 | iot_test_files/normal_encrypted/backup_data_15.dat.encrypted | Confidence: 0.0% | Reason: Rapid file access (19 files)
2025-10-17 23:51:09 | iot_test_files/normal_encrypted/config_29_1760338253.txt.encrypted | Confidence: 0.0% | Reason: Rapid file access (20 files)
2025-10-17 23:51:09 | iot_test_files/normal_encrypted/config_29_1760338253.txt.encrypted | Confidence: 0.0% | Reason: Rapid file access (20 files)
2025-10-17 23:51:09 | iot_test_files/normal_encrypted/log_1760338417_8571.txt.encrypted | Confidence: 0.0% | Reason: High entropy (6.33)
2025-10-17 23:51:09 | iot_test_files/normal_encrypted/log_1760338417_8571.txt.encrypted | Confidence: 0.0% | Reason: High entropy (6.33)
2025-10-17 23:51:09 | iot_test_files/normal_encrypted/log_1760338417_8571.txt.encrypted | Confidence: 0.0% | Reason: Rapid file access (21 files)
2025-10-17 23:51:09 | iot_test_files/normal_encrypted/log_1760338417_8571.txt.encrypted | Confidence: 0.0% | Reason: Rapid file access (21 files)
2025-10-17 23:51:09 | iot_test_files/normal_encrypted/log_1760338417_8571.txt.encrypted | Confidence: 0.0% | Reason: High entropy (6.33)
2025-10-17 23:51:09 | iot_test_files/normal_encrypted/log_1760338417_8571.txt.encrypted | Confidence: 0.0% | Reason: High entropy (6.33)
2025-10-17 23:51:09 | iot_test_files/normal_encrypted/log_1760338417_8571.txt.encrypted | Confidence: 0.0% | Reason: Rapid file access (22 files)
2025-10-17 23:51:09 | iot_test_files/normal_encrypted/log_1760338417_8571.txt.encrypted | Confidence: 0.0% | Reason: Rapid file access (22 files)
2025-10-17 23:51:09 | iot_test_files/normal_encrypted/device_006.txt.encrypted.encrypted | Confidence: 0.0% | Reason: High entropy (6.53)
2025-10-17 23:51:09 | iot_test_files/normal_encrypted/device_006.txt.encrypted.encrypted | Confidence: 0.0% | Reason: High entropy (6.53)
2025-10-17 23:51:09 | iot_test_files/normal_encrypted/device_006.txt.encrypted.encrypted | Confidence: 0.0% | Reason: Rapid file access (23 files)
2025-10-17 23:51:09 | iot_test_files/normal_encrypted/device_006.txt.encrypted.encrypted | Confidence: 0.0% | Reason: Rapid file access (23 files)
2025-10-17 23:51:09 | iot_test_files/normal_encrypted/normal_file_14.txt.encrypted | Confidence: 0.0% | Reason: Rapid file access (24 files)
2025-10-17 23:51:09 | iot_test_files/normal_encrypted/normal_file_14.txt.encrypted | Confidence: 0.0% | Reason: Rapid file access (24 files)
2025-10-17 23:51:09 | iot_test_files/normal_encrypted/normal_file_6.txt.encrypted | Confidence: 0.0% | Reason: Rapid file access (25 files)
2025-10-17 23:51:09 | iot_test_files/normal_encrypted/normal_file_6.txt.encrypted | Confidence: 0.0% | Reason: Rapid file access (25 files)
2025-10-17 23:51:09 | iot_test_files/normal_encrypted/config_14_1760338637.txt.encrypted | Confidence: 0.0% | Reason: Rapid file access (26 files)
2025-10-17 23:51:09 | iot_test_files/normal_encrypted/config_14_1760338637.txt.encrypted | Confidence: 0.0% | Reason: Rapid file access (26 files)
2025-10-17 23:51:09 | iot_test_files/normal_encrypted/normal_file_7.txt.encrypted | Confidence: 0.0% | Reason: Rapid file access (27 files)
2025-10-17 23:51:09 | iot_test_files/normal_encrypted/normal_file_7.txt.encrypted | Confidence: 0.0% | Reason: Rapid file access (27 files)
2025-10-17 23:51:09 | iot_test_files/normal_encrypted/backup_data_19.dat.encrypted | Confidence: 0.0% | Reason: High entropy (6.98)
2025-10-17 23:51:09 | iot_test_files/normal_encrypted/log_1760337323_9773.txt.encrypted | Confidence: 0.0% | Reason: High entropy (6.33)
2025-10-17 23:51:09 | iot_test_files/normal_encrypted/backup_data_19.dat.encrypted | Confidence: 0.0% | Reason: High entropy (6.98)
2025-10-17 23:51:09 | iot_test_files/normal_encrypted/backup_data_19.dat.encrypted | Confidence: 0.0% | Reason: Rapid file access (28 files)
2025-10-17 23:51:09 | iot_test_files/normal_encrypted/backup_data_19.dat.encrypted | Confidence: 0.0% | Reason: Rapid file access (28 files)
2025-10-17 23:51:09 | iot_test_files/normal_encrypted/log_1760337323_9773.txt.encrypted | Confidence: 0.0% | Reason: High entropy (6.33)
2025-10-17 23:51:09 | iot_test_files/normal_encrypted/backup_data_19.dat.encrypted | Confidence: 0.0% | Reason: High entropy (6.98)
2025-10-17 23:51:09 | iot_test_files/normal_encrypted/backup_data_19.dat.encrypted | Confidence: 0.0% | Reason: High entropy (6.98)
2025-10-17 23:51:09 | iot_test_files/normal_encrypted/backup_data_19.dat.encrypted | Confidence: 0.0% | Reason: Rapid file access (29 files)
2025-10-17 23:51:09 | iot_test_files/normal_encrypted/system_log_10.log.encrypted | Confidence: 0.0% | Reason: High entropy (6.97)
2025-10-17 23:51:09 | iot_test_files/normal_encrypted/backup_data_19.dat.encrypted | Confidence: 0.0% | Reason: Rapid file access (29 files)
2025-10-17 23:51:09 | iot_test_files/normal_encrypted/system_log_10.log.encrypted | Confidence: 0.0% | Reason: High entropy (6.97)
2025-10-17 23:51:09 | iot_test_files/normal_encrypted/system_log_14.log.encrypted | Confidence: 0.0% | Reason: High entropy (6.56)
2025-10-17 23:51:09 | iot_test_files/normal_encrypted/system_log_14.log.encrypted | Confidence: 0.0% | Reason: High entropy (6.56)
2025-10-17 23:51:09 | iot_test_files/normal_encrypted/system_log_14.log.encrypted | Confidence: 0.0% | Reason: Rapid file access (30 files)
2025-10-17 23:51:09 | iot_test_files/normal_encrypted/system_log_14.log.encrypted | Confidence: 0.0% | Reason: Rapid file access (30 files)
2025-10-17 23:51:09 | iot_test_files/normal_encrypted/log_1760337105_7414.txt.encrypted | Confidence: 0.0% | Reason: High entropy (6.88)
2025-10-17 23:51:09 | iot_test_files/normal_encrypted/log_1760337105_7414.txt.encrypted | Confidence: 0.0% | Reason: High entropy (6.88)
2025-10-17 23:51:09 | iot_test_files/normal_encrypted/log_1760337105_7414.txt.encrypted | Confidence: 0.0% | Reason: Rapid file access (31 files)
2025-10-17 23:51:09 | iot_test_files/normal_encrypted/log_1760337105_7414.txt.encrypted | Confidence: 0.0% | Reason: Rapid file access (31 files)
2025-10-17 23:51:09 | iot_test_files/normal_encrypted/log_1760338506_9644.txt.encrypted | Confidence: 0.0% | Reason: High entropy (6.47)
2025-10-17 23:51:09 | iot_test_files/normal_encrypted/config_13_1760337219.txt.encrypted | Confidence: 0.0% | Reason: Rapid file access (32 files)
2025-10-17 23:51:09 | iot_test_files/normal_encrypted/config_13_1760337219.txt.encrypted | Confidence: 0.0% | Reason: Rapid file access (32 files)
2025-10-17 23:51:09 | iot_test_files/normal_encrypted/log_1760338506_9644.txt.encrypted | Confidence: 0.0% | Reason: High entropy (6.47)
2025-10-17 23:51:09 | iot_test_files/normal_encrypted/backup_data_11.dat.encrypted | Confidence: 0.0% | Reason: High entropy (6.97)
2025-10-17 23:51:09 | iot_test_files/normal_encrypted/backup_data_11.dat.encrypted | Confidence: 0.0% | Reason: High entropy (6.97)
2025-10-17 23:51:09 | iot_test_files/normal_encrypted/backup_data_11.dat.encrypted | Confidence: 0.0% | Reason: Rapid file access (33 files)
2025-10-17 23:51:09 | iot_test_files/normal_encrypted/backup_data_11.dat.encrypted | Confidence: 0.0% | Reason: Rapid file access (33 files)
2025-10-17 23:51:09 | iot_test_files/normal_encrypted/normal_file_16.txt.encrypted | Confidence: 0.0% | Reason: Rapid file access (34 files)
2025-10-17 23:51:09 | iot_test_files/normal_encrypted/normal_file_16.txt.encrypted | Confidence: 0.0% | Reason: Rapid file access (34 files)
2025-10-17 23:51:09 | iot_test_files/normal_encrypted/device_002.txt.encrypted.encrypted | Confidence: 0.0% | Reason: High entropy (6.55)
2025-10-17 23:51:09 | iot_test_files/normal_encrypted/device_002.txt.encrypted.encrypted | Confidence: 0.0% | Reason: High entropy (6.55)
2025-10-17 23:51:09 | iot_test_files/normal_encrypted/device_002.txt.encrypted.encrypted | Confidence: 0.0% | Reason: Rapid file access (35 files)
2025-10-17 23:51:09 | iot_test_files/normal_encrypted/device_002.txt.encrypted.encrypted | Confidence: 0.0% | Reason: Rapid file access (35 files)
2025-10-17 23:51:09 | iot_test_files/normal_encrypted/config_18_1760337963.txt.encrypted | Confidence: 0.0% | Reason: High entropy (6.14)
2025-10-17 23:51:09 | iot_test_files/normal_encrypted/config_18_1760337963.txt.encrypted | Confidence: 0.0% | Reason: High entropy (6.14)
2025-10-17 23:51:09 | iot_test_files/normal_encrypted/config_18_1760337963.txt.encrypted | Confidence: 0.0% | Reason: Rapid file access (36 files)
2025-10-17 23:51:09 | iot_test_files/normal_encrypted/config_18_1760337963.txt.encrypted | Confidence: 0.0% | Reason: Rapid file access (36 files)
2025-10-17 23:51:09 | iot_test_files/normal_encrypted/log_1760337335_9128.txt.encrypted | Confidence: 0.0% | Reason: High entropy (6.79)
2025-10-17 23:51:09 | iot_test_files/normal_encrypted/log_1760337335_9128.txt.encrypted | Confidence: 0.0% | Reason: High entropy (6.79)
2025-10-17 23:51:09 | iot_test_files/normal_encrypted/log_1760337335_9128.txt.encrypted | Confidence: 0.0% | Reason: Rapid file access (37 files)
2025-10-17 23:51:09 | iot_test_files/normal_encrypted/log_1760337335_9128.txt.encrypted | Confidence: 0.0% | Reason: Rapid file access (37 files)
2025-10-17 23:51:09 | iot_test_files/normal_encrypted/log_1760338356_5549.txt.encrypted | Confidence: 0.0% | Reason: High entropy (6.49)
2025-10-17 23:51:09 | iot_test_files/normal_encrypted/log_1760338356_5549.txt.encrypted | Confidence: 0.0% | Reason: High entropy (6.49)
2025-10-17 23:51:09 | iot_test_files/normal_encrypted/log_1760338356_5549.txt.encrypted | Confidence: 0.0% | Reason: Rapid file access (38 files)
2025-10-17 23:51:09 | iot_test_files/normal_encrypted/log_1760338356_5549.txt.encrypted | Confidence: 0.0% | Reason: Rapid file access (38 files)
2025-10-17 23:51:09 | iot_test_files/normal_encrypted/config_12_1760338529.txt.encrypted | Confidence: 0.0% | Reason: Rapid file access (39 files)
2025-10-17 23:51:09 | iot_test_files/normal_encrypted/config_12_1760338529.txt.encrypted | Confidence: 0.0% | Reason: Rapid file access (39 files)
2025-10-17 23:51:09 | iot_test_files/normal_encrypted/config_35_1760338205.txt.encrypted | Confidence: 0.0% | Reason: High entropy (6.26)
2025-10-17 23:51:09 | iot_test_files/normal_encrypted/config_43_1760336943.txt.encrypted | Confidence: 0.0% | Reason: High entropy (6.16)
2025-10-17 23:51:09 | iot_test_files/normal_encrypted/config_43_1760336943.txt.encrypted | Confidence: 0.0% | Reason: High entropy (6.16)
2025-10-17 23:51:09 | iot_test_files/normal_encrypted/config_43_1760336943.txt.encrypted | Confidence: 0.0% | Reason: Rapid file access (40 files)
2025-10-17 23:51:09 | iot_test_files/normal_encrypted/config_43_1760336943.txt.encrypted | Confidence: 0.0% | Reason: Rapid file access (40 files)
2025-10-17 23:51:09 | iot_test_files/normal_encrypted/config_35_1760338205.txt.encrypted | Confidence: 0.0% | Reason: High entropy (6.26)
2025-10-17 23:51:09 | iot_test_files/normal_encrypted/normal_file_2.txt.encrypted | Confidence: 0.0% | Reason: Rapid file access (41 files)
2025-10-17 23:51:09 | iot_test_files/normal_encrypted/normal_file_2.txt.encrypted | Confidence: 0.0% | Reason: Rapid file access (41 files)
2025-10-17 23:51:09 | iot_test_files/normal_encrypted/sensor_data_1.json.encrypted | Confidence: 0.0% | Reason: High entropy (6.41)
2025-10-17 23:51:09 | iot_test_files/normal_encrypted/sensor_data_1.json.encrypted | Confidence: 0.0% | Reason: High entropy (6.41)
2025-10-17 23:51:09 | iot_test_files/normal_encrypted/sensor_data_1.json.encrypted | Confidence: 0.0% | Reason: Rapid file access (42 files)
2025-10-17 23:51:09 | iot_test_files/normal_encrypted/sensor_data_1.json.encrypted | Confidence: 0.0% | Reason: Rapid file access (42 files)
2025-10-17 23:51:09 | iot_test_files/normal_encrypted/sensor_data_1.json.encrypted | Confidence: 0.0% | Reason: High entropy (6.41)
2025-10-17 23:51:09 | iot_test_files/normal_encrypted/sensor_data_1.json.encrypted | Confidence: 0.0% | Reason: High entropy (6.41)
2025-10-17 23:51:09 | iot_test_files/normal_encrypted/sensor_data_1.json.encrypted | Confidence: 0.0% | Reason: Rapid file access (43 files)
2025-10-17 23:51:09 | iot_test_files/normal_encrypted/sensor_data_1.json.encrypted | Confidence: 0.0% | Reason: Rapid file access (43 files)
2025-10-17 23:51:09 | iot_test_files/normal_encrypted/device_003.txt.encrypted.encrypted | Confidence: 0.0% | Reason: High entropy (6.43)
2025-10-17 23:51:09 | iot_test_files/normal_encrypted/device_003.txt.encrypted.encrypted | Confidence: 0.0% | Reason: High entropy (6.43)
2025-10-17 23:51:09 | iot_test_files/normal_encrypted/device_003.txt.encrypted.encrypted | Confidence: 0.0% | Reason: Rapid file access (44 files)
2025-10-17 23:51:09 | iot_test_files/normal_encrypted/device_003.txt.encrypted.encrypted | Confidence: 0.0% | Reason: Rapid file access (44 files)
2025-10-17 23:51:09 | iot_test_files/normal_encrypted/normal_file_19.txt.encrypted | Confidence: 0.0% | Reason: Rapid file access (45 files)
2025-10-17 23:51:09 | iot_test_files/normal_encrypted/normal_file_19.txt.encrypted | Confidence: 0.0% | Reason: Rapid file access (45 files)
2025-10-17 23:51:09 | iot_test_files/normal_encrypted/normal_file_9.txt.encrypted | Confidence: 0.0% | Reason: Rapid file access (46 files)
2025-10-17 23:51:09 | iot_test_files/normal_encrypted/normal_file_9.txt.encrypted | Confidence: 0.0% | Reason: Rapid file access (46 files)
2025-10-17 23:51:09 | iot_test_files/normal_encrypted/log_1760338571_6325.txt.encrypted | Confidence: 0.0% | Reason: High entropy (6.36)
2025-10-17 23:51:09 | iot_test_files/normal_encrypted/log_1760338571_6325.txt.encrypted | Confidence: 0.0% | Reason: High entropy (6.36)
2025-10-17 23:51:09 | iot_test_files/normal_encrypted/log_1760338571_6325.txt.encrypted | Confidence: 0.0% | Reason: Rapid file access (47 files)
2025-10-17 23:51:09 | iot_test_files/normal_encrypted/log_1760338571_6325.txt.encrypted | Confidence: 0.0% | Reason: Rapid file access (47 files)
2025-10-17 23:51:09 | iot_test_files/normal_encrypted/log_1760338429_6970.txt.encrypted | Confidence: 0.0% | Reason: High entropy (6.37)
2025-10-17 23:51:09 | iot_test_files/normal_encrypted/log_1760338571_6325.txt.encrypted | Confidence: 0.0% | Reason: High entropy (6.36)
2025-10-17 23:51:09 | iot_test_files/normal_encrypted/log_1760338571_6325.txt.encrypted | Confidence: 0.0% | Reason: High entropy (6.36)
2025-10-17 23:51:09 | iot_test_files/normal_encrypted/log_1760338571_6325.txt.encrypted | Confidence: 0.0% | Reason: Rapid file access (48 files)
2025-10-17 23:51:09 | iot_test_files/normal_encrypted/log_1760338571_6325.txt.encrypted | Confidence: 0.0% | Reason: Rapid file access (48 files)
2025-10-17 23:51:09 | iot_test_files/normal_encrypted/log_1760338429_6970.txt.encrypted | Confidence: 0.0% | Reason: High entropy (6.37)
2025-10-17 23:51:09 | iot_test_files/normal_encrypted/config_13_1760338181.txt.encrypted | Confidence: 0.0% | Reason: Rapid file access (49 files)
2025-10-17 23:51:09 | iot_test_files/normal_encrypted/config_13_1760338181.txt.encrypted | Confidence: 0.0% | Reason: Rapid file access (49 files)
2025-10-17 23:51:09 | iot_test_files/normal_encrypted/system_log_2.log.encrypted | Confidence: 0.0% | Reason: Rapid file access (50 files)
2025-10-17 23:51:09 | iot_test_files/normal_encrypted/system_log_2.log.encrypted | Confidence: 0.0% | Reason: Rapid file access (50 files)
2025-10-17 23:51:09 | iot_test_files/normal_encrypted/log_1760337129_5117.txt.encrypted | Confidence: 0.0% | Reason: High entropy (6.51)
2025-10-17 23:51:09 | iot_test_files/normal_encrypted/log_1760337129_5117.txt.encrypted | Confidence: 0.0% | Reason: High entropy (6.51)
2025-10-17 23:51:09 | iot_test_files/normal_encrypted/log_1760337129_5117.txt.encrypted | Confidence: 0.0% | Reason: Rapid file access (51 files)
2025-10-17 23:51:09 | iot_test_files/normal_encrypted/log_1760337129_5117.txt.encrypted | Confidence: 0.0% | Reason: Rapid file access (51 files)
2025-10-17 23:51:09 | iot_test_files/normal_encrypted/config_5_1760338277.txt.encrypted | Confidence: 0.0% | Reason: Rapid file access (52 files)
2025-10-17 23:51:09 | iot_test_files/normal_encrypted/config_5_1760338277.txt.encrypted | Confidence: 0.0% | Reason: Rapid file access (52 files)
2025-10-17 23:51:09 | iot_test_files/normal_encrypted/config_11_1760336931.txt.encrypted | Confidence: 0.0% | Reason: High entropy (6.56)
2025-10-17 23:51:09 | iot_test_files/normal_encrypted/config_11_1760336931.txt.encrypted | Confidence: 0.0% | Reason: High entropy (6.56)
2025-10-17 23:51:09 | iot_test_files/normal_encrypted/config_11_1760336931.txt.encrypted | Confidence: 0.0% | Reason: Rapid file access (53 files)
2025-10-17 23:51:09 | iot_test_files/normal_encrypted/config_11_1760336931.txt.encrypted | Confidence: 0.0% | Reason: Rapid file access (53 files)
2025-10-17 23:51:09 | iot_test_files/normal_encrypted/normal_file_11.txt.encrypted | Confidence: 0.0% | Reason: Rapid file access (54 files)
2025-10-17 23:51:09 | iot_test_files/normal_encrypted/normal_file_11.txt.encrypted | Confidence: 0.0% | Reason: Rapid file access (54 files)
2025-10-17 23:51:09 | iot_test_files/normal_encrypted/config_38_1760338265.txt.encrypted | Confidence: 0.0% | Reason: Rapid file access (55 files)
2025-10-17 23:51:09 | iot_test_files/normal_encrypted/config_38_1760338265.txt.encrypted | Confidence: 0.0% | Reason: Rapid file access (55 files)
2025-10-17 23:51:09 | iot_test_files/normal_encrypted/log_1760337384_4241.txt.encrypted | Confidence: 0.0% | Reason: High entropy (6.86)
2025-10-17 23:51:09 | iot_test_files/normal_encrypted/log_1760337384_4241.txt.encrypted | Confidence: 0.0% | Reason: High entropy (6.86)
2025-10-17 23:51:09 | iot_test_files/normal_encrypted/log_1760337384_4241.txt.encrypted | Confidence: 0.0% | Reason: Rapid file access (56 files)
2025-10-17 23:51:09 | iot_test_files/normal_encrypted/log_1760337384_4241.txt.encrypted | Confidence: 0.0% | Reason: Rapid file access (56 files)
2025-10-17 23:51:09 | iot_test_files/normal_encrypted/sensor_data_17.json.encrypted | Confidence: 0.0% | Reason: Rapid file access (57 files)
2025-10-17 23:51:09 | iot_test_files/normal_encrypted/sensor_data_17.json.encrypted | Confidence: 0.0% | Reason: Rapid file access (57 files)
2025-10-17 23:51:09 | iot_test_files/normal_encrypted/log_1760337909_7971.txt.encrypted | Confidence: 0.0% | Reason: High entropy (6.43)
2025-10-17 23:51:09 | iot_test_files/normal_encrypted/log_1760337909_7971.txt.encrypted | Confidence: 0.0% | Reason: High entropy (6.43)
2025-10-17 23:51:09 | iot_test_files/normal_encrypted/log_1760337909_7971.txt.encrypted | Confidence: 0.0% | Reason: Rapid file access (58 files)
2025-10-17 23:51:09 | iot_test_files/normal_encrypted/log_1760337909_7971.txt.encrypted | Confidence: 0.0% | Reason: Rapid file access (58 files)
2025-10-17 23:51:10 | iot_test_files/normal_encrypted/log_1760338692_4153.txt.encrypted | Confidence: 0.0% | Reason: High entropy (6.45)
2025-10-17 23:51:10 | iot_test_files/normal_encrypted/log_1760338692_4153.txt.encrypted | Confidence: 0.0% | Reason: High entropy (6.45)
2025-10-17 23:51:10 | iot_test_files/normal_encrypted/log_1760338692_4153.txt.encrypted | Confidence: 0.0% | Reason: Rapid file access (59 files)
2025-10-17 23:51:10 | iot_test_files/normal_encrypted/log_1760338692_4153.txt.encrypted | Confidence: 0.0% | Reason: Rapid file access (59 files)
2025-10-17 23:51:10 | iot_test_files/normal_encrypted/config_24_1760338085.txt.encrypted | Confidence: 0.0% | Reason: High entropy (6.58)
2025-10-17 23:51:10 | iot_test_files/normal_encrypted/config_24_1760338085.txt.encrypted | Confidence: 0.0% | Reason: High entropy (6.58)
2025-10-17 23:51:10 | iot_test_files/normal_encrypted/log_1760338692_4153.txt.encrypted | Confidence: 0.0% | Reason: High entropy (6.45)
2025-10-17 23:51:10 | iot_test_files/normal_encrypted/log_1760338692_4153.txt.encrypted | Confidence: 0.0% | Reason: High entropy (6.45)
2025-10-17 23:51:10 | iot_test_files/normal_encrypted/log_1760338692_4153.txt.encrypted | Confidence: 0.0% | Reason: Rapid file access (60 files)
2025-10-17 23:51:10 | iot_test_files/normal_encrypted/log_1760338692_4153.txt.encrypted | Confidence: 0.0% | Reason: Rapid file access (60 files)
2025-10-17 23:51:10 | iot_test_files/normal_encrypted/READ_ME_FOR_DECRYPT.txt | Confidence: 0.0% | Reason: Rapid file access (61 files)
2025-10-17 23:51:10 | iot_test_files/normal_encrypted/READ_ME_FOR_DECRYPT.txt | Confidence: 0.0% | Reason: Rapid file access (61 files)
2025-10-17 23:51:10 | iot_test_files/normal_encrypted/log_1760338175_8534.txt.encrypted | Confidence: 0.0% | Reason: High entropy (6.54)
2025-10-17 23:51:10 | iot_test_files/normal_encrypted/log_1760338175_8534.txt.encrypted | Confidence: 0.0% | Reason: High entropy (6.54)
2025-10-17 23:51:10 | iot_test_files/normal_encrypted/device_008.txt.encrypted.encrypted | Confidence: 0.0% | Reason: High entropy (6.41)
2025-10-17 23:51:10 | iot_test_files/normal_encrypted/device_008.txt.encrypted.encrypted | Confidence: 0.0% | Reason: High entropy (6.41)
2025-10-17 23:51:10 | iot_test_files/normal_encrypted/normal_file_12.txt.encrypted | Confidence: 0.0% | Reason: Rapid file access (16 files)
2025-10-17 23:51:10 | iot_test_files/normal_encrypted/normal_file_12.txt.encrypted | Confidence: 0.0% | Reason: Rapid file access (16 files)
2025-10-17 23:51:10 | iot_test_files/normal_encrypted/READ_ME_FOR_DECRYPT.txt.encrypted | Confidence: 0.0% | Reason: High entropy (6.97)
2025-10-17 23:51:10 | iot_test_files/normal_encrypted/READ_ME_FOR_DECRYPT.txt.encrypted | Confidence: 0.0% | Reason: High entropy (6.97)
2025-10-17 23:51:10 | iot_test_files/normal_encrypted/READ_ME_FOR_DECRYPT.txt.encrypted | Confidence: 0.0% | Reason: Rapid file access (17 files)
2025-10-17 23:51:10 | iot_test_files/normal_encrypted/READ_ME_FOR_DECRYPT.txt.encrypted | Confidence: 0.0% | Reason: Rapid file access (17 files)
2025-10-17 23:51:10 | iot_test_files/normal_encrypted/backup_data_15.dat.encrypted | Confidence: 0.0% | Reason: High entropy (7.13)
2025-10-17 23:51:10 | iot_test_files/normal_encrypted/backup_data_15.dat.encrypted | Confidence: 0.0% | Reason: High entropy (7.13)
2025-10-17 23:51:10 | iot_test_files/normal_encrypted/backup_data_15.dat.encrypted | Confidence: 0.0% | Reason: Rapid file access (18 files)
2025-10-17 23:51:10 | iot_test_files/normal_encrypted/backup_data_15.dat.encrypted | Confidence: 0.0% | Reason: Rapid file access (18 files)
2025-10-17 23:51:10 | iot_test_files/normal_encrypted/backup_data_15.dat.encrypted | Confidence: 0.0% | Reason: High entropy (7.13)
2025-10-17 23:51:10 | iot_test_files/normal_encrypted/backup_data_15.dat.encrypted | Confidence: 0.0% | Reason: High entropy (7.13)
2025-10-17 23:51:10 | iot_test_files/normal_encrypted/backup_data_15.dat.encrypted | Confidence: 0.0% | Reason: Rapid file access (19 files)
2025-10-17 23:51:10 | iot_test_files/normal_encrypted/backup_data_15.dat.encrypted | Confidence: 0.0% | Reason: Rapid file access (19 files)
2025-10-17 23:51:10 | iot_test_files/normal_encrypted/config_29_1760338253.txt.encrypted | Confidence: 0.0% | Reason: Rapid file access (20 files)
2025-10-17 23:51:10 | iot_test_files/normal_encrypted/config_29_1760338253.txt.encrypted | Confidence: 0.0% | Reason: Rapid file access (20 files)
2025-10-17 23:51:10 | iot_test_files/normal_encrypted/log_1760338417_8571.txt.encrypted | Confidence: 0.0% | Reason: High entropy (6.33)
2025-10-17 23:51:10 | iot_test_files/normal_encrypted/log_1760338417_8571.txt.encrypted | Confidence: 0.0% | Reason: High entropy (6.33)
2025-10-17 23:51:10 | iot_test_files/normal_encrypted/log_1760338417_8571.txt.encrypted | Confidence: 0.0% | Reason: Rapid file access (21 files)
2025-10-17 23:51:10 | iot_test_files/normal_encrypted/log_1760338417_8571.txt.encrypted | Confidence: 0.0% | Reason: Rapid file access (21 files)
2025-10-17 23:51:10 | iot_test_files/normal_encrypted/log_1760338417_8571.txt.encrypted | Confidence: 0.0% | Reason: High entropy (6.33)
2025-10-17 23:51:10 | iot_test_files/normal_encrypted/log_1760338417_8571.txt.encrypted | Confidence: 0.0% | Reason: High entropy (6.33)
2025-10-17 23:51:10 | iot_test_files/normal_encrypted/log_1760338417_8571.txt.encrypted | Confidence: 0.0% | Reason: Rapid file access (22 files)
2025-10-17 23:51:10 | iot_test_files/normal_encrypted/log_1760338417_8571.txt.encrypted | Confidence: 0.0% | Reason: Rapid file access (22 files)
2025-10-17 23:51:10 | iot_test_files/normal_encrypted/device_006.txt.encrypted.encrypted | Confidence: 0.0% | Reason: High entropy (6.53)
2025-10-17 23:51:10 | iot_test_files/normal_encrypted/device_006.txt.encrypted.encrypted | Confidence: 0.0% | Reason: High entropy (6.53)
2025-10-17 23:51:10 | iot_test_files/normal_encrypted/device_006.txt.encrypted.encrypted | Confidence: 0.0% | Reason: Rapid file access (23 files)
2025-10-17 23:51:10 | iot_test_files/normal_encrypted/device_006.txt.encrypted.encrypted | Confidence: 0.0% | Reason: Rapid file access (23 files)
2025-10-17 23:51:10 | iot_test_files/normal_encrypted/normal_file_14.txt.encrypted | Confidence: 0.0% | Reason: Rapid file access (24 files)
2025-10-17 23:51:10 | iot_test_files/normal_encrypted/normal_file_14.txt.encrypted | Confidence: 0.0% | Reason: Rapid file access (24 files)
2025-10-17 23:51:10 | iot_test_files/normal_encrypted/normal_file_6.txt.encrypted | Confidence: 0.0% | Reason: Rapid file access (25 files)
2025-10-17 23:51:10 | iot_test_files/normal_encrypted/normal_file_6.txt.encrypted | Confidence: 0.0% | Reason: Rapid file access (25 files)
2025-10-17 23:51:10 | iot_test_files/normal_encrypted/config_14_1760338637.txt.encrypted | Confidence: 0.0% | Reason: Rapid file access (26 files)
2025-10-17 23:51:10 | iot_test_files/normal_encrypted/config_14_1760338637.txt.encrypted | Confidence: 0.0% | Reason: Rapid file access (26 files)
2025-10-17 23:51:10 | iot_test_files/normal_encrypted/normal_file_7.txt.encrypted | Confidence: 0.0% | Reason: Rapid file access (27 files)
2025-10-17 23:51:10 | iot_test_files/normal_encrypted/normal_file_7.txt.encrypted | Confidence: 0.0% | Reason: Rapid file access (27 files)
2025-10-17 23:51:10 | iot_test_files/normal_encrypted/backup_data_19.dat.encrypted | Confidence: 0.0% | Reason: High entropy (6.98)
2025-10-17 23:51:10 | iot_test_files/normal_encrypted/backup_data_19.dat.encrypted | Confidence: 0.0% | Reason: High entropy (6.98)
2025-10-17 23:51:10 | iot_test_files/normal_encrypted/backup_data_19.dat.encrypted | Confidence: 0.0% | Reason: Rapid file access (28 files)
2025-10-17 23:51:10 | iot_test_files/normal_encrypted/backup_data_19.dat.encrypted | Confidence: 0.0% | Reason: Rapid file access (28 files)
2025-10-17 23:51:10 | iot_test_files/normal_encrypted/backup_data_19.dat.encrypted | Confidence: 0.0% | Reason: High entropy (6.98)
2025-10-17 23:51:10 | iot_test_files/normal_encrypted/backup_data_19.dat.encrypted | Confidence: 0.0% | Reason: High entropy (6.98)
2025-10-17 23:51:10 | iot_test_files/normal_encrypted/backup_data_19.dat.encrypted | Confidence: 0.0% | Reason: Rapid file access (29 files)
2025-10-17 23:51:10 | iot_test_files/normal_encrypted/backup_data_19.dat.encrypted | Confidence: 0.0% | Reason: Rapid file access (29 files)
2025-10-17 23:51:11 | iot_test_files/normal_encrypted/system_log_14.log.encrypted | Confidence: 0.0% | Reason: High entropy (6.56)
2025-10-17 23:51:11 | iot_test_files/normal_encrypted/system_log_14.log.encrypted | Confidence: 0.0% | Reason: High entropy (6.56)
2025-10-17 23:51:11 | iot_test_files/normal_encrypted/system_log_14.log.encrypted | Confidence: 0.0% | Reason: Rapid file access (30 files)
2025-10-17 23:51:11 | iot_test_files/normal_encrypted/system_log_14.log.encrypted | Confidence: 0.0% | Reason: Rapid file access (30 files)
2025-10-17 23:51:11 | iot_test_files/normal_encrypted/log_1760337105_7414.txt.encrypted | Confidence: 0.0% | Reason: High entropy (6.88)
2025-10-17 23:51:11 | iot_test_files/normal_encrypted/log_1760337105_7414.txt.encrypted | Confidence: 0.0% | Reason: High entropy (6.88)
2025-10-17 23:51:11 | iot_test_files/normal_encrypted/log_1760337105_7414.txt.encrypted | Confidence: 0.0% | Reason: Rapid file access (31 files)
2025-10-17 23:51:11 | iot_test_files/normal_encrypted/log_1760337105_7414.txt.encrypted | Confidence: 0.0% | Reason: Rapid file access (31 files)
2025-10-17 23:51:11 | iot_test_files/normal_encrypted/config_13_1760337219.txt.encrypted | Confidence: 0.0% | Reason: Rapid file access (32 files)
2025-10-17 23:51:11 | iot_test_files/normal_encrypted/config_13_1760337219.txt.encrypted | Confidence: 0.0% | Reason: Rapid file access (32 files)
2025-10-17 23:51:11 | iot_test_files/normal_encrypted/backup_data_11.dat.encrypted | Confidence: 0.0% | Reason: High entropy (6.97)
2025-10-17 23:51:11 | iot_test_files/normal_encrypted/backup_data_11.dat.encrypted | Confidence: 0.0% | Reason: High entropy (6.97)
2025-10-17 23:51:11 | iot_test_files/normal_encrypted/backup_data_11.dat.encrypted | Confidence: 0.0% | Reason: Rapid file access (33 files)
2025-10-17 23:51:11 | iot_test_files/normal_encrypted/backup_data_11.dat.encrypted | Confidence: 0.0% | Reason: Rapid file access (33 files)
2025-10-17 23:51:11 | iot_test_files/normal_encrypted/normal_file_16.txt.encrypted | Confidence: 0.0% | Reason: Rapid file access (34 files)
2025-10-17 23:51:11 | iot_test_files/normal_encrypted/normal_file_16.txt.encrypted | Confidence: 0.0% | Reason: Rapid file access (34 files)
2025-10-17 23:51:11 | iot_test_files/normal_encrypted/device_002.txt.encrypted.encrypted | Confidence: 0.0% | Reason: High entropy (6.55)
2025-10-17 23:51:11 | iot_test_files/normal_encrypted/device_002.txt.encrypted.encrypted | Confidence: 0.0% | Reason: High entropy (6.55)
2025-10-17 23:51:11 | iot_test_files/normal_encrypted/device_002.txt.encrypted.encrypted | Confidence: 0.0% | Reason: Rapid file access (35 files)
2025-10-17 23:51:11 | iot_test_files/normal_encrypted/device_002.txt.encrypted.encrypted | Confidence: 0.0% | Reason: Rapid file access (35 files)
2025-10-17 23:51:11 | iot_test_files/normal_encrypted/config_18_1760337963.txt.encrypted | Confidence: 0.0% | Reason: High entropy (6.14)
2025-10-17 23:51:11 | iot_test_files/normal_encrypted/config_18_1760337963.txt.encrypted | Confidence: 0.0% | Reason: High entropy (6.14)
2025-10-17 23:51:11 | iot_test_files/normal_encrypted/config_18_1760337963.txt.encrypted | Confidence: 0.0% | Reason: Rapid file access (36 files)
2025-10-17 23:51:11 | iot_test_files/normal_encrypted/config_18_1760337963.txt.encrypted | Confidence: 0.0% | Reason: Rapid file access (36 files)
2025-10-17 23:51:11 | iot_test_files/normal_encrypted/log_1760337335_9128.txt.encrypted | Confidence: 0.0% | Reason: High entropy (6.79)
2025-10-17 23:51:11 | iot_test_files/normal_encrypted/log_1760337335_9128.txt.encrypted | Confidence: 0.0% | Reason: High entropy (6.79)
2025-10-17 23:51:11 | iot_test_files/normal_encrypted/log_1760337335_9128.txt.encrypted | Confidence: 0.0% | Reason: Rapid file access (37 files)
2025-10-17 23:51:11 | iot_test_files/normal_encrypted/log_1760337335_9128.txt.encrypted | Confidence: 0.0% | Reason: Rapid file access (37 files)
2025-10-17 23:51:11 | iot_test_files/normal_encrypted/log_1760338356_5549.txt.encrypted | Confidence: 0.0% | Reason: High entropy (6.49)
2025-10-17 23:51:11 | iot_test_files/normal_encrypted/log_1760338356_5549.txt.encrypted | Confidence: 0.0% | Reason: High entropy (6.49)
2025-10-17 23:51:11 | iot_test_files/normal_encrypted/log_1760338356_5549.txt.encrypted | Confidence: 0.0% | Reason: Rapid file access (38 files)
2025-10-17 23:51:11 | iot_test_files/normal_encrypted/log_1760338356_5549.txt.encrypted | Confidence: 0.0% | Reason: Rapid file access (38 files)
2025-10-17 23:51:11 | iot_test_files/normal_encrypted/config_12_1760338529.txt.encrypted | Confidence: 0.0% | Reason: Rapid file access (39 files)
2025-10-17 23:51:11 | iot_test_files/normal_encrypted/config_12_1760338529.txt.encrypted | Confidence: 0.0% | Reason: Rapid file access (39 files)
2025-10-17 23:51:11 | iot_test_files/normal_encrypted/config_43_1760336943.txt.encrypted | Confidence: 0.0% | Reason: High entropy (6.16)
2025-10-17 23:51:11 | iot_test_files/normal_encrypted/config_43_1760336943.txt.encrypted | Confidence: 0.0% | Reason: High entropy (6.16)
2025-10-17 23:51:11 | iot_test_files/normal_encrypted/config_43_1760336943.txt.encrypted | Confidence: 0.0% | Reason: Rapid file access (40 files)
2025-10-17 23:51:11 | iot_test_files/normal_encrypted/config_43_1760336943.txt.encrypted | Confidence: 0.0% | Reason: Rapid file access (40 files)
2025-10-17 23:51:11 | iot_test_files/normal_encrypted/normal_file_2.txt.encrypted | Confidence: 0.0% | Reason: Rapid file access (41 files)
2025-10-17 23:51:11 | iot_test_files/normal_encrypted/normal_file_2.txt.encrypted | Confidence: 0.0% | Reason: Rapid file access (41 files)
2025-10-17 23:51:11 | iot_test_files/normal_encrypted/sensor_data_1.json.encrypted | Confidence: 0.0% | Reason: High entropy (6.41)
2025-10-17 23:51:11 | iot_test_files/normal_encrypted/sensor_data_1.json.encrypted | Confidence: 0.0% | Reason: High entropy (6.41)
2025-10-17 23:51:11 | iot_test_files/normal_encrypted/sensor_data_1.json.encrypted | Confidence: 0.0% | Reason: Rapid file access (42 files)
2025-10-17 23:51:11 | iot_test_files/normal_encrypted/sensor_data_1.json.encrypted | Confidence: 0.0% | Reason: Rapid file access (42 files)
2025-10-17 23:51:11 | iot_test_files/normal_encrypted/sensor_data_1.json.encrypted | Confidence: 0.0% | Reason: High entropy (6.41)
2025-10-17 23:51:11 | iot_test_files/normal_encrypted/sensor_data_1.json.encrypted | Confidence: 0.0% | Reason: High entropy (6.41)
2025-10-17 23:51:11 | iot_test_files/normal_encrypted/sensor_data_1.json.encrypted | Confidence: 0.0% | Reason: Rapid file access (43 files)
2025-10-17 23:51:11 | iot_test_files/normal_encrypted/sensor_data_1.json.encrypted | Confidence: 0.0% | Reason: Rapid file access (43 files)
2025-10-17 23:51:11 | iot_test_files/normal_encrypted/device_003.txt.encrypted.encrypted | Confidence: 0.0% | Reason: High entropy (6.43)
2025-10-17 23:51:11 | iot_test_files/normal_encrypted/device_003.txt.encrypted.encrypted | Confidence: 0.0% | Reason: High entropy (6.43)
2025-10-17 23:51:11 | iot_test_files/normal_encrypted/device_003.txt.encrypted.encrypted | Confidence: 0.0% | Reason: Rapid file access (44 files)
2025-10-17 23:51:11 | iot_test_files/normal_encrypted/device_003.txt.encrypted.encrypted | Confidence: 0.0% | Reason: Rapid file access (44 files)
2025-10-17 23:51:11 | iot_test_files/normal_encrypted/normal_file_19.txt.encrypted | Confidence: 0.0% | Reason: Rapid file access (45 files)
2025-10-17 23:51:11 | iot_test_files/normal_encrypted/normal_file_19.txt.encrypted | Confidence: 0.0% | Reason: Rapid file access (45 files)
2025-10-17 23:51:11 | iot_test_files/normal_encrypted/normal_file_9.txt.encrypted | Confidence: 0.0% | Reason: Rapid file access (46 files)
2025-10-17 23:51:11 | iot_test_files/normal_encrypted/normal_file_9.txt.encrypted | Confidence: 0.0% | Reason: Rapid file access (46 files)
2025-10-17 23:51:11 | iot_test_files/normal_encrypted/log_1760338571_6325.txt.encrypted | Confidence: 0.0% | Reason: High entropy (6.36)
2025-10-17 23:51:11 | iot_test_files/normal_encrypted/log_1760338571_6325.txt.encrypted | Confidence: 0.0% | Reason: High entropy (6.36)
2025-10-17 23:51:11 | iot_test_files/normal_encrypted/log_1760338571_6325.txt.encrypted | Confidence: 0.0% | Reason: Rapid file access (47 files)
2025-10-17 23:51:11 | iot_test_files/normal_encrypted/log_1760338571_6325.txt.encrypted | Confidence: 0.0% | Reason: Rapid file access (47 files)
2025-10-17 23:51:11 | iot_test_files/normal_encrypted/log_1760338571_6325.txt.encrypted | Confidence: 0.0% | Reason: High entropy (6.36)
2025-10-17 23:51:11 | iot_test_files/normal_encrypted/log_1760338571_6325.txt.encrypted | Confidence: 0.0% | Reason: High entropy (6.36)
2025-10-17 23:51:11 | iot_test_files/normal_encrypted/log_1760338571_6325.txt.encrypted | Confidence: 0.0% | Reason: Rapid file access (48 files)
2025-10-17 23:51:11 | iot_test_files/normal_encrypted/log_1760338571_6325.txt.encrypted | Confidence: 0.0% | Reason: Rapid file access (48 files)
2025-10-17 23:51:11 | iot_test_files/normal_encrypted/config_13_1760338181.txt.encrypted | Confidence: 0.0% | Reason: Rapid file access (49 files)
2025-10-17 23:51:11 | iot_test_files/normal_encrypted/config_13_1760338181.txt.encrypted | Confidence: 0.0% | Reason: Rapid file access (49 files)
2025-10-17 23:51:11 | iot_test_files/normal_encrypted/system_log_2.log.encrypted | Confidence: 0.0% | Reason: Rapid file access (50 files)
2025-10-17 23:51:11 | iot_test_files/normal_encrypted/system_log_2.log.encrypted | Confidence: 0.0% | Reason: Rapid file access (50 files)
2025-10-17 23:51:11 | iot_test_files/normal_encrypted/log_1760337129_5117.txt.encrypted | Confidence: 0.0% | Reason: High entropy (6.51)
2025-10-17 23:51:11 | iot_test_files/normal_encrypted/log_1760337129_5117.txt.encrypted | Confidence: 0.0% | Reason: High entropy (6.51)
2025-10-17 23:51:11 | iot_test_files/normal_encrypted/log_1760337129_5117.txt.encrypted | Confidence: 0.0% | Reason: Rapid file access (51 files)
2025-10-17 23:51:11 | iot_test_files/normal_encrypted/log_1760337129_5117.txt.encrypted | Confidence: 0.0% | Reason: Rapid file access (51 files)
2025-10-17 23:51:11 | iot_test_files/normal_encrypted/config_5_1760338277.txt.encrypted | Confidence: 0.0% | Reason: Rapid file access (52 files)
2025-10-17 23:51:11 | iot_test_files/normal_encrypted/config_5_1760338277.txt.encrypted | Confidence: 0.0% | Reason: Rapid file access (52 files)
2025-10-17 23:51:11 | iot_test_files/normal_encrypted/config_11_1760336931.txt.encrypted | Confidence: 0.0% | Reason: High entropy (6.56)
2025-10-17 23:51:11 | iot_test_files/normal_encrypted/config_11_1760336931.txt.encrypted | Confidence: 0.0% | Reason: High entropy (6.56)
2025-10-17 23:51:11 | iot_test_files/normal_encrypted/config_11_1760336931.txt.encrypted | Confidence: 0.0% | Reason: Rapid file access (53 files)
2025-10-17 23:51:11 | iot_test_files/normal_encrypted/config_11_1760336931.txt.encrypted | Confidence: 0.0% | Reason: Rapid file access (53 files)
2025-10-17 23:51:11 | iot_test_files/normal_encrypted/normal_file_11.txt.encrypted | Confidence: 0.0% | Reason: Rapid file access (54 files)
2025-10-17 23:51:11 | iot_test_files/normal_encrypted/normal_file_11.txt.encrypted | Confidence: 0.0% | Reason: Rapid file access (54 files)
2025-10-17 23:51:11 | iot_test_files/normal_encrypted/config_38_1760338265.txt.encrypted | Confidence: 0.0% | Reason: Rapid file access (55 files)
2025-10-17 23:51:11 | iot_test_files/normal_encrypted/config_38_1760338265.txt.encrypted | Confidence: 0.0% | Reason: Rapid file access (55 files)
2025-10-17 23:51:11 | iot_test_files/normal_encrypted/log_1760337384_4241.txt.encrypted | Confidence: 0.0% | Reason: High entropy (6.86)
2025-10-17 23:51:11 | iot_test_files/normal_encrypted/log_1760337384_4241.txt.encrypted | Confidence: 0.0% | Reason: High entropy (6.86)
2025-10-17 23:51:11 | iot_test_files/normal_encrypted/log_1760337384_4241.txt.encrypted | Confidence: 0.0% | Reason: Rapid file access (56 files)
2025-10-17 23:51:11 | iot_test_files/normal_encrypted/log_1760337384_4241.txt.encrypted | Confidence: 0.0% | Reason: Rapid file access (56 files)
2025-10-17 23:51:11 | iot_test_files/normal_encrypted/sensor_data_17.json.encrypted | Confidence: 0.0% | Reason: Rapid file access (57 files)
2025-10-17 23:51:11 | iot_test_files/normal_encrypted/sensor_data_17.json.encrypted | Confidence: 0.0% | Reason: Rapid file access (57 files)
2025-10-17 23:51:11 | iot_test_files/normal_encrypted/log_1760337909_7971.txt.encrypted | Confidence: 0.0% | Reason: High entropy (6.43)
2025-10-17 23:51:11 | iot_test_files/normal_encrypted/log_1760337909_7971.txt.encrypted | Confidence: 0.0% | Reason: High entropy (6.43)
2025-10-17 23:51:11 | iot_test_files/normal_encrypted/log_1760337909_7971.txt.encrypted | Confidence: 0.0% | Reason: Rapid file access (58 files)
2025-10-17 23:51:11 | iot_test_files/normal_encrypted/log_1760337909_7971.txt.encrypted | Confidence: 0.0% | Reason: Rapid file access (58 files)
2025-10-17 23:51:11 | iot_test_files/normal_encrypted/log_1760338692_4153.txt.encrypted | Confidence: 0.0% | Reason: High entropy (6.45)
2025-10-17 23:51:11 | iot_test_files/normal_encrypted/log_1760338692_4153.txt.encrypted | Confidence: 0.0% | Reason: High entropy (6.45)
2025-10-17 23:51:11 | iot_test_files/normal_encrypted/log_1760338692_4153.txt.encrypted | Confidence: 0.0% | Reason: Rapid file access (59 files)
2025-10-17 23:51:11 | iot_test_files/normal_encrypted/log_1760338692_4153.txt.encrypted | Confidence: 0.0% | Reason: Rapid file access (59 files)
2025-10-17 23:51:11 | iot_test_files/normal_encrypted/log_1760338692_4153.txt.encrypted | Confidence: 0.0% | Reason: High entropy (6.45)
2025-10-17 23:51:11 | iot_test_files/normal_encrypted/log_1760338692_4153.txt.encrypted | Confidence: 0.0% | Reason: High entropy (6.45)
2025-10-17 23:51:11 | iot_test_files/normal_encrypted/log_1760338692_4153.txt.encrypted | Confidence: 0.0% | Reason: Rapid file access (60 files)
2025-10-17 23:51:11 | iot_test_files/normal_encrypted/log_1760338692_4153.txt.encrypted | Confidence: 0.0% | Reason: Rapid file access (60 files)
2025-10-17 23:51:11 | iot_test_files/normal_encrypted/READ_ME_FOR_DECRYPT.txt | Confidence: 0.0% | Reason: Rapid file access (61 files)
2025-10-17 23:51:11 | iot_test_files/normal_encrypted/READ_ME_FOR_DECRYPT.txt | Confidence: 0.0% | Reason: Rapid file access (61 files)
2025-10-17 23:56:19 | iot_test_files/normal/normal_file_14.txt | Confidence: 0.0% | Reason: Rapid file access (16 files)
2025-10-17 23:56:19 | iot_test_files/normal/normal_file_14.txt | Confidence: 0.0% | Reason: Rapid file access (16 files)
2025-10-17 23:56:19 | iot_test_files/normal/normal_file_15.txt | Confidence: 0.0% | Reason: Rapid file access (17 files)
2025-10-17 23:56:19 | iot_test_files/normal/normal_file_15.txt | Confidence: 0.0% | Reason: Rapid file access (17 files)
2025-10-17 23:56:19 | iot_test_files/normal/normal_file_16.txt | Confidence: 0.0% | Reason: Rapid file access (18 files)
2025-10-17 23:56:19 | iot_test_files/normal/normal_file_16.txt | Confidence: 0.0% | Reason: Rapid file access (18 files)
2025-10-17 23:56:19 | iot_test_files/normal/normal_file_17.txt | Confidence: 0.0% | Reason: Rapid file access (19 files)
2025-10-17 23:56:19 | iot_test_files/normal/normal_file_17.txt | Confidence: 0.0% | Reason: Rapid file access (19 files)
2025-10-17 23:56:19 | iot_test_files/normal/normal_file_18.txt | Confidence: 0.0% | Reason: Rapid file access (20 files)
2025-10-17 23:56:19 | iot_test_files/normal/normal_file_18.txt | Confidence: 0.0% | Reason: Rapid file access (20 files)
2025-10-17 23:56:19 | iot_test_files/normal/normal_file_19.txt | Confidence: 0.0% | Reason: Rapid file access (21 files)
2025-10-17 23:56:19 | iot_test_files/normal/normal_file_19.txt | Confidence: 0.0% | Reason: Rapid file access (21 files)
2025-10-17 23:56:19 | iot_test_files/normal/READ_ME_FOR_DECRYPT.txt | Confidence: 0.0% | Reason: Rapid file access (22 files)
2025-10-17 23:56:19 | iot_test_files/normal/READ_ME_FOR_DECRYPT.txt | Confidence: 0.0% | Reason: Rapid file access (22 files)
2025-10-17 23:56:19 | iot_test_files/normal/normal_file_14.txt | Confidence: 0.0% | Reason: Rapid file access (16 files)
2025-10-17 23:56:19 | iot_test_files/normal/normal_file_14.txt | Confidence: 0.0% | Reason: Rapid file access (16 files)
2025-10-17 23:56:19 | iot_test_files/normal/normal_file_15.txt | Confidence: 0.0% | Reason: Rapid file access (17 files)
2025-10-17 23:56:19 | iot_test_files/normal/normal_file_15.txt | Confidence: 0.0% | Reason: Rapid file access (17 files)
2025-10-17 23:56:19 | iot_test_files/normal/normal_file_16.txt | Confidence: 0.0% | Reason: Rapid file access (18 files)
2025-10-17 23:56:19 | iot_test_files/normal/normal_file_16.txt | Confidence: 0.0% | Reason: Rapid file access (18 files)
2025-10-17 23:56:19 | iot_test_files/normal/normal_file_17.txt | Confidence: 0.0% | Reason: Rapid file access (19 files)
2025-10-17 23:56:19 | iot_test_files/normal/normal_file_17.txt | Confidence: 0.0% | Reason: Rapid file access (19 files)
2025-10-17 23:56:19 | iot_test_files/normal/normal_file_18.txt | Confidence: 0.0% | Reason: Rapid file access (20 files)
2025-10-17 23:56:19 | iot_test_files/normal/normal_file_18.txt | Confidence: 0.0% | Reason: Rapid file access (20 files)
2025-10-17 23:56:19 | iot_test_files/normal/normal_file_19.txt | Confidence: 0.0% | Reason: Rapid file access (21 files)
2025-10-17 23:56:19 | iot_test_files/normal/normal_file_19.txt | Confidence: 0.0% | Reason: Rapid file access (21 files)
2025-10-17 23:56:19 | iot_test_files/normal/READ_ME_FOR_DECRYPT.txt | Confidence: 0.0% | Reason: Rapid file access (22 files)
2025-10-17 23:56:19 | iot_test_files/normal/READ_ME_FOR_DECRYPT.txt | Confidence: 0.0% | Reason: Rapid file access (22 files)
2025-10-17 23:56:29 | iot_test_files/normal_encrypted/normal_file_14.txt.encrypted | Confidence: 0.0% | Reason: Rapid file access (20 files)
2025-10-17 23:56:29 | iot_test_files/normal_encrypted/normal_file_14.txt.encrypted | Confidence: 0.0% | Reason: Rapid file access (20 files)
2025-10-17 23:56:29 | iot_test_files/normal_encrypted/normal_file_14.txt.encrypted | Confidence: 0.0% | Reason: Rapid file access (23 files)
2025-10-17 23:56:29 | iot_test_files/normal_encrypted/normal_file_14.txt.encrypted | Confidence: 0.0% | Reason: Rapid file access (23 files)
2025-10-17 23:56:29 | iot_test_files/normal_encrypted/normal_file_1.txt.encrypted | Confidence: 0.0% | Reason: Rapid file access (19 files)
2025-10-17 23:56:29 | iot_test_files/normal_encrypted/normal_file_1.txt.encrypted | Confidence: 0.0% | Reason: Rapid file access (19 files)
2025-10-17 23:56:29 | iot_test_files/normal_encrypted/log_1760338429_6970.txt.encrypted | Confidence: 0.0% | Reason: High entropy (6.42)
2025-10-17 23:56:29 | iot_test_files/normal_encrypted/log_1760338429_6970.txt.encrypted | Confidence: 0.0% | Reason: High entropy (6.42)
2025-10-17 23:56:29 | iot_test_files/normal_encrypted/log_1760337909_7971.txt.encrypted | Confidence: 0.0% | Reason: High entropy (6.53)
2025-10-17 23:56:29 | iot_test_files/normal_encrypted/log_1760337909_7971.txt.encrypted | Confidence: 0.0% | Reason: High entropy (6.53)
2025-10-17 23:56:29 | iot_test_files/normal_encrypted/system_log_10.log.encrypted | Confidence: 0.0% | Reason: High entropy (6.95)
2025-10-17 23:56:29 | iot_test_files/normal_encrypted/system_log_10.log.encrypted | Confidence: 0.0% | Reason: High entropy (6.95)
2025-10-17 23:56:29 | iot_test_files/normal_encrypted/log_1760338429_6970.txt.encrypted | Confidence: 0.0% | Reason: High entropy (6.42)
2025-10-17 23:56:29 | iot_test_files/normal_encrypted/log_1760338429_6970.txt.encrypted | Confidence: 0.0% | Reason: High entropy (6.42)
2025-10-17 23:56:29 | iot_test_files/normal_encrypted/log_1760338571_6325.txt.encrypted | Confidence: 0.0% | Reason: High entropy (6.36)
2025-10-17 23:56:29 | iot_test_files/normal_encrypted/log_1760338571_6325.txt.encrypted | Confidence: 0.0% | Reason: High entropy (6.36)
2025-10-17 23:56:29 | iot_test_files/normal_encrypted/device_001.txt.encrypted.encrypted | Confidence: 0.0% | Reason: High entropy (6.45)
2025-10-17 23:56:29 | iot_test_files/normal_encrypted/device_001.txt.encrypted.encrypted | Confidence: 0.0% | Reason: High entropy (6.45)
2025-10-17 23:56:29 | iot_test_files/normal_encrypted/sensor_data_1.json.encrypted | Confidence: 0.0% | Reason: High entropy (6.50)
2025-10-17 23:56:29 | iot_test_files/normal_encrypted/sensor_data_1.json.encrypted | Confidence: 0.0% | Reason: High entropy (6.50)
2025-10-17 23:56:29 | iot_test_files/normal_encrypted/log_1760337263_2232.txt.encrypted | Confidence: 0.0% | Reason: High entropy (6.39)
2025-10-17 23:56:29 | iot_test_files/normal_encrypted/log_1760337263_2232.txt.encrypted | Confidence: 0.0% | Reason: High entropy (6.39)
2025-10-17 23:56:29 | iot_test_files/normal_encrypted/config_29_1760338253.txt.encrypted | Confidence: 0.0% | Reason: Rapid file access (16 files)
2025-10-17 23:56:29 | iot_test_files/normal_encrypted/config_29_1760338253.txt.encrypted | Confidence: 0.0% | Reason: Rapid file access (16 files)
2025-10-17 23:56:29 | iot_test_files/normal_encrypted/device_006.txt.encrypted.encrypted | Confidence: 0.0% | Reason: High entropy (6.49)
2025-10-17 23:56:29 | iot_test_files/normal_encrypted/device_006.txt.encrypted.encrypted | Confidence: 0.0% | Reason: High entropy (6.49)
2025-10-17 23:56:29 | iot_test_files/normal_encrypted/device_006.txt.encrypted.encrypted | Confidence: 0.0% | Reason: Rapid file access (17 files)
2025-10-17 23:56:29 | iot_test_files/normal_encrypted/device_006.txt.encrypted.encrypted | Confidence: 0.0% | Reason: Rapid file access (17 files)
2025-10-17 23:56:29 | iot_test_files/normal_encrypted/config_16_1760337003.txt.encrypted | Confidence: 0.0% | Reason: High entropy (6.71)
2025-10-17 23:56:29 | iot_test_files/normal_encrypted/config_16_1760337003.txt.encrypted | Confidence: 0.0% | Reason: High entropy (6.71)
2025-10-17 23:56:29 | iot_test_files/normal_encrypted/config_16_1760337003.txt.encrypted | Confidence: 0.0% | Reason: Rapid file access (18 files)
2025-10-17 23:56:29 | iot_test_files/normal_encrypted/config_16_1760337003.txt.encrypted | Confidence: 0.0% | Reason: Rapid file access (18 files)
2025-10-17 23:56:29 | iot_test_files/normal_encrypted/log_1760338644_8734.txt.encrypted | Confidence: 0.0% | Reason: High entropy (6.48)
2025-10-17 23:56:29 | iot_test_files/normal_encrypted/log_1760338644_8734.txt.encrypted | Confidence: 0.0% | Reason: High entropy (6.48)
2025-10-17 23:56:29 | iot_test_files/normal_encrypted/log_1760338644_8734.txt.encrypted | Confidence: 0.0% | Reason: Rapid file access (19 files)
2025-10-17 23:56:29 | iot_test_files/normal_encrypted/log_1760337909_7971.txt.encrypted | Confidence: 0.0% | Reason: High entropy (6.53)
2025-10-17 23:56:29 | iot_test_files/normal_encrypted/log_1760338644_8734.txt.encrypted | Confidence: 0.0% | Reason: Rapid file access (19 files)
2025-10-17 23:56:29 | iot_test_files/normal_encrypted/config_11_1760336931.txt.encrypted | Confidence: 0.0% | Reason: High entropy (6.46)
2025-10-17 23:56:29 | iot_test_files/normal_encrypted/config_11_1760336931.txt.encrypted | Confidence: 0.0% | Reason: High entropy (6.46)
2025-10-17 23:56:29 | iot_test_files/normal_encrypted/config_11_1760336931.txt.encrypted | Confidence: 0.0% | Reason: Rapid file access (20 files)
2025-10-17 23:56:29 | iot_test_files/normal_encrypted/config_11_1760336931.txt.encrypted | Confidence: 0.0% | Reason: Rapid file access (20 files)
2025-10-17 23:56:29 | iot_test_files/normal_encrypted/config_13_1760338181.txt.encrypted | Confidence: 0.0% | Reason: Rapid file access (21 files)
2025-10-17 23:56:29 | iot_test_files/normal_encrypted/config_13_1760338181.txt.encrypted | Confidence: 0.0% | Reason: Rapid file access (21 files)
2025-10-17 23:56:29 | iot_test_files/normal_encrypted/log_1760337117_4953.txt.encrypted | Confidence: 0.0% | Reason: High entropy (6.80)
2025-10-17 23:56:29 | iot_test_files/normal_encrypted/log_1760337117_4953.txt.encrypted | Confidence: 0.0% | Reason: High entropy (6.80)
2025-10-17 23:56:29 | iot_test_files/normal_encrypted/log_1760337117_4953.txt.encrypted | Confidence: 0.0% | Reason: Rapid file access (22 files)
2025-10-17 23:56:29 | iot_test_files/normal_encrypted/log_1760337117_4953.txt.encrypted | Confidence: 0.0% | Reason: Rapid file access (22 files)
2025-10-17 23:56:29 | iot_test_files/normal_encrypted/log_1760337909_7971.txt.encrypted | Confidence: 0.0% | Reason: High entropy (6.53)
2025-10-17 23:56:29 | iot_test_files/normal_encrypted/system_log_14.log.encrypted | Confidence: 0.0% | Reason: High entropy (6.42)
2025-10-17 23:56:29 | iot_test_files/normal_encrypted/system_log_14.log.encrypted | Confidence: 0.0% | Reason: High entropy (6.42)
2025-10-17 23:56:29 | iot_test_files/normal_encrypted/system_log_14.log.encrypted | Confidence: 0.0% | Reason: Rapid file access (23 files)
2025-10-17 23:56:29 | iot_test_files/normal_encrypted/system_log_14.log.encrypted | Confidence: 0.0% | Reason: Rapid file access (23 files)
2025-10-17 23:56:29 | iot_test_files/normal_encrypted/device_009.txt.encrypted.encrypted | Confidence: 0.0% | Reason: High entropy (6.51)
2025-10-17 23:56:29 | iot_test_files/normal_encrypted/device_009.txt.encrypted.encrypted | Confidence: 0.0% | Reason: High entropy (6.51)
2025-10-17 23:56:29 | iot_test_files/normal_encrypted/device_009.txt.encrypted.encrypted | Confidence: 0.0% | Reason: Rapid file access (24 files)
2025-10-17 23:56:29 | iot_test_files/normal_encrypted/device_009.txt.encrypted.encrypted | Confidence: 0.0% | Reason: Rapid file access (24 files)
2025-10-17 23:56:29 | iot_test_files/normal_encrypted/device_009.txt.encrypted.encrypted | Confidence: 0.0% | Reason: High entropy (6.51)
2025-10-17 23:56:29 | iot_test_files/normal_encrypted/device_009.txt.encrypted.encrypted | Confidence: 0.0% | Reason: High entropy (6.51)
2025-10-17 23:56:29 | iot_test_files/normal_encrypted/device_009.txt.encrypted.encrypted | Confidence: 0.0% | Reason: Rapid file access (25 files)
2025-10-17 23:56:29 | iot_test_files/normal_encrypted/device_009.txt.encrypted.encrypted | Confidence: 0.0% | Reason: Rapid file access (25 files)
2025-10-17 23:56:29 | iot_test_files/normal_encrypted/device_007.txt.encrypted.encrypted | Confidence: 0.0% | Reason: High entropy (6.47)
2025-10-17 23:56:29 | iot_test_files/normal_encrypted/device_007.txt.encrypted.encrypted | Confidence: 0.0% | Reason: High entropy (6.47)
2025-10-17 23:56:29 | iot_test_files/normal_encrypted/device_007.txt.encrypted.encrypted | Confidence: 0.0% | Reason: Rapid file access (26 files)
2025-10-17 23:56:29 | iot_test_files/normal_encrypted/device_007.txt.encrypted.encrypted | Confidence: 0.0% | Reason: Rapid file access (26 files)
2025-10-17 23:56:29 | iot_test_files/normal_encrypted/backup_data_3.dat.encrypted | Confidence: 0.0% | Reason: High entropy (6.63)
2025-10-17 23:56:29 | iot_test_files/normal_encrypted/backup_data_3.dat.encrypted | Confidence: 0.0% | Reason: High entropy (6.63)
2025-10-17 23:56:29 | iot_test_files/normal_encrypted/backup_data_3.dat.encrypted | Confidence: 0.0% | Reason: Rapid file access (27 files)
2025-10-17 23:56:29 | iot_test_files/normal_encrypted/backup_data_3.dat.encrypted | Confidence: 0.0% | Reason: Rapid file access (27 files)
2025-10-17 23:56:29 | iot_test_files/normal_encrypted/config_38_1760338265.txt.encrypted | Confidence: 0.0% | Reason: Rapid file access (28 files)
2025-10-17 23:56:29 | iot_test_files/normal_encrypted/config_38_1760338265.txt.encrypted | Confidence: 0.0% | Reason: Rapid file access (28 files)
2025-10-17 23:56:29 | iot_test_files/normal_encrypted/config_13_1760337219.txt.encrypted | Confidence: 0.0% | Reason: Rapid file access (29 files)
2025-10-17 23:56:29 | iot_test_files/normal_encrypted/config_13_1760337219.txt.encrypted | Confidence: 0.0% | Reason: Rapid file access (29 files)
2025-10-17 23:56:29 | iot_test_files/normal_encrypted/system_log_10.log.encrypted | Confidence: 0.0% | Reason: High entropy (6.95)
2025-10-17 23:56:29 | iot_test_files/normal_encrypted/log_1760337970_2456.txt.encrypted | Confidence: 0.0% | Reason: High entropy (6.90)
2025-10-17 23:56:29 | iot_test_files/normal_encrypted/log_1760337970_2456.txt.encrypted | Confidence: 0.0% | Reason: High entropy (6.90)
2025-10-17 23:56:29 | iot_test_files/normal_encrypted/log_1760337970_2456.txt.encrypted | Confidence: 0.0% | Reason: Rapid file access (30 files)
2025-10-17 23:56:29 | iot_test_files/normal_encrypted/log_1760337970_2456.txt.encrypted | Confidence: 0.0% | Reason: Rapid file access (30 files)
2025-10-17 23:56:29 | iot_test_files/normal_encrypted/system_log_10.log.encrypted | Confidence: 0.0% | Reason: High entropy (6.95)
2025-10-17 23:56:29 | iot_test_files/normal_encrypted/sensor_data_17.json.encrypted | Confidence: 0.0% | Reason: Rapid file access (31 files)
2025-10-17 23:56:29 | iot_test_files/normal_encrypted/sensor_data_17.json.encrypted | Confidence: 0.0% | Reason: Rapid file access (31 files)
2025-10-17 23:56:29 | iot_test_files/normal_encrypted/log_1760338356_5549.txt.encrypted | Confidence: 0.0% | Reason: High entropy (6.52)
2025-10-17 23:56:29 | iot_test_files/normal_encrypted/log_1760338356_5549.txt.encrypted | Confidence: 0.0% | Reason: High entropy (6.52)
2025-10-17 23:56:29 | iot_test_files/normal_encrypted/log_1760338356_5549.txt.encrypted | Confidence: 0.0% | Reason: Rapid file access (32 files)
2025-10-17 23:56:29 | iot_test_files/normal_encrypted/log_1760338356_5549.txt.encrypted | Confidence: 0.0% | Reason: Rapid file access (32 files)
2025-10-17 23:56:29 | iot_test_files/normal_encrypted/config_0_1760338649.txt.encrypted | Confidence: 0.0% | Reason: Rapid file access (33 files)
2025-10-17 23:56:29 | iot_test_files/normal_encrypted/config_0_1760338649.txt.encrypted | Confidence: 0.0% | Reason: Rapid file access (33 files)
2025-10-17 23:56:29 | iot_test_files/normal_encrypted/config_0_1760338649.txt.encrypted | Confidence: 0.0% | Reason: Rapid file access (34 files)
2025-10-17 23:56:29 | iot_test_files/normal_encrypted/config_0_1760338649.txt.encrypted | Confidence: 0.0% | Reason: Rapid file access (34 files)
2025-10-17 23:56:29 | iot_test_files/normal_encrypted/log_1760338571_6325.txt.encrypted | Confidence: 0.0% | Reason: High entropy (6.36)
2025-10-17 23:56:29 | iot_test_files/normal_encrypted/normal_file_10.txt.encrypted | Confidence: 0.0% | Reason: Rapid file access (35 files)
2025-10-17 23:56:29 | iot_test_files/normal_encrypted/normal_file_10.txt.encrypted | Confidence: 0.0% | Reason: Rapid file access (35 files)
2025-10-17 23:56:29 | iot_test_files/normal_encrypted/log_1760338151_4998.txt.encrypted | Confidence: 0.0% | Reason: High entropy (6.83)
2025-10-17 23:56:29 | iot_test_files/normal_encrypted/log_1760338571_6325.txt.encrypted | Confidence: 0.0% | Reason: High entropy (6.36)
2025-10-17 23:56:29 | iot_test_files/normal_encrypted/log_1760338151_4998.txt.encrypted | Confidence: 0.0% | Reason: High entropy (6.83)
2025-10-17 23:56:29 | iot_test_files/normal_encrypted/log_1760338151_4998.txt.encrypted | Confidence: 0.0% | Reason: Rapid file access (36 files)
2025-10-17 23:56:29 | iot_test_files/normal_encrypted/log_1760338151_4998.txt.encrypted | Confidence: 0.0% | Reason: Rapid file access (36 files)
2025-10-17 23:56:29 | iot_test_files/normal_encrypted/log_1760337384_4241.txt.encrypted | Confidence: 0.0% | Reason: High entropy (6.83)
2025-10-17 23:56:29 | iot_test_files/normal_encrypted/log_1760337384_4241.txt.encrypted | Confidence: 0.0% | Reason: High entropy (6.83)
2025-10-17 23:56:29 | iot_test_files/normal_encrypted/log_1760337384_4241.txt.encrypted | Confidence: 0.0% | Reason: Rapid file access (37 files)
2025-10-17 23:56:29 | iot_test_files/normal_encrypted/log_1760337384_4241.txt.encrypted | Confidence: 0.0% | Reason: Rapid file access (37 files)
2025-10-17 23:56:29 | iot_test_files/normal_encrypted/backup_data_19.dat.encrypted | Confidence: 0.0% | Reason: High entropy (7.10)
2025-10-17 23:56:29 | iot_test_files/normal_encrypted/backup_data_19.dat.encrypted | Confidence: 0.0% | Reason: High entropy (7.10)
2025-10-17 23:56:29 | iot_test_files/normal_encrypted/backup_data_19.dat.encrypted | Confidence: 0.0% | Reason: Rapid file access (38 files)
2025-10-17 23:56:29 | iot_test_files/normal_encrypted/backup_data_19.dat.encrypted | Confidence: 0.0% | Reason: Rapid file access (38 files)
2025-10-17 23:56:29 | iot_test_files/normal_encrypted/normal_file_11.txt.encrypted | Confidence: 0.0% | Reason: Rapid file access (39 files)
2025-10-17 23:56:29 | iot_test_files/normal_encrypted/normal_file_11.txt.encrypted | Confidence: 0.0% | Reason: Rapid file access (39 files)
2025-10-17 23:56:29 | iot_test_files/normal_encrypted/device_008.txt.encrypted.encrypted | Confidence: 0.0% | Reason: High entropy (6.54)
2025-10-17 23:56:29 | iot_test_files/normal_encrypted/device_008.txt.encrypted.encrypted | Confidence: 0.0% | Reason: High entropy (6.54)
2025-10-17 23:56:29 | iot_test_files/normal_encrypted/device_008.txt.encrypted.encrypted | Confidence: 0.0% | Reason: Rapid file access (40 files)
2025-10-17 23:56:29 | iot_test_files/normal_encrypted/device_008.txt.encrypted.encrypted | Confidence: 0.0% | Reason: Rapid file access (40 files)
2025-10-17 23:56:29 | iot_test_files/normal_encrypted/device_001.txt.encrypted.encrypted | Confidence: 0.0% | Reason: High entropy (6.45)
2025-10-17 23:56:29 | iot_test_files/normal_encrypted/log_1760337178_3358.txt.encrypted | Confidence: 0.0% | Reason: High entropy (6.31)
2025-10-17 23:56:29 | iot_test_files/normal_encrypted/log_1760337178_3358.txt.encrypted | Confidence: 0.0% | Reason: High entropy (6.31)
2025-10-17 23:56:29 | iot_test_files/normal_encrypted/log_1760337178_3358.txt.encrypted | Confidence: 0.0% | Reason: Rapid file access (41 files)
2025-10-17 23:56:29 | iot_test_files/normal_encrypted/log_1760337178_3358.txt.encrypted | Confidence: 0.0% | Reason: Rapid file access (41 files)
2025-10-17 23:56:29 | iot_test_files/normal_encrypted/log_1760338692_4153.txt.encrypted | Confidence: 0.0% | Reason: High entropy (6.38)
2025-10-17 23:56:29 | iot_test_files/normal_encrypted/log_1760338692_4153.txt.encrypted | Confidence: 0.0% | Reason: High entropy (6.38)
2025-10-17 23:56:29 | iot_test_files/normal_encrypted/device_001.txt.encrypted.encrypted | Confidence: 0.0% | Reason: High entropy (6.45)
2025-10-17 23:56:29 | iot_test_files/normal_encrypted/log_1760338692_4153.txt.encrypted | Confidence: 0.0% | Reason: Rapid file access (42 files)
2025-10-17 23:56:29 | iot_test_files/normal_encrypted/log_1760338692_4153.txt.encrypted | Confidence: 0.0% | Reason: Rapid file access (42 files)
2025-10-17 23:56:29 | iot_test_files/normal_encrypted/config_4_1760337207.txt.encrypted | Confidence: 0.0% | Reason: Rapid file access (43 files)
2025-10-17 23:56:29 | iot_test_files/normal_encrypted/config_4_1760337207.txt.encrypted | Confidence: 0.0% | Reason: Rapid file access (43 files)
2025-10-17 23:56:29 | iot_test_files/normal_encrypted/log_1760337420_7598.txt.encrypted | Confidence: 0.0% | Reason: High entropy (6.46)
2025-10-17 23:56:29 | iot_test_files/normal_encrypted/log_1760337420_7598.txt.encrypted | Confidence: 0.0% | Reason: High entropy (6.46)
2025-10-17 23:56:29 | iot_test_files/normal_encrypted/log_1760337420_7598.txt.encrypted | Confidence: 0.0% | Reason: Rapid file access (44 files)
2025-10-17 23:56:29 | iot_test_files/normal_encrypted/log_1760337420_7598.txt.encrypted | Confidence: 0.0% | Reason: Rapid file access (44 files)
2025-10-17 23:56:29 | iot_test_files/normal_encrypted/log_1760337323_9773.txt.encrypted | Confidence: 0.0% | Reason: High entropy (6.30)
2025-10-17 23:56:29 | iot_test_files/normal_encrypted/log_1760337323_9773.txt.encrypted | Confidence: 0.0% | Reason: High entropy (6.30)
2025-10-17 23:56:29 | iot_test_files/normal_encrypted/log_1760337323_9773.txt.encrypted | Confidence: 0.0% | Reason: Rapid file access (45 files)
2025-10-17 23:56:29 | iot_test_files/normal_encrypted/log_1760337323_9773.txt.encrypted | Confidence: 0.0% | Reason: Rapid file access (45 files)
2025-10-17 23:56:29 | iot_test_files/normal_encrypted/config_12_1760338529.txt.encrypted | Confidence: 0.0% | Reason: Rapid file access (46 files)
2025-10-17 23:56:29 | iot_test_files/normal_encrypted/config_12_1760338529.txt.encrypted | Confidence: 0.0% | Reason: Rapid file access (46 files)
2025-10-17 23:56:29 | iot_test_files/normal_encrypted/config_42_1760338565.txt.encrypted | Confidence: 0.0% | Reason: High entropy (6.29)
2025-10-17 23:56:29 | iot_test_files/normal_encrypted/config_42_1760338565.txt.encrypted | Confidence: 0.0% | Reason: High entropy (6.29)
2025-10-17 23:56:29 | iot_test_files/normal_encrypted/config_42_1760338565.txt.encrypted | Confidence: 0.0% | Reason: Rapid file access (47 files)
2025-10-17 23:56:29 | iot_test_files/normal_encrypted/config_42_1760338565.txt.encrypted | Confidence: 0.0% | Reason: Rapid file access (47 files)
2025-10-17 23:56:29 | iot_test_files/normal_encrypted/log_1760337105_7414.txt.encrypted | Confidence: 0.0% | Reason: High entropy (6.75)
2025-10-17 23:56:29 | iot_test_files/normal_encrypted/log_1760337105_7414.txt.encrypted | Confidence: 0.0% | Reason: High entropy (6.75)
2025-10-17 23:56:29 | iot_test_files/normal_encrypted/log_1760337105_7414.txt.encrypted | Confidence: 0.0% | Reason: Rapid file access (48 files)
2025-10-17 23:56:29 | iot_test_files/normal_encrypted/log_1760337105_7414.txt.encrypted | Confidence: 0.0% | Reason: Rapid file access (48 files)
2025-10-17 23:56:29 | iot_test_files/normal_encrypted/log_1760338506_9644.txt.encrypted | Confidence: 0.0% | Reason: High entropy (6.46)
2025-10-17 23:56:29 | iot_test_files/normal_encrypted/log_1760338506_9644.txt.encrypted | Confidence: 0.0% | Reason: High entropy (6.46)
2025-10-17 23:56:29 | iot_test_files/normal_encrypted/log_1760338506_9644.txt.encrypted | Confidence: 0.0% | Reason: Rapid file access (49 files)
2025-10-17 23:56:29 | iot_test_files/normal_encrypted/log_1760338506_9644.txt.encrypted | Confidence: 0.0% | Reason: Rapid file access (49 files)
2025-10-17 23:56:29 | iot_test_files/normal_encrypted/config_device_0.cfg.encrypted | Confidence: 0.0% | Reason: High entropy (7.55)
2025-10-17 23:56:29 | iot_test_files/normal_encrypted/config_device_0.cfg.encrypted | Confidence: 0.0% | Reason: High entropy (7.55)
2025-10-17 23:56:29 | iot_test_files/normal_encrypted/config_device_0.cfg.encrypted | Confidence: 0.0% | Reason: Rapid file access (50 files)
2025-10-17 23:56:29 | iot_test_files/normal_encrypted/config_device_0.cfg.encrypted | Confidence: 0.0% | Reason: Rapid file access (50 files)
2025-10-17 23:56:29 | iot_test_files/normal_encrypted/log_1760338453_9813.txt.encrypted | Confidence: 0.0% | Reason: High entropy (6.40)
2025-10-17 23:56:29 | iot_test_files/normal_encrypted/log_1760338453_9813.txt.encrypted | Confidence: 0.0% | Reason: High entropy (6.40)
2025-10-17 23:56:29 | iot_test_files/normal_encrypted/log_1760338453_9813.txt.encrypted | Confidence: 0.0% | Reason: Rapid file access (51 files)
2025-10-17 23:56:29 | iot_test_files/normal_encrypted/log_1760338453_9813.txt.encrypted | Confidence: 0.0% | Reason: Rapid file access (51 files)
2025-10-17 23:56:29 | iot_test_files/normal_encrypted/normal_file_3.txt.encrypted | Confidence: 0.0% | Reason: Rapid file access (52 files)
2025-10-17 23:56:29 | iot_test_files/normal_encrypted/normal_file_3.txt.encrypted | Confidence: 0.0% | Reason: Rapid file access (52 files)
2025-10-17 23:56:29 | iot_test_files/normal_encrypted/normal_file_3.txt.encrypted | Confidence: 0.0% | Reason: Rapid file access (53 files)
2025-10-17 23:56:29 | iot_test_files/normal_encrypted/normal_file_3.txt.encrypted | Confidence: 0.0% | Reason: Rapid file access (53 files)
2025-10-17 23:56:29 | iot_test_files/normal_encrypted/normal_file_9.txt.encrypted | Confidence: 0.0% | Reason: Rapid file access (54 files)
2025-10-17 23:56:29 | iot_test_files/normal_encrypted/normal_file_9.txt.encrypted | Confidence: 0.0% | Reason: Rapid file access (54 files)
2025-10-17 23:56:29 | iot_test_files/normal_encrypted/log_1760336629_7095.txt.encrypted | Confidence: 0.0% | Reason: High entropy (6.77)
2025-10-17 23:56:29 | iot_test_files/normal_encrypted/log_1760336629_7095.txt.encrypted | Confidence: 0.0% | Reason: High entropy (6.77)
2025-10-17 23:56:29 | iot_test_files/normal_encrypted/log_1760336629_7095.txt.encrypted | Confidence: 0.0% | Reason: Rapid file access (55 files)
2025-10-17 23:56:29 | iot_test_files/normal_encrypted/log_1760336629_7095.txt.encrypted | Confidence: 0.0% | Reason: Rapid file access (55 files)
2025-10-17 23:56:29 | iot_test_files/normal_encrypted/normal_file_7.txt.encrypted | Confidence: 0.0% | Reason: Rapid file access (56 files)
2025-10-17 23:56:29 | iot_test_files/normal_encrypted/normal_file_7.txt.encrypted | Confidence: 0.0% | Reason: Rapid file access (56 files)
2025-10-17 23:56:29 | iot_test_files/normal_encrypted/log_1760338175_8534.txt.encrypted | Confidence: 0.0% | Reason: High entropy (6.42)
2025-10-17 23:56:29 | iot_test_files/normal_encrypted/log_1760338175_8534.txt.encrypted | Confidence: 0.0% | Reason: High entropy (6.42)
2025-10-17 23:56:29 | iot_test_files/normal_encrypted/log_1760338175_8534.txt.encrypted | Confidence: 0.0% | Reason: Rapid file access (57 files)
2025-10-17 23:56:29 | iot_test_files/normal_encrypted/log_1760338175_8534.txt.encrypted | Confidence: 0.0% | Reason: Rapid file access (57 files)
2025-10-17 23:56:29 | iot_test_files/normal_encrypted/log_1760338595_4194.txt.encrypted | Confidence: 0.0% | Reason: High entropy (6.42)
2025-10-17 23:56:29 | iot_test_files/normal_encrypted/log_1760338595_4194.txt.encrypted | Confidence: 0.0% | Reason: High entropy (6.42)
2025-10-17 23:56:29 | iot_test_files/normal_encrypted/log_1760338595_4194.txt.encrypted | Confidence: 0.0% | Reason: Rapid file access (58 files)
2025-10-17 23:56:29 | iot_test_files/normal_encrypted/log_1760338595_4194.txt.encrypted | Confidence: 0.0% | Reason: Rapid file access (58 files)
2025-10-17 23:56:29 | iot_test_files/normal_encrypted/log_1760338595_4194.txt.encrypted | Confidence: 0.0% | Reason: High entropy (6.42)
2025-10-17 23:56:29 | iot_test_files/normal_encrypted/log_1760338595_4194.txt.encrypted | Confidence: 0.0% | Reason: High entropy (6.42)
2025-10-17 23:56:29 | iot_test_files/normal_encrypted/log_1760338595_4194.txt.encrypted | Confidence: 0.0% | Reason: Rapid file access (59 files)
2025-10-17 23:56:29 | iot_test_files/normal_encrypted/log_1760338595_4194.txt.encrypted | Confidence: 0.0% | Reason: Rapid file access (59 files)
2025-10-17 23:56:29 | iot_test_files/normal_encrypted/READ_ME_FOR_DECRYPT.txt | Confidence: 0.0% | Reason: Rapid file access (60 files)
2025-10-17 23:56:29 | iot_test_files/normal_encrypted/READ_ME_FOR_DECRYPT.txt | Confidence: 0.0% | Reason: Rapid file access (60 files)
2025-10-17 23:56:29 | iot_test_files/normal_encrypted/sensor_data_1.json.encrypted | Confidence: 0.0% | Reason: High entropy (6.50)
2025-10-17 23:56:29 | iot_test_files/normal_encrypted/sensor_data_1.json.encrypted | Confidence: 0.0% | Reason: High entropy (6.50)
2025-10-17 23:56:29 | iot_test_files/normal_encrypted/log_1760337263_2232.txt.encrypted | Confidence: 0.0% | Reason: High entropy (6.39)
2025-10-17 23:56:29 | iot_test_files/normal_encrypted/log_1760337263_2232.txt.encrypted | Confidence: 0.0% | Reason: High entropy (6.39)
2025-10-17 23:56:29 | iot_test_files/normal_encrypted/config_29_1760338253.txt.encrypted | Confidence: 0.0% | Reason: Rapid file access (16 files)
2025-10-17 23:56:29 | iot_test_files/normal_encrypted/config_29_1760338253.txt.encrypted | Confidence: 0.0% | Reason: Rapid file access (16 files)
2025-10-17 23:56:29 | iot_test_files/normal_encrypted/device_006.txt.encrypted.encrypted | Confidence: 0.0% | Reason: High entropy (6.49)
2025-10-17 23:56:29 | iot_test_files/normal_encrypted/device_006.txt.encrypted.encrypted | Confidence: 0.0% | Reason: High entropy (6.49)
2025-10-17 23:56:29 | iot_test_files/normal_encrypted/device_006.txt.encrypted.encrypted | Confidence: 0.0% | Reason: Rapid file access (17 files)
2025-10-17 23:56:29 | iot_test_files/normal_encrypted/device_006.txt.encrypted.encrypted | Confidence: 0.0% | Reason: Rapid file access (17 files)
2025-10-17 23:56:29 | iot_test_files/normal_encrypted/config_16_1760337003.txt.encrypted | Confidence: 0.0% | Reason: High entropy (6.71)
2025-10-17 23:56:29 | iot_test_files/normal_encrypted/config_16_1760337003.txt.encrypted | Confidence: 0.0% | Reason: High entropy (6.71)
2025-10-17 23:56:29 | iot_test_files/normal_encrypted/config_16_1760337003.txt.encrypted | Confidence: 0.0% | Reason: Rapid file access (18 files)
2025-10-17 23:56:29 | iot_test_files/normal_encrypted/config_16_1760337003.txt.encrypted | Confidence: 0.0% | Reason: Rapid file access (18 files)
2025-10-17 23:56:29 | iot_test_files/normal_encrypted/log_1760338644_8734.txt.encrypted | Confidence: 0.0% | Reason: High entropy (6.48)
2025-10-17 23:56:29 | iot_test_files/normal_encrypted/log_1760338644_8734.txt.encrypted | Confidence: 0.0% | Reason: High entropy (6.48)
2025-10-17 23:56:29 | iot_test_files/normal_encrypted/log_1760338644_8734.txt.encrypted | Confidence: 0.0% | Reason: Rapid file access (19 files)
2025-10-17 23:56:29 | iot_test_files/normal_encrypted/log_1760338644_8734.txt.encrypted | Confidence: 0.0% | Reason: Rapid file access (19 files)
2025-10-17 23:56:29 | iot_test_files/normal_encrypted/config_11_1760336931.txt.encrypted | Confidence: 0.0% | Reason: High entropy (6.46)
2025-10-17 23:56:29 | iot_test_files/normal_encrypted/config_11_1760336931.txt.encrypted | Confidence: 0.0% | Reason: High entropy (6.46)
2025-10-17 23:56:29 | iot_test_files/normal_encrypted/config_11_1760336931.txt.encrypted | Confidence: 0.0% | Reason: Rapid file access (20 files)
2025-10-17 23:56:29 | iot_test_files/normal_encrypted/config_11_1760336931.txt.encrypted | Confidence: 0.0% | Reason: Rapid file access (20 files)
2025-10-17 23:56:29 | iot_test_files/normal_encrypted/config_13_1760338181.txt.encrypted | Confidence: 0.0% | Reason: Rapid file access (21 files)
2025-10-17 23:56:29 | iot_test_files/normal_encrypted/config_13_1760338181.txt.encrypted | Confidence: 0.0% | Reason: Rapid file access (21 files)
2025-10-17 23:56:29 | iot_test_files/normal_encrypted/log_1760337117_4953.txt.encrypted | Confidence: 0.0% | Reason: High entropy (6.80)
2025-10-17 23:56:29 | iot_test_files/normal_encrypted/log_1760337117_4953.txt.encrypted | Confidence: 0.0% | Reason: High entropy (6.80)
2025-10-17 23:56:29 | iot_test_files/normal_encrypted/log_1760337117_4953.txt.encrypted | Confidence: 0.0% | Reason: Rapid file access (22 files)
2025-10-17 23:56:29 | iot_test_files/normal_encrypted/log_1760337117_4953.txt.encrypted | Confidence: 0.0% | Reason: Rapid file access (22 files)
2025-10-17 23:56:30 | iot_test_files/normal_encrypted/system_log_14.log.encrypted | Confidence: 0.0% | Reason: High entropy (6.42)
2025-10-17 23:56:30 | iot_test_files/normal_encrypted/system_log_14.log.encrypted | Confidence: 0.0% | Reason: High entropy (6.42)
2025-10-17 23:56:30 | iot_test_files/normal_encrypted/system_log_14.log.encrypted | Confidence: 0.0% | Reason: Rapid file access (23 files)
2025-10-17 23:56:30 | iot_test_files/normal_encrypted/system_log_14.log.encrypted | Confidence: 0.0% | Reason: Rapid file access (23 files)
2025-10-17 23:56:30 | iot_test_files/normal_encrypted/device_009.txt.encrypted.encrypted | Confidence: 0.0% | Reason: High entropy (6.51)
2025-10-17 23:56:30 | iot_test_files/normal_encrypted/device_009.txt.encrypted.encrypted | Confidence: 0.0% | Reason: High entropy (6.51)
2025-10-17 23:56:30 | iot_test_files/normal_encrypted/device_009.txt.encrypted.encrypted | Confidence: 0.0% | Reason: Rapid file access (24 files)
2025-10-17 23:56:30 | iot_test_files/normal_encrypted/device_009.txt.encrypted.encrypted | Confidence: 0.0% | Reason: Rapid file access (24 files)
2025-10-17 23:56:30 | iot_test_files/normal_encrypted/device_009.txt.encrypted.encrypted | Confidence: 0.0% | Reason: High entropy (6.51)
2025-10-17 23:56:30 | iot_test_files/normal_encrypted/device_009.txt.encrypted.encrypted | Confidence: 0.0% | Reason: High entropy (6.51)
2025-10-17 23:56:30 | iot_test_files/normal_encrypted/device_009.txt.encrypted.encrypted | Confidence: 0.0% | Reason: Rapid file access (25 files)
2025-10-17 23:56:30 | iot_test_files/normal_encrypted/device_009.txt.encrypted.encrypted | Confidence: 0.0% | Reason: Rapid file access (25 files)
2025-10-17 23:56:30 | iot_test_files/normal_encrypted/device_007.txt.encrypted.encrypted | Confidence: 0.0% | Reason: High entropy (6.47)
2025-10-17 23:56:30 | iot_test_files/normal_encrypted/device_007.txt.encrypted.encrypted | Confidence: 0.0% | Reason: High entropy (6.47)
2025-10-17 23:56:30 | iot_test_files/normal_encrypted/device_007.txt.encrypted.encrypted | Confidence: 0.0% | Reason: Rapid file access (26 files)
2025-10-17 23:56:30 | iot_test_files/normal_encrypted/device_007.txt.encrypted.encrypted | Confidence: 0.0% | Reason: Rapid file access (26 files)
2025-10-17 23:56:30 | iot_test_files/normal_encrypted/backup_data_3.dat.encrypted | Confidence: 0.0% | Reason: High entropy (6.63)
2025-10-17 23:56:30 | iot_test_files/normal_encrypted/backup_data_3.dat.encrypted | Confidence: 0.0% | Reason: High entropy (6.63)
2025-10-17 23:56:30 | iot_test_files/normal_encrypted/backup_data_3.dat.encrypted | Confidence: 0.0% | Reason: Rapid file access (27 files)
2025-10-17 23:56:30 | iot_test_files/normal_encrypted/backup_data_3.dat.encrypted | Confidence: 0.0% | Reason: Rapid file access (27 files)
2025-10-17 23:56:30 | iot_test_files/normal_encrypted/config_38_1760338265.txt.encrypted | Confidence: 0.0% | Reason: Rapid file access (28 files)
2025-10-17 23:56:30 | iot_test_files/normal_encrypted/config_38_1760338265.txt.encrypted | Confidence: 0.0% | Reason: Rapid file access (28 files)
2025-10-17 23:56:30 | iot_test_files/normal_encrypted/config_13_1760337219.txt.encrypted | Confidence: 0.0% | Reason: Rapid file access (29 files)
2025-10-17 23:56:30 | iot_test_files/normal_encrypted/config_13_1760337219.txt.encrypted | Confidence: 0.0% | Reason: Rapid file access (29 files)
2025-10-17 23:56:30 | iot_test_files/normal_encrypted/log_1760337970_2456.txt.encrypted | Confidence: 0.0% | Reason: High entropy (6.90)
2025-10-17 23:56:30 | iot_test_files/normal_encrypted/log_1760337970_2456.txt.encrypted | Confidence: 0.0% | Reason: High entropy (6.90)
2025-10-17 23:56:30 | iot_test_files/normal_encrypted/log_1760337970_2456.txt.encrypted | Confidence: 0.0% | Reason: Rapid file access (30 files)
2025-10-17 23:56:30 | iot_test_files/normal_encrypted/log_1760337970_2456.txt.encrypted | Confidence: 0.0% | Reason: Rapid file access (30 files)
2025-10-17 23:56:30 | iot_test_files/normal_encrypted/sensor_data_17.json.encrypted | Confidence: 0.0% | Reason: Rapid file access (31 files)
2025-10-17 23:56:30 | iot_test_files/normal_encrypted/sensor_data_17.json.encrypted | Confidence: 0.0% | Reason: Rapid file access (31 files)
2025-10-17 23:56:30 | iot_test_files/normal_encrypted/log_1760338356_5549.txt.encrypted | Confidence: 0.0% | Reason: High entropy (6.52)
2025-10-17 23:56:30 | iot_test_files/normal_encrypted/log_1760338356_5549.txt.encrypted | Confidence: 0.0% | Reason: High entropy (6.52)
2025-10-17 23:56:30 | iot_test_files/normal_encrypted/log_1760338356_5549.txt.encrypted | Confidence: 0.0% | Reason: Rapid file access (32 files)
2025-10-17 23:56:30 | iot_test_files/normal_encrypted/log_1760338356_5549.txt.encrypted | Confidence: 0.0% | Reason: Rapid file access (32 files)
2025-10-17 23:56:30 | iot_test_files/normal_encrypted/config_0_1760338649.txt.encrypted | Confidence: 0.0% | Reason: Rapid file access (33 files)
2025-10-17 23:56:30 | iot_test_files/normal_encrypted/config_0_1760338649.txt.encrypted | Confidence: 0.0% | Reason: Rapid file access (33 files)
2025-10-17 23:56:30 | iot_test_files/normal_encrypted/config_0_1760338649.txt.encrypted | Confidence: 0.0% | Reason: Rapid file access (34 files)
2025-10-17 23:56:30 | iot_test_files/normal_encrypted/config_0_1760338649.txt.encrypted | Confidence: 0.0% | Reason: Rapid file access (34 files)
2025-10-17 23:56:30 | iot_test_files/normal_encrypted/normal_file_10.txt.encrypted | Confidence: 0.0% | Reason: Rapid file access (35 files)
2025-10-17 23:56:30 | iot_test_files/normal_encrypted/normal_file_10.txt.encrypted | Confidence: 0.0% | Reason: Rapid file access (35 files)
2025-10-17 23:56:30 | iot_test_files/normal_encrypted/log_1760338151_4998.txt.encrypted | Confidence: 0.0% | Reason: High entropy (6.83)
2025-10-17 23:56:30 | iot_test_files/normal_encrypted/log_1760338151_4998.txt.encrypted | Confidence: 0.0% | Reason: High entropy (6.83)
2025-10-17 23:56:30 | iot_test_files/normal_encrypted/log_1760338151_4998.txt.encrypted | Confidence: 0.0% | Reason: Rapid file access (36 files)
2025-10-17 23:56:30 | iot_test_files/normal_encrypted/log_1760338151_4998.txt.encrypted | Confidence: 0.0% | Reason: Rapid file access (36 files)
2025-10-17 23:56:30 | iot_test_files/normal_encrypted/log_1760337384_4241.txt.encrypted | Confidence: 0.0% | Reason: High entropy (6.83)
2025-10-17 23:56:30 | iot_test_files/normal_encrypted/log_1760337384_4241.txt.encrypted | Confidence: 0.0% | Reason: High entropy (6.83)
2025-10-17 23:56:30 | iot_test_files/normal_encrypted/log_1760337384_4241.txt.encrypted | Confidence: 0.0% | Reason: Rapid file access (37 files)
2025-10-17 23:56:30 | iot_test_files/normal_encrypted/log_1760337384_4241.txt.encrypted | Confidence: 0.0% | Reason: Rapid file access (37 files)
2025-10-17 23:56:30 | iot_test_files/normal_encrypted/backup_data_19.dat.encrypted | Confidence: 0.0% | Reason: High entropy (7.10)
2025-10-17 23:56:30 | iot_test_files/normal_encrypted/backup_data_19.dat.encrypted | Confidence: 0.0% | Reason: High entropy (7.10)
2025-10-17 23:56:30 | iot_test_files/normal_encrypted/backup_data_19.dat.encrypted | Confidence: 0.0% | Reason: Rapid file access (38 files)
2025-10-17 23:56:30 | iot_test_files/normal_encrypted/backup_data_19.dat.encrypted | Confidence: 0.0% | Reason: Rapid file access (38 files)
2025-10-17 23:56:30 | iot_test_files/normal_encrypted/normal_file_11.txt.encrypted | Confidence: 0.0% | Reason: Rapid file access (39 files)
2025-10-17 23:56:30 | iot_test_files/normal_encrypted/normal_file_11.txt.encrypted | Confidence: 0.0% | Reason: Rapid file access (39 files)
2025-10-17 23:56:30 | iot_test_files/normal_encrypted/device_008.txt.encrypted.encrypted | Confidence: 0.0% | Reason: High entropy (6.54)
2025-10-17 23:56:30 | iot_test_files/normal_encrypted/device_008.txt.encrypted.encrypted | Confidence: 0.0% | Reason: High entropy (6.54)
2025-10-17 23:56:30 | iot_test_files/normal_encrypted/device_008.txt.encrypted.encrypted | Confidence: 0.0% | Reason: Rapid file access (40 files)
2025-10-17 23:56:30 | iot_test_files/normal_encrypted/device_008.txt.encrypted.encrypted | Confidence: 0.0% | Reason: Rapid file access (40 files)
2025-10-17 23:56:30 | iot_test_files/normal_encrypted/log_1760337178_3358.txt.encrypted | Confidence: 0.0% | Reason: High entropy (6.31)
2025-10-17 23:56:30 | iot_test_files/normal_encrypted/log_1760337178_3358.txt.encrypted | Confidence: 0.0% | Reason: High entropy (6.31)
2025-10-17 23:56:30 | iot_test_files/normal_encrypted/log_1760337178_3358.txt.encrypted | Confidence: 0.0% | Reason: Rapid file access (41 files)
2025-10-17 23:56:30 | iot_test_files/normal_encrypted/log_1760337178_3358.txt.encrypted | Confidence: 0.0% | Reason: Rapid file access (41 files)
2025-10-17 23:56:30 | iot_test_files/normal_encrypted/log_1760338692_4153.txt.encrypted | Confidence: 0.0% | Reason: High entropy (6.38)
2025-10-17 23:56:30 | iot_test_files/normal_encrypted/log_1760338692_4153.txt.encrypted | Confidence: 0.0% | Reason: High entropy (6.38)
2025-10-17 23:56:30 | iot_test_files/normal_encrypted/log_1760338692_4153.txt.encrypted | Confidence: 0.0% | Reason: Rapid file access (42 files)
2025-10-17 23:56:30 | iot_test_files/normal_encrypted/log_1760338692_4153.txt.encrypted | Confidence: 0.0% | Reason: Rapid file access (42 files)
2025-10-17 23:56:30 | iot_test_files/normal_encrypted/config_4_1760337207.txt.encrypted | Confidence: 0.0% | Reason: Rapid file access (43 files)
2025-10-17 23:56:30 | iot_test_files/normal_encrypted/config_4_1760337207.txt.encrypted | Confidence: 0.0% | Reason: Rapid file access (43 files)
2025-10-17 23:56:30 | iot_test_files/normal_encrypted/log_1760337420_7598.txt.encrypted | Confidence: 0.0% | Reason: High entropy (6.46)
2025-10-17 23:56:30 | iot_test_files/normal_encrypted/log_1760337420_7598.txt.encrypted | Confidence: 0.0% | Reason: High entropy (6.46)
2025-10-17 23:56:30 | iot_test_files/normal_encrypted/log_1760337420_7598.txt.encrypted | Confidence: 0.0% | Reason: Rapid file access (44 files)
2025-10-17 23:56:30 | iot_test_files/normal_encrypted/log_1760337420_7598.txt.encrypted | Confidence: 0.0% | Reason: Rapid file access (44 files)
2025-10-17 23:56:30 | iot_test_files/normal_encrypted/log_1760337323_9773.txt.encrypted | Confidence: 0.0% | Reason: High entropy (6.30)
2025-10-17 23:56:30 | iot_test_files/normal_encrypted/log_1760337323_9773.txt.encrypted | Confidence: 0.0% | Reason: High entropy (6.30)
2025-10-17 23:56:30 | iot_test_files/normal_encrypted/log_1760337323_9773.txt.encrypted | Confidence: 0.0% | Reason: Rapid file access (45 files)
2025-10-17 23:56:30 | iot_test_files/normal_encrypted/log_1760337323_9773.txt.encrypted | Confidence: 0.0% | Reason: Rapid file access (45 files)
2025-10-17 23:56:30 | iot_test_files/normal_encrypted/config_12_1760338529.txt.encrypted | Confidence: 0.0% | Reason: Rapid file access (46 files)
2025-10-17 23:56:30 | iot_test_files/normal_encrypted/config_12_1760338529.txt.encrypted | Confidence: 0.0% | Reason: Rapid file access (46 files)
2025-10-17 23:56:30 | iot_test_files/normal_encrypted/config_42_1760338565.txt.encrypted | Confidence: 0.0% | Reason: High entropy (6.29)
2025-10-17 23:56:30 | iot_test_files/normal_encrypted/config_42_1760338565.txt.encrypted | Confidence: 0.0% | Reason: High entropy (6.29)
2025-10-17 23:56:30 | iot_test_files/normal_encrypted/config_42_1760338565.txt.encrypted | Confidence: 0.0% | Reason: Rapid file access (47 files)
2025-10-17 23:56:30 | iot_test_files/normal_encrypted/config_42_1760338565.txt.encrypted | Confidence: 0.0% | Reason: Rapid file access (47 files)
2025-10-17 23:56:30 | iot_test_files/normal_encrypted/log_1760337105_7414.txt.encrypted | Confidence: 0.0% | Reason: High entropy (6.75)
2025-10-17 23:56:30 | iot_test_files/normal_encrypted/log_1760337105_7414.txt.encrypted | Confidence: 0.0% | Reason: High entropy (6.75)
2025-10-17 23:56:30 | iot_test_files/normal_encrypted/log_1760337105_7414.txt.encrypted | Confidence: 0.0% | Reason: Rapid file access (48 files)
2025-10-17 23:56:30 | iot_test_files/normal_encrypted/log_1760337105_7414.txt.encrypted | Confidence: 0.0% | Reason: Rapid file access (48 files)
2025-10-17 23:56:30 | iot_test_files/normal_encrypted/log_1760338506_9644.txt.encrypted | Confidence: 0.0% | Reason: High entropy (6.46)
2025-10-17 23:56:30 | iot_test_files/normal_encrypted/log_1760338506_9644.txt.encrypted | Confidence: 0.0% | Reason: High entropy (6.46)
2025-10-17 23:56:30 | iot_test_files/normal_encrypted/log_1760338506_9644.txt.encrypted | Confidence: 0.0% | Reason: Rapid file access (49 files)
2025-10-17 23:56:30 | iot_test_files/normal_encrypted/log_1760338506_9644.txt.encrypted | Confidence: 0.0% | Reason: Rapid file access (49 files)
2025-10-17 23:56:30 | iot_test_files/normal_encrypted/config_device_0.cfg.encrypted | Confidence: 0.0% | Reason: High entropy (7.55)
2025-10-17 23:56:30 | iot_test_files/normal_encrypted/config_device_0.cfg.encrypted | Confidence: 0.0% | Reason: High entropy (7.55)
2025-10-17 23:56:30 | iot_test_files/normal_encrypted/config_device_0.cfg.encrypted | Confidence: 0.0% | Reason: Rapid file access (50 files)
2025-10-17 23:56:30 | iot_test_files/normal_encrypted/config_device_0.cfg.encrypted | Confidence: 0.0% | Reason: Rapid file access (50 files)
2025-10-17 23:56:30 | iot_test_files/normal_encrypted/log_1760338453_9813.txt.encrypted | Confidence: 0.0% | Reason: High entropy (6.40)
2025-10-17 23:56:30 | iot_test_files/normal_encrypted/log_1760338453_9813.txt.encrypted | Confidence: 0.0% | Reason: High entropy (6.40)
2025-10-17 23:56:30 | iot_test_files/normal_encrypted/log_1760338453_9813.txt.encrypted | Confidence: 0.0% | Reason: Rapid file access (51 files)
2025-10-17 23:56:30 | iot_test_files/normal_encrypted/log_1760338453_9813.txt.encrypted | Confidence: 0.0% | Reason: Rapid file access (51 files)
2025-10-17 23:56:30 | iot_test_files/normal_encrypted/normal_file_3.txt.encrypted | Confidence: 0.0% | Reason: Rapid file access (52 files)
2025-10-17 23:56:30 | iot_test_files/normal_encrypted/normal_file_3.txt.encrypted | Confidence: 0.0% | Reason: Rapid file access (52 files)
2025-10-17 23:56:30 | iot_test_files/normal_encrypted/normal_file_3.txt.encrypted | Confidence: 0.0% | Reason: Rapid file access (53 files)
2025-10-17 23:56:30 | iot_test_files/normal_encrypted/normal_file_3.txt.encrypted | Confidence: 0.0% | Reason: Rapid file access (53 files)
2025-10-17 23:56:30 | iot_test_files/normal_encrypted/normal_file_9.txt.encrypted | Confidence: 0.0% | Reason: Rapid file access (54 files)
2025-10-17 23:56:30 | iot_test_files/normal_encrypted/normal_file_9.txt.encrypted | Confidence: 0.0% | Reason: Rapid file access (54 files)
2025-10-17 23:56:30 | iot_test_files/normal_encrypted/log_1760336629_7095.txt.encrypted | Confidence: 0.0% | Reason: High entropy (6.77)
2025-10-17 23:56:30 | iot_test_files/normal_encrypted/log_1760336629_7095.txt.encrypted | Confidence: 0.0% | Reason: High entropy (6.77)
2025-10-17 23:56:30 | iot_test_files/normal_encrypted/log_1760336629_7095.txt.encrypted | Confidence: 0.0% | Reason: Rapid file access (55 files)
2025-10-17 23:56:30 | iot_test_files/normal_encrypted/log_1760336629_7095.txt.encrypted | Confidence: 0.0% | Reason: Rapid file access (55 files)
2025-10-17 23:56:30 | iot_test_files/normal_encrypted/normal_file_7.txt.encrypted | Confidence: 0.0% | Reason: Rapid file access (56 files)
2025-10-17 23:56:30 | iot_test_files/normal_encrypted/normal_file_7.txt.encrypted | Confidence: 0.0% | Reason: Rapid file access (56 files)
2025-10-17 23:56:30 | iot_test_files/normal_encrypted/log_1760338175_8534.txt.encrypted | Confidence: 0.0% | Reason: High entropy (6.42)
2025-10-17 23:56:30 | iot_test_files/normal_encrypted/log_1760338175_8534.txt.encrypted | Confidence: 0.0% | Reason: High entropy (6.42)
2025-10-17 23:56:30 | iot_test_files/normal_encrypted/log_1760338175_8534.txt.encrypted | Confidence: 0.0% | Reason: Rapid file access (57 files)
2025-10-17 23:56:30 | iot_test_files/normal_encrypted/log_1760338175_8534.txt.encrypted | Confidence: 0.0% | Reason: Rapid file access (57 files)
2025-10-17 23:56:30 | iot_test_files/normal_encrypted/log_1760338595_4194.txt.encrypted | Confidence: 0.0% | Reason: High entropy (6.42)
2025-10-17 23:56:30 | iot_test_files/normal_encrypted/log_1760338595_4194.txt.encrypted | Confidence: 0.0% | Reason: High entropy (6.42)
2025-10-17 23:56:30 | iot_test_files/normal_encrypted/log_1760338595_4194.txt.encrypted | Confidence: 0.0% | Reason: Rapid file access (58 files)
2025-10-17 23:56:30 | iot_test_files/normal_encrypted/log_1760338595_4194.txt.encrypted | Confidence: 0.0% | Reason: Rapid file access (58 files)
2025-10-17 23:56:30 | iot_test_files/normal_encrypted/log_1760338595_4194.txt.encrypted | Confidence: 0.0% | Reason: High entropy (6.42)
2025-10-17 23:56:30 | iot_test_files/normal_encrypted/log_1760338595_4194.txt.encrypted | Confidence: 0.0% | Reason: High entropy (6.42)
2025-10-17 23:56:30 | iot_test_files/normal_encrypted/log_1760338595_4194.txt.encrypted | Confidence: 0.0% | Reason: Rapid file access (59 files)
2025-10-17 23:56:30 | iot_test_files/normal_encrypted/log_1760338595_4194.txt.encrypted | Confidence: 0.0% | Reason: Rapid file access (59 files)
2025-10-17 23:56:30 | iot_test_files/normal_encrypted/READ_ME_FOR_DECRYPT.txt | Confidence: 0.0% | Reason: Rapid file access (60 files)
2025-10-17 23:56:30 | iot_test_files/normal_encrypted/READ_ME_FOR_DECRYPT.txt | Confidence: 0.0% | Reason: Rapid file access (60 files)
2025-10-18 00:10:38 | iot_test_files/normal/normal_file_15.txt | Confidence: 0.0% | Reason: Rapid file access (16 files)
2025-10-18 00:10:38 | iot_test_files/normal/normal_file_15.txt | Confidence: 0.0% | Reason: Rapid file access (16 files)
2025-10-18 00:10:38 | iot_test_files/normal/normal_file_16.txt | Confidence: 0.0% | Reason: Rapid file access (17 files)
2025-10-18 00:10:38 | iot_test_files/normal/normal_file_16.txt | Confidence: 0.0% | Reason: Rapid file access (17 files)
2025-10-18 00:10:38 | iot_test_files/normal/normal_file_17.txt | Confidence: 0.0% | Reason: Rapid file access (18 files)
2025-10-18 00:10:38 | iot_test_files/normal/normal_file_17.txt | Confidence: 0.0% | Reason: Rapid file access (18 files)
2025-10-18 00:10:38 | iot_test_files/normal/normal_file_18.txt | Confidence: 0.0% | Reason: Rapid file access (19 files)
2025-10-18 00:10:38 | iot_test_files/normal/normal_file_18.txt | Confidence: 0.0% | Reason: Rapid file access (19 files)
2025-10-18 00:10:38 | iot_test_files/normal/normal_file_19.txt | Confidence: 0.0% | Reason: Rapid file access (20 files)
2025-10-18 00:10:38 | iot_test_files/normal/normal_file_19.txt | Confidence: 0.0% | Reason: Rapid file access (20 files)
2025-10-18 00:10:38 | iot_test_files/normal/normal_file_14.txt | Confidence: 0.0% | Reason: Rapid file access (21 files)
2025-10-18 00:10:38 | iot_test_files/normal/normal_file_14.txt | Confidence: 0.0% | Reason: Rapid file access (21 files)
2025-10-18 00:10:38 | iot_test_files/normal/normal_file_15.txt | Confidence: 0.0% | Reason: Rapid file access (16 files)
2025-10-18 00:10:38 | iot_test_files/normal/normal_file_15.txt | Confidence: 0.0% | Reason: Rapid file access (16 files)
2025-10-18 00:10:38 | iot_test_files/normal/normal_file_16.txt | Confidence: 0.0% | Reason: Rapid file access (17 files)
2025-10-18 00:10:38 | iot_test_files/normal/normal_file_16.txt | Confidence: 0.0% | Reason: Rapid file access (17 files)
2025-10-18 00:10:38 | iot_test_files/normal/normal_file_17.txt | Confidence: 0.0% | Reason: Rapid file access (18 files)
2025-10-18 00:10:38 | iot_test_files/normal/normal_file_17.txt | Confidence: 0.0% | Reason: Rapid file access (18 files)
2025-10-18 00:10:38 | iot_test_files/normal/normal_file_18.txt | Confidence: 0.0% | Reason: Rapid file access (19 files)
2025-10-18 00:10:38 | iot_test_files/normal/normal_file_18.txt | Confidence: 0.0% | Reason: Rapid file access (19 files)
2025-10-18 00:10:38 | iot_test_files/normal/normal_file_19.txt | Confidence: 0.0% | Reason: Rapid file access (20 files)
2025-10-18 00:10:38 | iot_test_files/normal/normal_file_19.txt | Confidence: 0.0% | Reason: Rapid file access (20 files)
2025-10-18 00:10:38 | iot_test_files/normal/normal_file_14.txt | Confidence: 0.0% | Reason: Rapid file access (21 files)
2025-10-18 00:10:38 | iot_test_files/normal/normal_file_14.txt | Confidence: 0.0% | Reason: Rapid file access (21 files)
2025-10-18 00:10:48 | iot_test_files/normal_encrypted/sensor_data_17.json.encrypted | Confidence: 0.0% | Reason: Rapid file access (22 files)
2025-10-18 00:10:48 | iot_test_files/normal_encrypted/sensor_data_17.json.encrypted | Confidence: 0.0% | Reason: Rapid file access (22 files)
2025-10-18 00:10:48 | iot_test_files/normal_encrypted/log_1760337909_7971.txt.encrypted | Confidence: 0.0% | Reason: High entropy (6.40)
2025-10-18 00:10:48 | iot_test_files/normal_encrypted/log_1760337909_7971.txt.encrypted | Confidence: 0.0% | Reason: High entropy (6.40)
2025-10-18 00:10:48 | iot_test_files/normal_encrypted/system_log_14.log.encrypted | Confidence: 0.0% | Reason: High entropy (6.52)
2025-10-18 00:10:48 | iot_test_files/normal_encrypted/system_log_14.log.encrypted | Confidence: 0.0% | Reason: High entropy (6.52)
2025-10-18 00:10:48 | iot_test_files/normal_encrypted/normal_file_11.txt.encrypted | Confidence: 0.0% | Reason: Rapid file access (20 files)
2025-10-18 00:10:48 | iot_test_files/normal_encrypted/log_1760337384_4241.txt.encrypted | Confidence: 0.0% | Reason: High entropy (6.80)
2025-10-18 00:10:48 | iot_test_files/normal_encrypted/log_1760337384_4241.txt.encrypted | Confidence: 0.0% | Reason: High entropy (6.80)
2025-10-18 00:10:48 | iot_test_files/normal_encrypted/normal_file_11.txt.encrypted | Confidence: 0.0% | Reason: Rapid file access (20 files)
2025-10-18 00:10:48 | iot_test_files/normal_encrypted/log_1760338506_9644.txt.encrypted | Confidence: 0.0% | Reason: High entropy (6.40)
2025-10-18 00:10:48 | iot_test_files/normal_encrypted/log_1760338506_9644.txt.encrypted | Confidence: 0.0% | Reason: High entropy (6.40)
2025-10-18 00:10:48 | iot_test_files/normal_encrypted/log_1760338506_9644.txt.encrypted | Confidence: 0.0% | Reason: High entropy (6.40)
2025-10-18 00:10:48 | iot_test_files/normal_encrypted/log_1760338506_9644.txt.encrypted | Confidence: 0.0% | Reason: High entropy (6.40)
2025-10-18 00:10:48 | iot_test_files/normal_encrypted/READ_ME_FOR_DECRYPT.txt.encrypted | Confidence: 0.0% | Reason: High entropy (7.13)
2025-10-18 00:10:48 | iot_test_files/normal_encrypted/READ_ME_FOR_DECRYPT.txt.encrypted | Confidence: 0.0% | Reason: High entropy (7.13)
2025-10-18 00:10:48 | iot_test_files/normal_encrypted/device_005.txt.encrypted.encrypted | Confidence: 0.0% | Reason: High entropy (6.47)
2025-10-18 00:10:48 | iot_test_files/normal_encrypted/device_005.txt.encrypted.encrypted | Confidence: 0.0% | Reason: High entropy (6.47)
2025-10-18 00:10:48 | iot_test_files/normal_encrypted/config_device_8.cfg.encrypted | Confidence: 0.0% | Reason: High entropy (7.06)
2025-10-18 00:10:48 | iot_test_files/normal_encrypted/config_device_8.cfg.encrypted | Confidence: 0.0% | Reason: High entropy (7.06)
2025-10-18 00:10:48 | iot_test_files/normal_encrypted/config_device_8.cfg.encrypted | Confidence: 0.0% | Reason: Rapid file access (16 files)
2025-10-18 00:10:48 | iot_test_files/normal_encrypted/config_device_8.cfg.encrypted | Confidence: 0.0% | Reason: Rapid file access (16 files)
2025-10-18 00:10:48 | iot_test_files/normal_encrypted/log_1760337299_8123.txt.encrypted | Confidence: 0.0% | Reason: High entropy (6.45)
2025-10-18 00:10:48 | iot_test_files/normal_encrypted/log_1760337299_8123.txt.encrypted | Confidence: 0.0% | Reason: High entropy (6.45)
2025-10-18 00:10:48 | iot_test_files/normal_encrypted/log_1760337299_8123.txt.encrypted | Confidence: 0.0% | Reason: Rapid file access (17 files)
2025-10-18 00:10:48 | iot_test_files/normal_encrypted/log_1760337299_8123.txt.encrypted | Confidence: 0.0% | Reason: Rapid file access (17 files)
2025-10-18 00:10:48 | iot_test_files/normal_encrypted/system_log_10.log.encrypted | Confidence: 0.0% | Reason: High entropy (6.97)
2025-10-18 00:10:48 | iot_test_files/normal_encrypted/system_log_10.log.encrypted | Confidence: 0.0% | Reason: High entropy (6.97)
2025-10-18 00:10:48 | iot_test_files/normal_encrypted/system_log_10.log.encrypted | Confidence: 0.0% | Reason: Rapid file access (18 files)
2025-10-18 00:10:48 | iot_test_files/normal_encrypted/system_log_10.log.encrypted | Confidence: 0.0% | Reason: Rapid file access (18 files)
2025-10-18 00:10:48 | iot_test_files/normal_encrypted/normal_file_9.txt.encrypted | Confidence: 0.0% | Reason: Rapid file access (19 files)
2025-10-18 00:10:48 | iot_test_files/normal_encrypted/normal_file_9.txt.encrypted | Confidence: 0.0% | Reason: Rapid file access (19 files)
2025-10-18 00:10:48 | iot_test_files/normal_encrypted/log_1760337909_7971.txt.encrypted | Confidence: 0.0% | Reason: High entropy (6.40)
2025-10-18 00:10:48 | iot_test_files/normal_encrypted/log_1760338308_6581.txt.encrypted | Confidence: 0.0% | Reason: High entropy (6.72)
2025-10-18 00:10:48 | iot_test_files/normal_encrypted/log_1760338308_6581.txt.encrypted | Confidence: 0.0% | Reason: High entropy (6.72)
2025-10-18 00:10:48 | iot_test_files/normal_encrypted/log_1760338308_6581.txt.encrypted | Confidence: 0.0% | Reason: Rapid file access (20 files)
2025-10-18 00:10:48 | iot_test_files/normal_encrypted/log_1760338308_6581.txt.encrypted | Confidence: 0.0% | Reason: Rapid file access (20 files)
2025-10-18 00:10:48 | iot_test_files/normal_encrypted/log_1760338175_8534.txt.encrypted | Confidence: 0.0% | Reason: High entropy (6.47)
2025-10-18 00:10:48 | iot_test_files/normal_encrypted/log_1760338175_8534.txt.encrypted | Confidence: 0.0% | Reason: High entropy (6.47)
2025-10-18 00:10:48 | iot_test_files/normal_encrypted/log_1760337909_7971.txt.encrypted | Confidence: 0.0% | Reason: High entropy (6.40)
2025-10-18 00:10:48 | iot_test_files/normal_encrypted/log_1760338175_8534.txt.encrypted | Confidence: 0.0% | Reason: Rapid file access (21 files)
2025-10-18 00:10:48 | iot_test_files/normal_encrypted/log_1760338175_8534.txt.encrypted | Confidence: 0.0% | Reason: Rapid file access (21 files)
2025-10-18 00:10:48 | iot_test_files/normal_encrypted/normal_file_13.txt.encrypted | Confidence: 0.0% | Reason: Rapid file access (22 files)
2025-10-18 00:10:48 | iot_test_files/normal_encrypted/normal_file_13.txt.encrypted | Confidence: 0.0% | Reason: Rapid file access (22 files)
2025-10-18 00:10:48 | iot_test_files/normal_encrypted/config_24_1760338085.txt.encrypted | Confidence: 0.0% | Reason: High entropy (6.68)
2025-10-18 00:10:48 | iot_test_files/normal_encrypted/config_24_1760338085.txt.encrypted | Confidence: 0.0% | Reason: High entropy (6.68)
2025-10-18 00:10:48 | iot_test_files/normal_encrypted/config_24_1760338085.txt.encrypted | Confidence: 0.0% | Reason: Rapid file access (23 files)
2025-10-18 00:10:48 | iot_test_files/normal_encrypted/config_24_1760338085.txt.encrypted | Confidence: 0.0% | Reason: Rapid file access (23 files)
2025-10-18 00:10:48 | iot_test_files/normal_encrypted/log_1760337909_7971.txt.encrypted | Confidence: 0.0% | Reason: High entropy (6.40)
2025-10-18 00:10:48 | iot_test_files/normal_encrypted/config_23_1760338313.txt.encrypted | Confidence: 0.0% | Reason: High entropy (6.35)
2025-10-18 00:10:48 | iot_test_files/normal_encrypted/config_23_1760338313.txt.encrypted | Confidence: 0.0% | Reason: High entropy (6.35)
2025-10-18 00:10:48 | iot_test_files/normal_encrypted/config_23_1760338313.txt.encrypted | Confidence: 0.0% | Reason: Rapid file access (24 files)
2025-10-18 00:10:48 | iot_test_files/normal_encrypted/config_23_1760338313.txt.encrypted | Confidence: 0.0% | Reason: Rapid file access (24 files)
2025-10-18 00:10:48 | iot_test_files/normal_encrypted/log_1760337909_7971.txt.encrypted | Confidence: 0.0% | Reason: High entropy (6.40)
2025-10-18 00:10:48 | iot_test_files/normal_encrypted/config_11_1760336931.txt.encrypted | Confidence: 0.0% | Reason: High entropy (6.58)
2025-10-18 00:10:48 | iot_test_files/normal_encrypted/config_11_1760336931.txt.encrypted | Confidence: 0.0% | Reason: High entropy (6.58)
2025-10-18 00:10:48 | iot_test_files/normal_encrypted/config_11_1760336931.txt.encrypted | Confidence: 0.0% | Reason: Rapid file access (25 files)
2025-10-18 00:10:48 | iot_test_files/normal_encrypted/config_11_1760336931.txt.encrypted | Confidence: 0.0% | Reason: Rapid file access (25 files)
2025-10-18 00:10:48 | iot_test_files/normal_encrypted/config_4_1760337207.txt.encrypted | Confidence: 0.0% | Reason: Rapid file access (26 files)
2025-10-18 00:10:48 | iot_test_files/normal_encrypted/config_4_1760337207.txt.encrypted | Confidence: 0.0% | Reason: Rapid file access (26 files)
2025-10-18 00:10:48 | iot_test_files/normal_encrypted/system_log_14.log.encrypted | Confidence: 0.0% | Reason: High entropy (6.52)
2025-10-18 00:10:48 | iot_test_files/normal_encrypted/normal_file_19.txt.encrypted | Confidence: 0.0% | Reason: Rapid file access (27 files)
2025-10-18 00:10:48 | iot_test_files/normal_encrypted/normal_file_19.txt.encrypted | Confidence: 0.0% | Reason: Rapid file access (27 files)
2025-10-18 00:10:48 | iot_test_files/normal_encrypted/system_log_14.log.encrypted | Confidence: 0.0% | Reason: High entropy (6.52)
2025-10-18 00:10:48 | iot_test_files/normal_encrypted/system_log_2.log.encrypted | Confidence: 0.0% | Reason: High entropy (6.05)
2025-10-18 00:10:48 | iot_test_files/normal_encrypted/system_log_2.log.encrypted | Confidence: 0.0% | Reason: High entropy (6.05)
2025-10-18 00:10:48 | iot_test_files/normal_encrypted/system_log_2.log.encrypted | Confidence: 0.0% | Reason: Rapid file access (28 files)
2025-10-18 00:10:48 | iot_test_files/normal_encrypted/system_log_2.log.encrypted | Confidence: 0.0% | Reason: Rapid file access (28 files)
2025-10-18 00:10:48 | iot_test_files/normal_encrypted/log_1760337117_4953.txt.encrypted | Confidence: 0.0% | Reason: High entropy (6.80)
2025-10-18 00:10:48 | iot_test_files/normal_encrypted/log_1760337117_4953.txt.encrypted | Confidence: 0.0% | Reason: High entropy (6.80)
2025-10-18 00:10:48 | iot_test_files/normal_encrypted/log_1760337117_4953.txt.encrypted | Confidence: 0.0% | Reason: Rapid file access (29 files)
2025-10-18 00:10:48 | iot_test_files/normal_encrypted/log_1760337117_4953.txt.encrypted | Confidence: 0.0% | Reason: Rapid file access (29 files)
2025-10-18 00:10:48 | iot_test_files/normal_encrypted/log_1760337129_5117.txt.encrypted | Confidence: 0.0% | Reason: High entropy (6.44)
2025-10-18 00:10:48 | iot_test_files/normal_encrypted/log_1760337129_5117.txt.encrypted | Confidence: 0.0% | Reason: High entropy (6.44)
2025-10-18 00:10:48 | iot_test_files/normal_encrypted/log_1760337129_5117.txt.encrypted | Confidence: 0.0% | Reason: Rapid file access (30 files)
2025-10-18 00:10:48 | iot_test_files/normal_encrypted/log_1760337129_5117.txt.encrypted | Confidence: 0.0% | Reason: Rapid file access (30 files)
2025-10-18 00:10:48 | iot_test_files/normal_encrypted/backup_data_11.dat.encrypted | Confidence: 0.0% | Reason: High entropy (6.84)
2025-10-18 00:10:48 | iot_test_files/normal_encrypted/backup_data_11.dat.encrypted | Confidence: 0.0% | Reason: High entropy (6.84)
2025-10-18 00:10:48 | iot_test_files/normal_encrypted/backup_data_11.dat.encrypted | Confidence: 0.0% | Reason: Rapid file access (31 files)
2025-10-18 00:10:48 | iot_test_files/normal_encrypted/backup_data_11.dat.encrypted | Confidence: 0.0% | Reason: Rapid file access (31 files)
2025-10-18 00:10:48 | iot_test_files/normal_encrypted/log_1760337347_4018.txt.encrypted | Confidence: 0.0% | Reason: High entropy (6.39)
2025-10-18 00:10:48 | iot_test_files/normal_encrypted/log_1760337347_4018.txt.encrypted | Confidence: 0.0% | Reason: High entropy (6.39)
2025-10-18 00:10:48 | iot_test_files/normal_encrypted/log_1760337347_4018.txt.encrypted | Confidence: 0.0% | Reason: Rapid file access (32 files)
2025-10-18 00:10:48 | iot_test_files/normal_encrypted/log_1760337347_4018.txt.encrypted | Confidence: 0.0% | Reason: Rapid file access (32 files)
2025-10-18 00:10:48 | iot_test_files/normal_encrypted/log_1760337384_4241.txt.encrypted | Confidence: 0.0% | Reason: High entropy (6.80)
2025-10-18 00:10:48 | iot_test_files/normal_encrypted/normal_file_3.txt.encrypted | Confidence: 0.0% | Reason: Rapid file access (33 files)
2025-10-18 00:10:48 | iot_test_files/normal_encrypted/normal_file_3.txt.encrypted | Confidence: 0.0% | Reason: Rapid file access (33 files)
2025-10-18 00:10:48 | iot_test_files/normal_encrypted/sensor_data_13.json.encrypted | Confidence: 0.0% | Reason: Rapid file access (34 files)
2025-10-18 00:10:48 | iot_test_files/normal_encrypted/sensor_data_13.json.encrypted | Confidence: 0.0% | Reason: Rapid file access (34 files)
2025-10-18 00:10:48 | iot_test_files/normal_encrypted/log_1760337384_4241.txt.encrypted | Confidence: 0.0% | Reason: High entropy (6.80)
2025-10-18 00:10:48 | iot_test_files/normal_encrypted/log_1760337263_2232.txt.encrypted | Confidence: 0.0% | Reason: High entropy (6.37)
2025-10-18 00:10:48 | iot_test_files/normal_encrypted/log_1760337263_2232.txt.encrypted | Confidence: 0.0% | Reason: High entropy (6.37)
2025-10-18 00:10:48 | iot_test_files/normal_encrypted/log_1760337263_2232.txt.encrypted | Confidence: 0.0% | Reason: Rapid file access (35 files)
2025-10-18 00:10:48 | iot_test_files/normal_encrypted/log_1760337263_2232.txt.encrypted | Confidence: 0.0% | Reason: Rapid file access (35 files)
2025-10-18 00:10:48 | iot_test_files/normal_encrypted/config_43_1760336943.txt.encrypted | Confidence: 0.0% | Reason: High entropy (6.29)
2025-10-18 00:10:48 | iot_test_files/normal_encrypted/config_43_1760336943.txt.encrypted | Confidence: 0.0% | Reason: High entropy (6.29)
2025-10-18 00:10:48 | iot_test_files/normal_encrypted/config_43_1760336943.txt.encrypted | Confidence: 0.0% | Reason: Rapid file access (36 files)
2025-10-18 00:10:48 | iot_test_files/normal_encrypted/config_43_1760336943.txt.encrypted | Confidence: 0.0% | Reason: Rapid file access (36 files)
2025-10-18 00:10:48 | iot_test_files/normal_encrypted/log_1760338506_9644.txt.encrypted | Confidence: 0.0% | Reason: High entropy (6.40)
2025-10-18 00:10:48 | iot_test_files/normal_encrypted/log_1760338151_4998.txt.encrypted | Confidence: 0.0% | Reason: High entropy (6.77)
2025-10-18 00:10:48 | iot_test_files/normal_encrypted/log_1760338151_4998.txt.encrypted | Confidence: 0.0% | Reason: High entropy (6.77)
2025-10-18 00:10:48 | iot_test_files/normal_encrypted/log_1760338506_9644.txt.encrypted | Confidence: 0.0% | Reason: High entropy (6.40)
2025-10-18 00:10:48 | iot_test_files/normal_encrypted/log_1760338151_4998.txt.encrypted | Confidence: 0.0% | Reason: Rapid file access (37 files)
2025-10-18 00:10:48 | iot_test_files/normal_encrypted/log_1760338151_4998.txt.encrypted | Confidence: 0.0% | Reason: Rapid file access (37 files)
2025-10-18 00:10:48 | iot_test_files/normal_encrypted/log_1760337335_9128.txt.encrypted | Confidence: 0.0% | Reason: High entropy (6.89)
2025-10-18 00:10:48 | iot_test_files/normal_encrypted/log_1760337335_9128.txt.encrypted | Confidence: 0.0% | Reason: High entropy (6.89)
2025-10-18 00:10:48 | iot_test_files/normal_encrypted/log_1760337335_9128.txt.encrypted | Confidence: 0.0% | Reason: Rapid file access (38 files)
2025-10-18 00:10:48 | iot_test_files/normal_encrypted/log_1760337335_9128.txt.encrypted | Confidence: 0.0% | Reason: Rapid file access (38 files)
2025-10-18 00:10:48 | iot_test_files/normal_encrypted/normal_file_2.txt.encrypted | Confidence: 0.0% | Reason: Rapid file access (39 files)
2025-10-18 00:10:48 | iot_test_files/normal_encrypted/normal_file_2.txt.encrypted | Confidence: 0.0% | Reason: Rapid file access (39 files)
2025-10-18 00:10:48 | iot_test_files/normal_encrypted/normal_file_18.txt.encrypted | Confidence: 0.0% | Reason: Rapid file access (40 files)
2025-10-18 00:10:48 | iot_test_files/normal_encrypted/normal_file_18.txt.encrypted | Confidence: 0.0% | Reason: Rapid file access (40 files)
2025-10-18 00:10:48 | iot_test_files/normal_encrypted/normal_file_0.txt.encrypted | Confidence: 0.0% | Reason: Rapid file access (41 files)
2025-10-18 00:10:48 | iot_test_files/normal_encrypted/normal_file_0.txt.encrypted | Confidence: 0.0% | Reason: Rapid file access (41 files)
2025-10-18 00:10:48 | iot_test_files/normal_encrypted/normal_file_12.txt.encrypted | Confidence: 0.0% | Reason: Rapid file access (42 files)
2025-10-18 00:10:48 | iot_test_files/normal_encrypted/normal_file_12.txt.encrypted | Confidence: 0.0% | Reason: Rapid file access (42 files)
2025-10-18 00:10:48 | iot_test_files/normal_encrypted/log_1760337420_7598.txt.encrypted | Confidence: 0.0% | Reason: High entropy (6.48)
2025-10-18 00:10:48 | iot_test_files/normal_encrypted/log_1760337420_7598.txt.encrypted | Confidence: 0.0% | Reason: High entropy (6.48)
2025-10-18 00:10:48 | iot_test_files/normal_encrypted/log_1760337420_7598.txt.encrypted | Confidence: 0.0% | Reason: Rapid file access (43 files)
2025-10-18 00:10:48 | iot_test_files/normal_encrypted/log_1760337420_7598.txt.encrypted | Confidence: 0.0% | Reason: Rapid file access (43 files)
2025-10-18 00:10:48 | iot_test_files/normal_encrypted/normal_file_16.txt.encrypted | Confidence: 0.0% | Reason: Rapid file access (44 files)
2025-10-18 00:10:48 | iot_test_files/normal_encrypted/normal_file_16.txt.encrypted | Confidence: 0.0% | Reason: Rapid file access (44 files)
2025-10-18 00:10:48 | iot_test_files/normal_encrypted/device_002.txt.encrypted.encrypted | Confidence: 0.0% | Reason: High entropy (6.53)
2025-10-18 00:10:48 | iot_test_files/normal_encrypted/device_002.txt.encrypted.encrypted | Confidence: 0.0% | Reason: High entropy (6.53)
2025-10-18 00:10:48 | iot_test_files/normal_encrypted/device_002.txt.encrypted.encrypted | Confidence: 0.0% | Reason: Rapid file access (45 files)
2025-10-18 00:10:48 | iot_test_files/normal_encrypted/device_002.txt.encrypted.encrypted | Confidence: 0.0% | Reason: Rapid file access (45 files)
2025-10-18 00:10:48 | iot_test_files/normal_encrypted/log_1760338465_6490.txt.encrypted | Confidence: 0.0% | Reason: High entropy (6.38)
2025-10-18 00:10:48 | iot_test_files/normal_encrypted/log_1760338465_6490.txt.encrypted | Confidence: 0.0% | Reason: High entropy (6.38)
2025-10-18 00:10:48 | iot_test_files/normal_encrypted/log_1760338465_6490.txt.encrypted | Confidence: 0.0% | Reason: Rapid file access (46 files)
2025-10-18 00:10:48 | iot_test_files/normal_encrypted/log_1760338465_6490.txt.encrypted | Confidence: 0.0% | Reason: Rapid file access (46 files)
2025-10-18 00:10:48 | iot_test_files/normal_encrypted/log_1760338429_6970.txt.encrypted | Confidence: 0.0% | Reason: High entropy (6.34)
2025-10-18 00:10:48 | iot_test_files/normal_encrypted/log_1760338429_6970.txt.encrypted | Confidence: 0.0% | Reason: High entropy (6.34)
2025-10-18 00:10:48 | iot_test_files/normal_encrypted/log_1760338429_6970.txt.encrypted | Confidence: 0.0% | Reason: Rapid file access (47 files)
2025-10-18 00:10:48 | iot_test_files/normal_encrypted/log_1760338429_6970.txt.encrypted | Confidence: 0.0% | Reason: Rapid file access (47 files)
2025-10-18 00:10:48 | iot_test_files/normal_encrypted/normal_file_4.txt.encrypted | Confidence: 0.0% | Reason: Rapid file access (48 files)
2025-10-18 00:10:48 | iot_test_files/normal_encrypted/normal_file_4.txt.encrypted | Confidence: 0.0% | Reason: Rapid file access (48 files)
2025-10-18 00:10:48 | iot_test_files/normal_encrypted/backup_data_15.dat.encrypted | Confidence: 0.0% | Reason: High entropy (7.25)
2025-10-18 00:10:48 | iot_test_files/normal_encrypted/backup_data_15.dat.encrypted | Confidence: 0.0% | Reason: High entropy (7.25)
2025-10-18 00:10:48 | iot_test_files/normal_encrypted/READ_ME_FOR_DECRYPT.txt.encrypted | Confidence: 0.0% | Reason: High entropy (7.13)
2025-10-18 00:10:48 | iot_test_files/normal_encrypted/backup_data_15.dat.encrypted | Confidence: 0.0% | Reason: Rapid file access (49 files)
2025-10-18 00:10:48 | iot_test_files/normal_encrypted/backup_data_15.dat.encrypted | Confidence: 0.0% | Reason: Rapid file access (49 files)
2025-10-18 00:10:48 | iot_test_files/normal_encrypted/normal_file_14.txt.encrypted | Confidence: 0.0% | Reason: High entropy (6.14)
2025-10-18 00:10:48 | iot_test_files/normal_encrypted/normal_file_14.txt.encrypted | Confidence: 0.0% | Reason: High entropy (6.14)
2025-10-18 00:10:48 | iot_test_files/normal_encrypted/READ_ME_FOR_DECRYPT.txt.encrypted | Confidence: 0.0% | Reason: High entropy (7.13)
2025-10-18 00:10:48 | iot_test_files/normal_encrypted/normal_file_14.txt.encrypted | Confidence: 0.0% | Reason: Rapid file access (50 files)
2025-10-18 00:10:48 | iot_test_files/normal_encrypted/normal_file_14.txt.encrypted | Confidence: 0.0% | Reason: Rapid file access (50 files)
2025-10-18 00:10:48 | iot_test_files/normal_encrypted/log_1760338356_5549.txt.encrypted | Confidence: 0.0% | Reason: High entropy (6.33)
2025-10-18 00:10:48 | iot_test_files/normal_encrypted/log_1760338356_5549.txt.encrypted | Confidence: 0.0% | Reason: High entropy (6.33)
2025-10-18 00:10:48 | iot_test_files/normal_encrypted/log_1760338356_5549.txt.encrypted | Confidence: 0.0% | Reason: Rapid file access (51 files)
2025-10-18 00:10:48 | iot_test_files/normal_encrypted/log_1760338356_5549.txt.encrypted | Confidence: 0.0% | Reason: Rapid file access (51 files)
2025-10-18 00:10:48 | iot_test_files/normal_encrypted/device_006.txt.encrypted.encrypted | Confidence: 0.0% | Reason: High entropy (6.44)
2025-10-18 00:10:48 | iot_test_files/normal_encrypted/device_006.txt.encrypted.encrypted | Confidence: 0.0% | Reason: High entropy (6.44)
2025-10-18 00:10:48 | iot_test_files/normal_encrypted/device_006.txt.encrypted.encrypted | Confidence: 0.0% | Reason: Rapid file access (52 files)
2025-10-18 00:10:48 | iot_test_files/normal_encrypted/device_006.txt.encrypted.encrypted | Confidence: 0.0% | Reason: Rapid file access (52 files)
2025-10-18 00:10:48 | iot_test_files/normal_encrypted/config_0_1760338649.txt.encrypted | Confidence: 0.0% | Reason: Rapid file access (53 files)
2025-10-18 00:10:48 | iot_test_files/normal_encrypted/config_0_1760338649.txt.encrypted | Confidence: 0.0% | Reason: Rapid file access (53 files)
2025-10-18 00:10:48 | iot_test_files/normal_encrypted/normal_file_15.txt.encrypted | Confidence: 0.0% | Reason: Rapid file access (54 files)
2025-10-18 00:10:48 | iot_test_files/normal_encrypted/normal_file_15.txt.encrypted | Confidence: 0.0% | Reason: Rapid file access (54 files)
2025-10-18 00:10:48 | iot_test_files/normal_encrypted/backup_data_19.dat.encrypted | Confidence: 0.0% | Reason: High entropy (7.09)
2025-10-18 00:10:48 | iot_test_files/normal_encrypted/backup_data_19.dat.encrypted | Confidence: 0.0% | Reason: High entropy (7.09)
2025-10-18 00:10:48 | iot_test_files/normal_encrypted/backup_data_19.dat.encrypted | Confidence: 0.0% | Reason: Rapid file access (55 files)
2025-10-18 00:10:48 | iot_test_files/normal_encrypted/backup_data_19.dat.encrypted | Confidence: 0.0% | Reason: Rapid file access (55 files)
2025-10-18 00:10:48 | iot_test_files/normal_encrypted/device_005.txt.encrypted.encrypted | Confidence: 0.0% | Reason: High entropy (6.47)
2025-10-18 00:10:48 | iot_test_files/normal_encrypted/config_42_1760338565.txt.encrypted | Confidence: 0.0% | Reason: High entropy (6.24)
2025-10-18 00:10:48 | iot_test_files/normal_encrypted/config_42_1760338565.txt.encrypted | Confidence: 0.0% | Reason: High entropy (6.24)
2025-10-18 00:10:48 | iot_test_files/normal_encrypted/config_42_1760338565.txt.encrypted | Confidence: 0.0% | Reason: Rapid file access (56 files)
2025-10-18 00:10:48 | iot_test_files/normal_encrypted/config_42_1760338565.txt.encrypted | Confidence: 0.0% | Reason: Rapid file access (56 files)
2025-10-18 00:10:48 | iot_test_files/normal_encrypted/config_5_1760338277.txt.encrypted | Confidence: 0.0% | Reason: Rapid file access (57 files)
2025-10-18 00:10:48 | iot_test_files/normal_encrypted/config_5_1760338277.txt.encrypted | Confidence: 0.0% | Reason: Rapid file access (57 files)
2025-10-18 00:10:48 | iot_test_files/normal_encrypted/READ_ME_FOR_DECRYPT.txt | Confidence: 0.0% | Reason: Rapid file access (58 files)
2025-10-18 00:10:48 | iot_test_files/normal_encrypted/READ_ME_FOR_DECRYPT.txt | Confidence: 0.0% | Reason: Rapid file access (58 files)
2025-10-18 00:10:48 | iot_test_files/normal_encrypted/device_005.txt.encrypted.encrypted | Confidence: 0.0% | Reason: High entropy (6.47)
2025-10-18 00:10:48 | iot_test_files/normal_encrypted/config_device_8.cfg.encrypted | Confidence: 0.0% | Reason: High entropy (7.06)
2025-10-18 00:10:48 | iot_test_files/normal_encrypted/config_device_8.cfg.encrypted | Confidence: 0.0% | Reason: High entropy (7.06)
2025-10-18 00:10:48 | iot_test_files/normal_encrypted/log_1760337299_8123.txt.encrypted | Confidence: 0.0% | Reason: High entropy (6.45)
2025-10-18 00:10:48 | iot_test_files/normal_encrypted/log_1760337299_8123.txt.encrypted | Confidence: 0.0% | Reason: High entropy (6.45)
2025-10-18 00:10:48 | iot_test_files/normal_encrypted/log_1760337299_8123.txt.encrypted | Confidence: 0.0% | Reason: Rapid file access (16 files)
2025-10-18 00:10:48 | iot_test_files/normal_encrypted/log_1760337299_8123.txt.encrypted | Confidence: 0.0% | Reason: Rapid file access (16 files)
2025-10-18 00:10:48 | iot_test_files/normal_encrypted/system_log_10.log.encrypted | Confidence: 0.0% | Reason: High entropy (6.97)
2025-10-18 00:10:48 | iot_test_files/normal_encrypted/system_log_10.log.encrypted | Confidence: 0.0% | Reason: High entropy (6.97)
2025-10-18 00:10:48 | iot_test_files/normal_encrypted/system_log_10.log.encrypted | Confidence: 0.0% | Reason: Rapid file access (17 files)
2025-10-18 00:10:48 | iot_test_files/normal_encrypted/system_log_10.log.encrypted | Confidence: 0.0% | Reason: Rapid file access (17 files)
2025-10-18 00:10:48 | iot_test_files/normal_encrypted/normal_file_9.txt.encrypted | Confidence: 0.0% | Reason: Rapid file access (18 files)
2025-10-18 00:10:48 | iot_test_files/normal_encrypted/normal_file_9.txt.encrypted | Confidence: 0.0% | Reason: Rapid file access (18 files)
2025-10-18 00:10:48 | iot_test_files/normal_encrypted/log_1760338308_6581.txt.encrypted | Confidence: 0.0% | Reason: High entropy (6.72)
2025-10-18 00:10:48 | iot_test_files/normal_encrypted/log_1760338308_6581.txt.encrypted | Confidence: 0.0% | Reason: High entropy (6.72)
2025-10-18 00:10:48 | iot_test_files/normal_encrypted/log_1760338308_6581.txt.encrypted | Confidence: 0.0% | Reason: Rapid file access (19 files)
2025-10-18 00:10:48 | iot_test_files/normal_encrypted/log_1760338308_6581.txt.encrypted | Confidence: 0.0% | Reason: Rapid file access (19 files)
2025-10-18 00:10:48 | iot_test_files/normal_encrypted/log_1760338175_8534.txt.encrypted | Confidence: 0.0% | Reason: High entropy (6.47)
2025-10-18 00:10:48 | iot_test_files/normal_encrypted/log_1760338175_8534.txt.encrypted | Confidence: 0.0% | Reason: High entropy (6.47)
2025-10-18 00:10:48 | iot_test_files/normal_encrypted/log_1760338175_8534.txt.encrypted | Confidence: 0.0% | Reason: Rapid file access (20 files)
2025-10-18 00:10:48 | iot_test_files/normal_encrypted/log_1760338175_8534.txt.encrypted | Confidence: 0.0% | Reason: Rapid file access (20 files)
2025-10-18 00:10:48 | iot_test_files/normal_encrypted/normal_file_13.txt.encrypted | Confidence: 0.0% | Reason: Rapid file access (21 files)
2025-10-18 00:10:48 | iot_test_files/normal_encrypted/normal_file_13.txt.encrypted | Confidence: 0.0% | Reason: Rapid file access (21 files)
2025-10-18 00:10:49 | iot_test_files/normal_encrypted/config_24_1760338085.txt.encrypted | Confidence: 0.0% | Reason: High entropy (6.68)
2025-10-18 00:10:49 | iot_test_files/normal_encrypted/config_24_1760338085.txt.encrypted | Confidence: 0.0% | Reason: High entropy (6.68)
2025-10-18 00:10:49 | iot_test_files/normal_encrypted/config_24_1760338085.txt.encrypted | Confidence: 0.0% | Reason: Rapid file access (22 files)
2025-10-18 00:10:49 | iot_test_files/normal_encrypted/config_24_1760338085.txt.encrypted | Confidence: 0.0% | Reason: Rapid file access (22 files)
2025-10-18 00:10:49 | iot_test_files/normal_encrypted/config_23_1760338313.txt.encrypted | Confidence: 0.0% | Reason: High entropy (6.35)
2025-10-18 00:10:49 | iot_test_files/normal_encrypted/config_23_1760338313.txt.encrypted | Confidence: 0.0% | Reason: High entropy (6.35)
2025-10-18 00:10:49 | iot_test_files/normal_encrypted/config_23_1760338313.txt.encrypted | Confidence: 0.0% | Reason: Rapid file access (23 files)
2025-10-18 00:10:49 | iot_test_files/normal_encrypted/config_23_1760338313.txt.encrypted | Confidence: 0.0% | Reason: Rapid file access (23 files)
2025-10-18 00:10:49 | iot_test_files/normal_encrypted/config_11_1760336931.txt.encrypted | Confidence: 0.0% | Reason: High entropy (6.58)
2025-10-18 00:10:49 | iot_test_files/normal_encrypted/config_11_1760336931.txt.encrypted | Confidence: 0.0% | Reason: High entropy (6.58)
2025-10-18 00:10:49 | iot_test_files/normal_encrypted/config_11_1760336931.txt.encrypted | Confidence: 0.0% | Reason: Rapid file access (24 files)
2025-10-18 00:10:49 | iot_test_files/normal_encrypted/config_11_1760336931.txt.encrypted | Confidence: 0.0% | Reason: Rapid file access (24 files)
2025-10-18 00:10:49 | iot_test_files/normal_encrypted/config_4_1760337207.txt.encrypted | Confidence: 0.0% | Reason: Rapid file access (25 files)
2025-10-18 00:10:49 | iot_test_files/normal_encrypted/config_4_1760337207.txt.encrypted | Confidence: 0.0% | Reason: Rapid file access (25 files)
2025-10-18 00:10:49 | iot_test_files/normal_encrypted/normal_file_19.txt.encrypted | Confidence: 0.0% | Reason: Rapid file access (26 files)
2025-10-18 00:10:49 | iot_test_files/normal_encrypted/normal_file_19.txt.encrypted | Confidence: 0.0% | Reason: Rapid file access (26 files)
2025-10-18 00:10:49 | iot_test_files/normal_encrypted/system_log_2.log.encrypted | Confidence: 0.0% | Reason: High entropy (6.05)
2025-10-18 00:10:49 | iot_test_files/normal_encrypted/system_log_2.log.encrypted | Confidence: 0.0% | Reason: High entropy (6.05)
2025-10-18 00:10:49 | iot_test_files/normal_encrypted/system_log_2.log.encrypted | Confidence: 0.0% | Reason: Rapid file access (27 files)
2025-10-18 00:10:49 | iot_test_files/normal_encrypted/system_log_2.log.encrypted | Confidence: 0.0% | Reason: Rapid file access (27 files)
2025-10-18 00:10:49 | iot_test_files/normal_encrypted/log_1760337117_4953.txt.encrypted | Confidence: 0.0% | Reason: High entropy (6.80)
2025-10-18 00:10:49 | iot_test_files/normal_encrypted/log_1760337117_4953.txt.encrypted | Confidence: 0.0% | Reason: High entropy (6.80)
2025-10-18 00:10:49 | iot_test_files/normal_encrypted/log_1760337117_4953.txt.encrypted | Confidence: 0.0% | Reason: Rapid file access (28 files)
2025-10-18 00:10:49 | iot_test_files/normal_encrypted/log_1760337117_4953.txt.encrypted | Confidence: 0.0% | Reason: Rapid file access (28 files)
2025-10-18 00:10:49 | iot_test_files/normal_encrypted/log_1760337129_5117.txt.encrypted | Confidence: 0.0% | Reason: High entropy (6.44)
2025-10-18 00:10:49 | iot_test_files/normal_encrypted/log_1760337129_5117.txt.encrypted | Confidence: 0.0% | Reason: High entropy (6.44)
2025-10-18 00:10:49 | iot_test_files/normal_encrypted/log_1760337129_5117.txt.encrypted | Confidence: 0.0% | Reason: Rapid file access (29 files)
2025-10-18 00:10:49 | iot_test_files/normal_encrypted/log_1760337129_5117.txt.encrypted | Confidence: 0.0% | Reason: Rapid file access (29 files)
2025-10-18 00:10:49 | iot_test_files/normal_encrypted/backup_data_11.dat.encrypted | Confidence: 0.0% | Reason: High entropy (6.84)
2025-10-18 00:10:49 | iot_test_files/normal_encrypted/backup_data_11.dat.encrypted | Confidence: 0.0% | Reason: High entropy (6.84)
2025-10-18 00:10:49 | iot_test_files/normal_encrypted/backup_data_11.dat.encrypted | Confidence: 0.0% | Reason: Rapid file access (30 files)
2025-10-18 00:10:49 | iot_test_files/normal_encrypted/backup_data_11.dat.encrypted | Confidence: 0.0% | Reason: Rapid file access (30 files)
2025-10-18 00:10:49 | iot_test_files/normal_encrypted/log_1760337347_4018.txt.encrypted | Confidence: 0.0% | Reason: High entropy (6.39)
2025-10-18 00:10:49 | iot_test_files/normal_encrypted/log_1760337347_4018.txt.encrypted | Confidence: 0.0% | Reason: High entropy (6.39)
2025-10-18 00:10:49 | iot_test_files/normal_encrypted/log_1760337347_4018.txt.encrypted | Confidence: 0.0% | Reason: Rapid file access (31 files)
2025-10-18 00:10:49 | iot_test_files/normal_encrypted/log_1760337347_4018.txt.encrypted | Confidence: 0.0% | Reason: Rapid file access (31 files)
2025-10-18 00:10:49 | iot_test_files/normal_encrypted/normal_file_3.txt.encrypted | Confidence: 0.0% | Reason: Rapid file access (32 files)
2025-10-18 00:10:49 | iot_test_files/normal_encrypted/normal_file_3.txt.encrypted | Confidence: 0.0% | Reason: Rapid file access (32 files)
2025-10-18 00:10:49 | iot_test_files/normal_encrypted/sensor_data_13.json.encrypted | Confidence: 0.0% | Reason: Rapid file access (33 files)
2025-10-18 00:10:49 | iot_test_files/normal_encrypted/sensor_data_13.json.encrypted | Confidence: 0.0% | Reason: Rapid file access (33 files)
2025-10-18 00:10:49 | iot_test_files/normal_encrypted/log_1760337263_2232.txt.encrypted | Confidence: 0.0% | Reason: High entropy (6.37)
2025-10-18 00:10:49 | iot_test_files/normal_encrypted/log_1760337263_2232.txt.encrypted | Confidence: 0.0% | Reason: High entropy (6.37)
2025-10-18 00:10:49 | iot_test_files/normal_encrypted/log_1760337263_2232.txt.encrypted | Confidence: 0.0% | Reason: Rapid file access (34 files)
2025-10-18 00:10:49 | iot_test_files/normal_encrypted/log_1760337263_2232.txt.encrypted | Confidence: 0.0% | Reason: Rapid file access (34 files)
2025-10-18 00:10:49 | iot_test_files/normal_encrypted/config_43_1760336943.txt.encrypted | Confidence: 0.0% | Reason: High entropy (6.29)
2025-10-18 00:10:49 | iot_test_files/normal_encrypted/config_43_1760336943.txt.encrypted | Confidence: 0.0% | Reason: High entropy (6.29)
2025-10-18 00:10:49 | iot_test_files/normal_encrypted/config_43_1760336943.txt.encrypted | Confidence: 0.0% | Reason: Rapid file access (35 files)
2025-10-18 00:10:49 | iot_test_files/normal_encrypted/config_43_1760336943.txt.encrypted | Confidence: 0.0% | Reason: Rapid file access (35 files)
2025-10-18 00:10:49 | iot_test_files/normal_encrypted/log_1760338151_4998.txt.encrypted | Confidence: 0.0% | Reason: High entropy (6.77)
2025-10-18 00:10:49 | iot_test_files/normal_encrypted/log_1760338151_4998.txt.encrypted | Confidence: 0.0% | Reason: High entropy (6.77)
2025-10-18 00:10:49 | iot_test_files/normal_encrypted/log_1760338151_4998.txt.encrypted | Confidence: 0.0% | Reason: Rapid file access (36 files)
2025-10-18 00:10:49 | iot_test_files/normal_encrypted/log_1760338151_4998.txt.encrypted | Confidence: 0.0% | Reason: Rapid file access (36 files)
2025-10-18 00:10:49 | iot_test_files/normal_encrypted/log_1760337335_9128.txt.encrypted | Confidence: 0.0% | Reason: High entropy (6.89)
2025-10-18 00:10:49 | iot_test_files/normal_encrypted/log_1760337335_9128.txt.encrypted | Confidence: 0.0% | Reason: High entropy (6.89)
2025-10-18 00:10:49 | iot_test_files/normal_encrypted/log_1760337335_9128.txt.encrypted | Confidence: 0.0% | Reason: Rapid file access (37 files)
2025-10-18 00:10:49 | iot_test_files/normal_encrypted/log_1760337335_9128.txt.encrypted | Confidence: 0.0% | Reason: Rapid file access (37 files)
2025-10-18 00:10:49 | iot_test_files/normal_encrypted/normal_file_2.txt.encrypted | Confidence: 0.0% | Reason: Rapid file access (38 files)
2025-10-18 00:10:49 | iot_test_files/normal_encrypted/normal_file_2.txt.encrypted | Confidence: 0.0% | Reason: Rapid file access (38 files)
2025-10-18 00:10:49 | iot_test_files/normal_encrypted/normal_file_18.txt.encrypted | Confidence: 0.0% | Reason: Rapid file access (39 files)
2025-10-18 00:10:49 | iot_test_files/normal_encrypted/normal_file_18.txt.encrypted | Confidence: 0.0% | Reason: Rapid file access (39 files)
2025-10-18 00:10:49 | iot_test_files/normal_encrypted/normal_file_0.txt.encrypted | Confidence: 0.0% | Reason: Rapid file access (40 files)
2025-10-18 00:10:49 | iot_test_files/normal_encrypted/normal_file_0.txt.encrypted | Confidence: 0.0% | Reason: Rapid file access (40 files)
2025-10-18 00:10:49 | iot_test_files/normal_encrypted/normal_file_12.txt.encrypted | Confidence: 0.0% | Reason: Rapid file access (41 files)
2025-10-18 00:10:49 | iot_test_files/normal_encrypted/normal_file_12.txt.encrypted | Confidence: 0.0% | Reason: Rapid file access (41 files)
2025-10-18 00:10:49 | iot_test_files/normal_encrypted/log_1760337420_7598.txt.encrypted | Confidence: 0.0% | Reason: High entropy (6.48)
2025-10-18 00:10:49 | iot_test_files/normal_encrypted/log_1760337420_7598.txt.encrypted | Confidence: 0.0% | Reason: High entropy (6.48)
2025-10-18 00:10:49 | iot_test_files/normal_encrypted/log_1760337420_7598.txt.encrypted | Confidence: 0.0% | Reason: Rapid file access (42 files)
2025-10-18 00:10:49 | iot_test_files/normal_encrypted/log_1760337420_7598.txt.encrypted | Confidence: 0.0% | Reason: Rapid file access (42 files)
2025-10-18 00:10:49 | iot_test_files/normal_encrypted/normal_file_16.txt.encrypted | Confidence: 0.0% | Reason: Rapid file access (43 files)
2025-10-18 00:10:49 | iot_test_files/normal_encrypted/normal_file_16.txt.encrypted | Confidence: 0.0% | Reason: Rapid file access (43 files)
2025-10-18 00:10:49 | iot_test_files/normal_encrypted/device_002.txt.encrypted.encrypted | Confidence: 0.0% | Reason: High entropy (6.53)
2025-10-18 00:10:49 | iot_test_files/normal_encrypted/device_002.txt.encrypted.encrypted | Confidence: 0.0% | Reason: High entropy (6.53)
2025-10-18 00:10:49 | iot_test_files/normal_encrypted/device_002.txt.encrypted.encrypted | Confidence: 0.0% | Reason: Rapid file access (44 files)
2025-10-18 00:10:49 | iot_test_files/normal_encrypted/device_002.txt.encrypted.encrypted | Confidence: 0.0% | Reason: Rapid file access (44 files)
2025-10-18 00:10:49 | iot_test_files/normal_encrypted/log_1760338465_6490.txt.encrypted | Confidence: 0.0% | Reason: High entropy (6.38)
2025-10-18 00:10:49 | iot_test_files/normal_encrypted/log_1760338465_6490.txt.encrypted | Confidence: 0.0% | Reason: High entropy (6.38)
2025-10-18 00:10:49 | iot_test_files/normal_encrypted/log_1760338465_6490.txt.encrypted | Confidence: 0.0% | Reason: Rapid file access (45 files)
2025-10-18 00:10:49 | iot_test_files/normal_encrypted/log_1760338465_6490.txt.encrypted | Confidence: 0.0% | Reason: Rapid file access (45 files)
2025-10-18 00:10:49 | iot_test_files/normal_encrypted/log_1760338429_6970.txt.encrypted | Confidence: 0.0% | Reason: High entropy (6.34)
2025-10-18 00:10:49 | iot_test_files/normal_encrypted/log_1760338429_6970.txt.encrypted | Confidence: 0.0% | Reason: High entropy (6.34)
2025-10-18 00:10:49 | iot_test_files/normal_encrypted/log_1760338429_6970.txt.encrypted | Confidence: 0.0% | Reason: Rapid file access (46 files)
2025-10-18 00:10:49 | iot_test_files/normal_encrypted/log_1760338429_6970.txt.encrypted | Confidence: 0.0% | Reason: Rapid file access (46 files)
2025-10-18 00:10:49 | iot_test_files/normal_encrypted/normal_file_4.txt.encrypted | Confidence: 0.0% | Reason: Rapid file access (47 files)
2025-10-18 00:10:49 | iot_test_files/normal_encrypted/normal_file_4.txt.encrypted | Confidence: 0.0% | Reason: Rapid file access (47 files)
2025-10-18 00:10:49 | iot_test_files/normal_encrypted/backup_data_15.dat.encrypted | Confidence: 0.0% | Reason: High entropy (7.25)
2025-10-18 00:10:49 | iot_test_files/normal_encrypted/backup_data_15.dat.encrypted | Confidence: 0.0% | Reason: High entropy (7.25)
2025-10-18 00:10:49 | iot_test_files/normal_encrypted/backup_data_15.dat.encrypted | Confidence: 0.0% | Reason: Rapid file access (48 files)
2025-10-18 00:10:49 | iot_test_files/normal_encrypted/backup_data_15.dat.encrypted | Confidence: 0.0% | Reason: Rapid file access (48 files)
2025-10-18 00:10:49 | iot_test_files/normal_encrypted/normal_file_14.txt.encrypted | Confidence: 0.0% | Reason: High entropy (6.14)
2025-10-18 00:10:49 | iot_test_files/normal_encrypted/normal_file_14.txt.encrypted | Confidence: 0.0% | Reason: High entropy (6.14)
2025-10-18 00:10:49 | iot_test_files/normal_encrypted/normal_file_14.txt.encrypted | Confidence: 0.0% | Reason: Rapid file access (49 files)
2025-10-18 00:10:49 | iot_test_files/normal_encrypted/normal_file_14.txt.encrypted | Confidence: 0.0% | Reason: Rapid file access (49 files)
2025-10-18 00:10:49 | iot_test_files/normal_encrypted/log_1760338356_5549.txt.encrypted | Confidence: 0.0% | Reason: High entropy (6.33)
2025-10-18 00:10:49 | iot_test_files/normal_encrypted/log_1760338356_5549.txt.encrypted | Confidence: 0.0% | Reason: High entropy (6.33)
2025-10-18 00:10:49 | iot_test_files/normal_encrypted/log_1760338356_5549.txt.encrypted | Confidence: 0.0% | Reason: Rapid file access (50 files)
2025-10-18 00:10:49 | iot_test_files/normal_encrypted/log_1760338356_5549.txt.encrypted | Confidence: 0.0% | Reason: Rapid file access (50 files)
2025-10-18 00:10:49 | iot_test_files/normal_encrypted/device_006.txt.encrypted.encrypted | Confidence: 0.0% | Reason: High entropy (6.44)
2025-10-18 00:10:49 | iot_test_files/normal_encrypted/device_006.txt.encrypted.encrypted | Confidence: 0.0% | Reason: High entropy (6.44)
2025-10-18 00:10:49 | iot_test_files/normal_encrypted/device_006.txt.encrypted.encrypted | Confidence: 0.0% | Reason: Rapid file access (51 files)
2025-10-18 00:10:49 | iot_test_files/normal_encrypted/device_006.txt.encrypted.encrypted | Confidence: 0.0% | Reason: Rapid file access (51 files)
2025-10-18 00:10:49 | iot_test_files/normal_encrypted/config_0_1760338649.txt.encrypted | Confidence: 0.0% | Reason: Rapid file access (52 files)
2025-10-18 00:10:49 | iot_test_files/normal_encrypted/config_0_1760338649.txt.encrypted | Confidence: 0.0% | Reason: Rapid file access (52 files)
2025-10-18 00:10:49 | iot_test_files/normal_encrypted/normal_file_15.txt.encrypted | Confidence: 0.0% | Reason: Rapid file access (53 files)
2025-10-18 00:10:49 | iot_test_files/normal_encrypted/normal_file_15.txt.encrypted | Confidence: 0.0% | Reason: Rapid file access (53 files)
2025-10-18 00:10:49 | iot_test_files/normal_encrypted/backup_data_19.dat.encrypted | Confidence: 0.0% | Reason: High entropy (7.09)
2025-10-18 00:10:49 | iot_test_files/normal_encrypted/backup_data_19.dat.encrypted | Confidence: 0.0% | Reason: High entropy (7.09)
2025-10-18 00:10:49 | iot_test_files/normal_encrypted/backup_data_19.dat.encrypted | Confidence: 0.0% | Reason: Rapid file access (54 files)
2025-10-18 00:10:49 | iot_test_files/normal_encrypted/backup_data_19.dat.encrypted | Confidence: 0.0% | Reason: Rapid file access (54 files)
2025-10-18 00:10:49 | iot_test_files/normal_encrypted/config_42_1760338565.txt.encrypted | Confidence: 0.0% | Reason: High entropy (6.24)
2025-10-18 00:10:49 | iot_test_files/normal_encrypted/config_42_1760338565.txt.encrypted | Confidence: 0.0% | Reason: High entropy (6.24)
2025-10-18 00:10:49 | iot_test_files/normal_encrypted/config_42_1760338565.txt.encrypted | Confidence: 0.0% | Reason: Rapid file access (55 files)
2025-10-18 00:10:49 | iot_test_files/normal_encrypted/config_42_1760338565.txt.encrypted | Confidence: 0.0% | Reason: Rapid file access (55 files)
2025-10-18 00:10:49 | iot_test_files/normal_encrypted/config_5_1760338277.txt.encrypted | Confidence: 0.0% | Reason: Rapid file access (56 files)
2025-10-18 00:10:49 | iot_test_files/normal_encrypted/config_5_1760338277.txt.encrypted | Confidence: 0.0% | Reason: Rapid file access (56 files)
2025-10-18 00:10:49 | iot_test_files/normal_encrypted/READ_ME_FOR_DECRYPT.txt | Confidence: 0.0% | Reason: Rapid file access (57 files)
2025-10-18 00:10:49 | iot_test_files/normal_encrypted/READ_ME_FOR_DECRYPT.txt | Confidence: 0.0% | Reason: Rapid file access (57 files)
2025-10-18 00:22:24 | iot_test_files/normal/normal_file_15.txt | Confidence: 0.0% | Reason: Rapid file access (16 files)
2025-10-18 00:22:24 | iot_test_files/normal/normal_file_15.txt | Confidence: 0.0% | Reason: Rapid file access (16 files)
2025-10-18 00:22:24 | iot_test_files/normal/normal_file_16.txt | Confidence: 0.0% | Reason: Rapid file access (17 files)
2025-10-18 00:22:24 | iot_test_files/normal/normal_file_16.txt | Confidence: 0.0% | Reason: Rapid file access (17 files)
2025-10-18 00:22:24 | iot_test_files/normal/normal_file_17.txt | Confidence: 0.0% | Reason: Rapid file access (18 files)
2025-10-18 00:22:24 | iot_test_files/normal/normal_file_17.txt | Confidence: 0.0% | Reason: Rapid file access (18 files)
2025-10-18 00:22:24 | iot_test_files/normal/normal_file_18.txt | Confidence: 0.0% | Reason: Rapid file access (19 files)
2025-10-18 00:22:24 | iot_test_files/normal/normal_file_18.txt | Confidence: 0.0% | Reason: Rapid file access (19 files)
2025-10-18 00:22:24 | iot_test_files/normal/normal_file_19.txt | Confidence: 0.0% | Reason: Rapid file access (20 files)
2025-10-18 00:22:24 | iot_test_files/normal/normal_file_19.txt | Confidence: 0.0% | Reason: Rapid file access (20 files)
2025-10-18 00:22:24 | iot_test_files/normal/normal_file_15.txt | Confidence: 0.0% | Reason: Rapid file access (16 files)
2025-10-18 00:22:24 | iot_test_files/normal/normal_file_15.txt | Confidence: 0.0% | Reason: Rapid file access (16 files)
2025-10-18 00:22:24 | iot_test_files/normal/normal_file_16.txt | Confidence: 0.0% | Reason: Rapid file access (17 files)
2025-10-18 00:22:24 | iot_test_files/normal/normal_file_16.txt | Confidence: 0.0% | Reason: Rapid file access (17 files)
2025-10-18 00:22:24 | iot_test_files/normal/normal_file_17.txt | Confidence: 0.0% | Reason: Rapid file access (18 files)
2025-10-18 00:22:24 | iot_test_files/normal/normal_file_17.txt | Confidence: 0.0% | Reason: Rapid file access (18 files)
2025-10-18 00:22:24 | iot_test_files/normal/normal_file_18.txt | Confidence: 0.0% | Reason: Rapid file access (19 files)
2025-10-18 00:22:24 | iot_test_files/normal/normal_file_18.txt | Confidence: 0.0% | Reason: Rapid file access (19 files)
2025-10-18 00:22:24 | iot_test_files/normal/normal_file_19.txt | Confidence: 0.0% | Reason: Rapid file access (20 files)
2025-10-18 00:22:24 | iot_test_files/normal/normal_file_19.txt | Confidence: 0.0% | Reason: Rapid file access (20 files)
2025-10-18 00:22:34 | iot_test_files/normal_encrypted/log_1760337299_8123.txt.encrypted | Confidence: 0.0% | Reason: High entropy (6.45)
2025-10-18 00:22:34 | iot_test_files/normal_encrypted/log_1760337299_8123.txt.encrypted | Confidence: 0.0% | Reason: High entropy (6.45)
2025-10-18 00:22:34 | iot_test_files/normal_encrypted/log_1760337299_8123.txt.encrypted | Confidence: 0.0% | Reason: High entropy (6.45)
2025-10-18 00:22:34 | iot_test_files/normal_encrypted/log_1760337299_8123.txt.encrypted | Confidence: 0.0% | Reason: High entropy (6.45)
2025-10-18 00:22:34 | iot_test_files/normal_encrypted/log_1760337299_8123.txt.encrypted | Confidence: 0.0% | Reason: Rapid file access (21 files)
2025-10-18 00:22:34 | iot_test_files/normal_encrypted/log_1760338465_6490.txt.encrypted | Confidence: 0.0% | Reason: High entropy (6.41)
2025-10-18 00:22:34 | iot_test_files/normal_encrypted/log_1760338465_6490.txt.encrypted | Confidence: 0.0% | Reason: High entropy (6.41)
2025-10-18 00:22:34 | iot_test_files/normal_encrypted/log_1760337299_8123.txt.encrypted | Confidence: 0.0% | Reason: Rapid file access (21 files)
2025-10-18 00:22:34 | iot_test_files/normal_encrypted/log_1760338441_4046.txt.encrypted | Confidence: 0.0% | Reason: High entropy (6.44)
2025-10-18 00:22:34 | iot_test_files/normal_encrypted/log_1760338441_4046.txt.encrypted | Confidence: 0.0% | Reason: High entropy (6.44)
2025-10-18 00:22:34 | iot_test_files/normal_encrypted/log_1760338441_4046.txt.encrypted | Confidence: 0.0% | Reason: High entropy (6.44)
2025-10-18 00:22:34 | iot_test_files/normal_encrypted/log_1760338441_4046.txt.encrypted | Confidence: 0.0% | Reason: High entropy (6.44)
2025-10-18 00:22:34 | iot_test_files/normal_encrypted/device_009.txt.encrypted.encrypted | Confidence: 0.0% | Reason: High entropy (6.58)
2025-10-18 00:22:34 | iot_test_files/normal_encrypted/device_009.txt.encrypted.encrypted | Confidence: 0.0% | Reason: High entropy (6.58)
2025-10-18 00:22:34 | iot_test_files/normal_encrypted/system_log_14.log.encrypted | Confidence: 0.0% | Reason: High entropy (6.49)
2025-10-18 00:22:34 | iot_test_files/normal_encrypted/system_log_14.log.encrypted | Confidence: 0.0% | Reason: High entropy (6.49)
2025-10-18 00:22:34 | iot_test_files/normal_encrypted/log_1760337384_4241.txt.encrypted | Confidence: 0.0% | Reason: High entropy (6.88)
2025-10-18 00:22:34 | iot_test_files/normal_encrypted/log_1760337384_4241.txt.encrypted | Confidence: 0.0% | Reason: High entropy (6.88)
2025-10-18 00:22:34 | iot_test_files/normal_encrypted/normal_file_11.txt.encrypted | Confidence: 0.0% | Reason: Rapid file access (16 files)
2025-10-18 00:22:34 | iot_test_files/normal_encrypted/normal_file_11.txt.encrypted | Confidence: 0.0% | Reason: Rapid file access (16 files)
2025-10-18 00:22:34 | iot_test_files/normal_encrypted/log_1760338644_8734.txt.encrypted | Confidence: 0.0% | Reason: High entropy (6.38)
2025-10-18 00:22:34 | iot_test_files/normal_encrypted/log_1760338644_8734.txt.encrypted | Confidence: 0.0% | Reason: High entropy (6.38)
2025-10-18 00:22:35 | iot_test_files/normal_encrypted/log_1760338644_8734.txt.encrypted | Confidence: 0.0% | Reason: Rapid file access (17 files)
2025-10-18 00:22:35 | iot_test_files/normal_encrypted/log_1760338644_8734.txt.encrypted | Confidence: 0.0% | Reason: Rapid file access (17 files)
2025-10-18 00:22:35 | iot_test_files/normal_encrypted/config_11_1760338577.txt.encrypted | Confidence: 0.0% | Reason: Rapid file access (18 files)
2025-10-18 00:22:35 | iot_test_files/normal_encrypted/config_11_1760338577.txt.encrypted | Confidence: 0.0% | Reason: Rapid file access (18 files)
2025-10-18 00:22:35 | iot_test_files/normal_encrypted/backup_data_19.dat.encrypted | Confidence: 0.0% | Reason: High entropy (7.11)
2025-10-18 00:22:35 | iot_test_files/normal_encrypted/backup_data_19.dat.encrypted | Confidence: 0.0% | Reason: High entropy (7.11)
2025-10-18 00:22:35 | iot_test_files/normal_encrypted/backup_data_19.dat.encrypted | Confidence: 0.0% | Reason: Rapid file access (19 files)
2025-10-18 00:22:35 | iot_test_files/normal_encrypted/backup_data_19.dat.encrypted | Confidence: 0.0% | Reason: Rapid file access (19 files)
2025-10-18 00:22:35 | iot_test_files/normal_encrypted/device_007.txt.encrypted.encrypted | Confidence: 0.0% | Reason: High entropy (6.52)
2025-10-18 00:22:35 | iot_test_files/normal_encrypted/device_007.txt.encrypted.encrypted | Confidence: 0.0% | Reason: High entropy (6.52)
2025-10-18 00:22:35 | iot_test_files/normal_encrypted/device_007.txt.encrypted.encrypted | Confidence: 0.0% | Reason: Rapid file access (20 files)
2025-10-18 00:22:35 | iot_test_files/normal_encrypted/device_007.txt.encrypted.encrypted | Confidence: 0.0% | Reason: Rapid file access (20 files)
2025-10-18 00:22:35 | iot_test_files/normal_encrypted/log_1760338506_9644.txt.encrypted | Confidence: 0.0% | Reason: High entropy (6.40)
2025-10-18 00:22:35 | iot_test_files/normal_encrypted/log_1760338506_9644.txt.encrypted | Confidence: 0.0% | Reason: High entropy (6.40)
2025-10-18 00:22:35 | iot_test_files/normal_encrypted/log_1760338465_6490.txt.encrypted | Confidence: 0.0% | Reason: High entropy (6.41)
2025-10-18 00:22:35 | iot_test_files/normal_encrypted/log_1760338506_9644.txt.encrypted | Confidence: 0.0% | Reason: Rapid file access (21 files)
2025-10-18 00:22:35 | iot_test_files/normal_encrypted/log_1760338506_9644.txt.encrypted | Confidence: 0.0% | Reason: Rapid file access (21 files)
2025-10-18 00:22:35 | iot_test_files/normal_encrypted/log_1760338465_6490.txt.encrypted | Confidence: 0.0% | Reason: High entropy (6.41)
2025-10-18 00:22:35 | iot_test_files/normal_encrypted/log_1760338506_9644.txt.encrypted | Confidence: 0.0% | Reason: High entropy (6.40)
2025-10-18 00:22:35 | iot_test_files/normal_encrypted/log_1760338506_9644.txt.encrypted | Confidence: 0.0% | Reason: High entropy (6.40)
2025-10-18 00:22:35 | iot_test_files/normal_encrypted/log_1760338506_9644.txt.encrypted | Confidence: 0.0% | Reason: Rapid file access (22 files)
2025-10-18 00:22:35 | iot_test_files/normal_encrypted/log_1760338506_9644.txt.encrypted | Confidence: 0.0% | Reason: Rapid file access (22 files)
2025-10-18 00:22:35 | iot_test_files/normal_encrypted/log_1760337129_5117.txt.encrypted | Confidence: 0.0% | Reason: High entropy (6.38)
2025-10-18 00:22:35 | iot_test_files/normal_encrypted/log_1760337129_5117.txt.encrypted | Confidence: 0.0% | Reason: High entropy (6.38)
2025-10-18 00:22:35 | iot_test_files/normal_encrypted/log_1760337129_5117.txt.encrypted | Confidence: 0.0% | Reason: Rapid file access (23 files)
2025-10-18 00:22:35 | iot_test_files/normal_encrypted/log_1760337129_5117.txt.encrypted | Confidence: 0.0% | Reason: Rapid file access (23 files)
2025-10-18 00:22:35 | iot_test_files/normal_encrypted/normal_file_9.txt.encrypted | Confidence: 0.0% | Reason: Rapid file access (24 files)
2025-10-18 00:22:35 | iot_test_files/normal_encrypted/normal_file_9.txt.encrypted | Confidence: 0.0% | Reason: Rapid file access (24 files)
2025-10-18 00:22:35 | iot_test_files/normal_encrypted/log_1760337420_7598.txt.encrypted | Confidence: 0.0% | Reason: High entropy (6.41)
2025-10-18 00:22:35 | iot_test_files/normal_encrypted/log_1760337420_7598.txt.encrypted | Confidence: 0.0% | Reason: High entropy (6.41)
2025-10-18 00:22:35 | iot_test_files/normal_encrypted/log_1760337420_7598.txt.encrypted | Confidence: 0.0% | Reason: Rapid file access (25 files)
2025-10-18 00:22:35 | iot_test_files/normal_encrypted/log_1760337420_7598.txt.encrypted | Confidence: 0.0% | Reason: Rapid file access (25 files)
2025-10-18 00:22:35 | iot_test_files/normal_encrypted/normal_file_15.txt.encrypted | Confidence: 0.0% | Reason: Rapid file access (26 files)
2025-10-18 00:22:35 | iot_test_files/normal_encrypted/normal_file_15.txt.encrypted | Confidence: 0.0% | Reason: Rapid file access (26 files)
2025-10-18 00:22:35 | iot_test_files/normal_encrypted/config_16_1760337003.txt.encrypted | Confidence: 0.0% | Reason: High entropy (6.70)
2025-10-18 00:22:35 | iot_test_files/normal_encrypted/config_16_1760337003.txt.encrypted | Confidence: 0.0% | Reason: High entropy (6.70)
2025-10-18 00:22:35 | iot_test_files/normal_encrypted/config_16_1760337003.txt.encrypted | Confidence: 0.0% | Reason: Rapid file access (27 files)
2025-10-18 00:22:35 | iot_test_files/normal_encrypted/config_16_1760337003.txt.encrypted | Confidence: 0.0% | Reason: Rapid file access (27 files)
2025-10-18 00:22:35 | iot_test_files/normal_encrypted/device_008.txt.encrypted.encrypted | Confidence: 0.0% | Reason: High entropy (6.37)
2025-10-18 00:22:35 | iot_test_files/normal_encrypted/device_008.txt.encrypted.encrypted | Confidence: 0.0% | Reason: High entropy (6.37)
2025-10-18 00:22:35 | iot_test_files/normal_encrypted/device_008.txt.encrypted.encrypted | Confidence: 0.0% | Reason: Rapid file access (28 files)
2025-10-18 00:22:35 | iot_test_files/normal_encrypted/device_008.txt.encrypted.encrypted | Confidence: 0.0% | Reason: Rapid file access (28 files)
2025-10-18 00:22:35 | iot_test_files/normal_encrypted/config_13_1760337219.txt.encrypted | Confidence: 0.0% | Reason: Rapid file access (29 files)
2025-10-18 00:22:35 | iot_test_files/normal_encrypted/config_13_1760337219.txt.encrypted | Confidence: 0.0% | Reason: Rapid file access (29 files)
2025-10-18 00:22:35 | iot_test_files/normal_encrypted/normal_file_5.txt.encrypted | Confidence: 0.0% | Reason: Rapid file access (30 files)
2025-10-18 00:22:35 | iot_test_files/normal_encrypted/normal_file_5.txt.encrypted | Confidence: 0.0% | Reason: Rapid file access (30 files)
2025-10-18 00:22:35 | iot_test_files/normal_encrypted/log_1760338151_4998.txt.encrypted | Confidence: 0.0% | Reason: High entropy (6.81)
2025-10-18 00:22:35 | iot_test_files/normal_encrypted/log_1760338151_4998.txt.encrypted | Confidence: 0.0% | Reason: High entropy (6.81)
2025-10-18 00:22:35 | iot_test_files/normal_encrypted/log_1760338151_4998.txt.encrypted | Confidence: 0.0% | Reason: Rapid file access (31 files)
2025-10-18 00:22:35 | iot_test_files/normal_encrypted/log_1760338151_4998.txt.encrypted | Confidence: 0.0% | Reason: Rapid file access (31 files)
2025-10-18 00:22:35 | iot_test_files/normal_encrypted/log_1760338308_6581.txt.encrypted | Confidence: 0.0% | Reason: High entropy (6.65)
2025-10-18 00:22:35 | iot_test_files/normal_encrypted/log_1760338308_6581.txt.encrypted | Confidence: 0.0% | Reason: High entropy (6.65)
2025-10-18 00:22:35 | iot_test_files/normal_encrypted/log_1760338308_6581.txt.encrypted | Confidence: 0.0% | Reason: Rapid file access (32 files)
2025-10-18 00:22:35 | iot_test_files/normal_encrypted/log_1760338308_6581.txt.encrypted | Confidence: 0.0% | Reason: Rapid file access (32 files)
2025-10-18 00:22:35 | iot_test_files/normal_encrypted/config_12_1760338529.txt.encrypted | Confidence: 0.0% | Reason: Rapid file access (33 files)
2025-10-18 00:22:35 | iot_test_files/normal_encrypted/config_12_1760338529.txt.encrypted | Confidence: 0.0% | Reason: Rapid file access (33 files)
2025-10-18 00:22:35 | iot_test_files/normal_encrypted/config_24_1760338085.txt.encrypted | Confidence: 0.0% | Reason: High entropy (6.41)
2025-10-18 00:22:35 | iot_test_files/normal_encrypted/config_24_1760338085.txt.encrypted | Confidence: 0.0% | Reason: High entropy (6.41)
2025-10-18 00:22:35 | iot_test_files/normal_encrypted/config_24_1760338085.txt.encrypted | Confidence: 0.0% | Reason: Rapid file access (34 files)
2025-10-18 00:22:35 | iot_test_files/normal_encrypted/config_24_1760338085.txt.encrypted | Confidence: 0.0% | Reason: Rapid file access (34 files)
2025-10-18 00:22:35 | iot_test_files/normal_encrypted/config_device_0.cfg.encrypted | Confidence: 0.0% | Reason: High entropy (7.52)
2025-10-18 00:22:35 | iot_test_files/normal_encrypted/config_device_0.cfg.encrypted | Confidence: 0.0% | Reason: High entropy (7.52)
2025-10-18 00:22:35 | iot_test_files/normal_encrypted/config_device_0.cfg.encrypted | Confidence: 0.0% | Reason: Rapid file access (35 files)
2025-10-18 00:22:35 | iot_test_files/normal_encrypted/config_device_0.cfg.encrypted | Confidence: 0.0% | Reason: Rapid file access (35 files)
2025-10-18 00:22:35 | iot_test_files/normal_encrypted/log_1760337970_2456.txt.encrypted | Confidence: 0.0% | Reason: High entropy (6.79)
2025-10-18 00:22:35 | iot_test_files/normal_encrypted/log_1760337970_2456.txt.encrypted | Confidence: 0.0% | Reason: High entropy (6.79)
2025-10-18 00:22:35 | iot_test_files/normal_encrypted/log_1760337970_2456.txt.encrypted | Confidence: 0.0% | Reason: Rapid file access (36 files)
2025-10-18 00:22:35 | iot_test_files/normal_encrypted/log_1760337970_2456.txt.encrypted | Confidence: 0.0% | Reason: Rapid file access (36 files)
2025-10-18 00:22:35 | iot_test_files/normal_encrypted/normal_file_18.txt.encrypted | Confidence: 0.0% | Reason: Rapid file access (37 files)
2025-10-18 00:22:35 | iot_test_files/normal_encrypted/normal_file_18.txt.encrypted | Confidence: 0.0% | Reason: Rapid file access (37 files)
2025-10-18 00:22:35 | iot_test_files/normal_encrypted/log_1760338441_4046.txt.encrypted | Confidence: 0.0% | Reason: High entropy (6.44)
2025-10-18 00:22:35 | iot_test_files/normal_encrypted/sensor_data_1.json.encrypted | Confidence: 0.0% | Reason: High entropy (6.25)
2025-10-18 00:22:35 | iot_test_files/normal_encrypted/sensor_data_1.json.encrypted | Confidence: 0.0% | Reason: High entropy (6.25)
2025-10-18 00:22:35 | iot_test_files/normal_encrypted/log_1760338441_4046.txt.encrypted | Confidence: 0.0% | Reason: High entropy (6.44)
2025-10-18 00:22:35 | iot_test_files/normal_encrypted/sensor_data_1.json.encrypted | Confidence: 0.0% | Reason: Rapid file access (38 files)
2025-10-18 00:22:35 | iot_test_files/normal_encrypted/sensor_data_1.json.encrypted | Confidence: 0.0% | Reason: Rapid file access (38 files)
2025-10-18 00:22:35 | iot_test_files/normal_encrypted/READ_ME_FOR_DECRYPT.txt.encrypted | Confidence: 0.0% | Reason: High entropy (7.18)
2025-10-18 00:22:35 | iot_test_files/normal_encrypted/READ_ME_FOR_DECRYPT.txt.encrypted | Confidence: 0.0% | Reason: High entropy (7.18)
2025-10-18 00:22:35 | iot_test_files/normal_encrypted/READ_ME_FOR_DECRYPT.txt.encrypted | Confidence: 0.0% | Reason: Rapid file access (39 files)
2025-10-18 00:22:35 | iot_test_files/normal_encrypted/READ_ME_FOR_DECRYPT.txt.encrypted | Confidence: 0.0% | Reason: Rapid file access (39 files)
2025-10-18 00:22:35 | iot_test_files/normal_encrypted/log_1760338356_5549.txt.encrypted | Confidence: 0.0% | Reason: High entropy (6.40)
2025-10-18 00:22:35 | iot_test_files/normal_encrypted/log_1760338356_5549.txt.encrypted | Confidence: 0.0% | Reason: High entropy (6.40)
2025-10-18 00:22:35 | iot_test_files/normal_encrypted/log_1760338356_5549.txt.encrypted | Confidence: 0.0% | Reason: Rapid file access (40 files)
2025-10-18 00:22:35 | iot_test_files/normal_encrypted/log_1760338356_5549.txt.encrypted | Confidence: 0.0% | Reason: Rapid file access (40 files)
2025-10-18 00:22:35 | iot_test_files/normal_encrypted/normal_file_6.txt.encrypted | Confidence: 0.0% | Reason: Rapid file access (41 files)
2025-10-18 00:22:35 | iot_test_files/normal_encrypted/normal_file_6.txt.encrypted | Confidence: 0.0% | Reason: Rapid file access (41 files)
2025-10-18 00:22:35 | iot_test_files/normal_encrypted/device_009.txt.encrypted.encrypted | Confidence: 0.0% | Reason: High entropy (6.58)
2025-10-18 00:22:35 | iot_test_files/normal_encrypted/normal_file_6.txt.encrypted | Confidence: 0.0% | Reason: Rapid file access (42 files)
2025-10-18 00:22:35 | iot_test_files/normal_encrypted/normal_file_6.txt.encrypted | Confidence: 0.0% | Reason: Rapid file access (42 files)
2025-10-18 00:22:35 | iot_test_files/normal_encrypted/log_1760337347_4018.txt.encrypted | Confidence: 0.0% | Reason: High entropy (6.36)
2025-10-18 00:22:35 | iot_test_files/normal_encrypted/log_1760337347_4018.txt.encrypted | Confidence: 0.0% | Reason: High entropy (6.36)
2025-10-18 00:22:35 | iot_test_files/normal_encrypted/device_009.txt.encrypted.encrypted | Confidence: 0.0% | Reason: High entropy (6.58)
2025-10-18 00:22:35 | iot_test_files/normal_encrypted/log_1760337347_4018.txt.encrypted | Confidence: 0.0% | Reason: Rapid file access (43 files)
2025-10-18 00:22:35 | iot_test_files/normal_encrypted/log_1760337347_4018.txt.encrypted | Confidence: 0.0% | Reason: Rapid file access (43 files)
2025-10-18 00:22:35 | iot_test_files/normal_encrypted/normal_file_1.txt.encrypted | Confidence: 0.0% | Reason: Rapid file access (44 files)
2025-10-18 00:22:35 | iot_test_files/normal_encrypted/normal_file_1.txt.encrypted | Confidence: 0.0% | Reason: Rapid file access (44 files)
2025-10-18 00:22:35 | iot_test_files/normal_encrypted/log_1760338417_8571.txt.encrypted | Confidence: 0.0% | Reason: High entropy (6.38)
2025-10-18 00:22:35 | iot_test_files/normal_encrypted/log_1760338417_8571.txt.encrypted | Confidence: 0.0% | Reason: High entropy (6.38)
2025-10-18 00:22:35 | iot_test_files/normal_encrypted/log_1760338417_8571.txt.encrypted | Confidence: 0.0% | Reason: Rapid file access (45 files)
2025-10-18 00:22:35 | iot_test_files/normal_encrypted/log_1760338417_8571.txt.encrypted | Confidence: 0.0% | Reason: Rapid file access (45 files)
2025-10-18 00:22:35 | iot_test_files/normal_encrypted/log_1760338692_4153.txt.encrypted | Confidence: 0.0% | Reason: High entropy (6.44)
2025-10-18 00:22:35 | iot_test_files/normal_encrypted/log_1760338692_4153.txt.encrypted | Confidence: 0.0% | Reason: High entropy (6.44)
2025-10-18 00:22:35 | iot_test_files/normal_encrypted/log_1760338692_4153.txt.encrypted | Confidence: 0.0% | Reason: Rapid file access (46 files)
2025-10-18 00:22:35 | iot_test_files/normal_encrypted/log_1760338692_4153.txt.encrypted | Confidence: 0.0% | Reason: Rapid file access (46 files)
2025-10-18 00:22:35 | iot_test_files/normal_encrypted/log_1760338571_6325.txt.encrypted | Confidence: 0.0% | Reason: High entropy (6.35)
2025-10-18 00:22:35 | iot_test_files/normal_encrypted/log_1760338571_6325.txt.encrypted | Confidence: 0.0% | Reason: High entropy (6.35)
2025-10-18 00:22:35 | iot_test_files/normal_encrypted/log_1760338571_6325.txt.encrypted | Confidence: 0.0% | Reason: Rapid file access (47 files)
2025-10-18 00:22:35 | iot_test_files/normal_encrypted/log_1760338571_6325.txt.encrypted | Confidence: 0.0% | Reason: Rapid file access (47 files)
2025-10-18 00:22:35 | iot_test_files/normal_encrypted/system_log_14.log.encrypted | Confidence: 0.0% | Reason: High entropy (6.49)
2025-10-18 00:22:35 | iot_test_files/normal_encrypted/device_001.txt.encrypted.encrypted | Confidence: 0.0% | Reason: High entropy (6.44)
2025-10-18 00:22:35 | iot_test_files/normal_encrypted/device_001.txt.encrypted.encrypted | Confidence: 0.0% | Reason: High entropy (6.44)
2025-10-18 00:22:35 | iot_test_files/normal_encrypted/system_log_14.log.encrypted | Confidence: 0.0% | Reason: High entropy (6.49)
2025-10-18 00:22:35 | iot_test_files/normal_encrypted/device_001.txt.encrypted.encrypted | Confidence: 0.0% | Reason: Rapid file access (48 files)
2025-10-18 00:22:35 | iot_test_files/normal_encrypted/device_001.txt.encrypted.encrypted | Confidence: 0.0% | Reason: Rapid file access (48 files)
2025-10-18 00:22:35 | iot_test_files/normal_encrypted/config_4_1760337207.txt.encrypted | Confidence: 0.0% | Reason: Rapid file access (49 files)
2025-10-18 00:22:35 | iot_test_files/normal_encrypted/config_4_1760337207.txt.encrypted | Confidence: 0.0% | Reason: Rapid file access (49 files)
2025-10-18 00:22:35 | iot_test_files/normal_encrypted/normal_file_16.txt.encrypted | Confidence: 0.0% | Reason: Rapid file access (50 files)
2025-10-18 00:22:35 | iot_test_files/normal_encrypted/normal_file_16.txt.encrypted | Confidence: 0.0% | Reason: Rapid file access (50 files)
2025-10-18 00:22:35 | iot_test_files/normal_encrypted/config_43_1760336943.txt.encrypted | Confidence: 0.0% | Reason: High entropy (6.24)
2025-10-18 00:22:35 | iot_test_files/normal_encrypted/config_43_1760336943.txt.encrypted | Confidence: 0.0% | Reason: High entropy (6.24)
2025-10-18 00:22:35 | iot_test_files/normal_encrypted/config_43_1760336943.txt.encrypted | Confidence: 0.0% | Reason: Rapid file access (51 files)
2025-10-18 00:22:35 | iot_test_files/normal_encrypted/config_43_1760336943.txt.encrypted | Confidence: 0.0% | Reason: Rapid file access (51 files)
2025-10-18 00:22:35 | iot_test_files/normal_encrypted/normal_file_3.txt.encrypted | Confidence: 0.0% | Reason: Rapid file access (52 files)
2025-10-18 00:22:35 | iot_test_files/normal_encrypted/normal_file_3.txt.encrypted | Confidence: 0.0% | Reason: Rapid file access (52 files)
2025-10-18 00:22:35 | iot_test_files/normal_encrypted/log_1760337384_4241.txt.encrypted | Confidence: 0.0% | Reason: High entropy (6.88)
2025-10-18 00:22:35 | iot_test_files/normal_encrypted/config_0_1760338649.txt.encrypted | Confidence: 0.0% | Reason: Rapid file access (53 files)
2025-10-18 00:22:35 | iot_test_files/normal_encrypted/config_0_1760338649.txt.encrypted | Confidence: 0.0% | Reason: Rapid file access (53 files)
2025-10-18 00:22:35 | iot_test_files/normal_encrypted/config_14_1760338637.txt.encrypted | Confidence: 0.0% | Reason: Rapid file access (54 files)
2025-10-18 00:22:35 | iot_test_files/normal_encrypted/config_14_1760338637.txt.encrypted | Confidence: 0.0% | Reason: Rapid file access (54 files)
2025-10-18 00:22:35 | iot_test_files/normal_encrypted/sensor_data_17.json.encrypted | Confidence: 0.0% | Reason: Rapid file access (55 files)
2025-10-18 00:22:35 | iot_test_files/normal_encrypted/sensor_data_17.json.encrypted | Confidence: 0.0% | Reason: Rapid file access (55 files)
2025-10-18 00:22:35 | iot_test_files/normal_encrypted/log_1760337384_4241.txt.encrypted | Confidence: 0.0% | Reason: High entropy (6.88)
2025-10-18 00:22:35 | iot_test_files/normal_encrypted/backup_data_3.dat.encrypted | Confidence: 0.0% | Reason: High entropy (6.68)
2025-10-18 00:22:35 | iot_test_files/normal_encrypted/backup_data_3.dat.encrypted | Confidence: 0.0% | Reason: High entropy (6.68)
2025-10-18 00:22:35 | iot_test_files/normal_encrypted/backup_data_3.dat.encrypted | Confidence: 0.0% | Reason: Rapid file access (56 files)
2025-10-18 00:22:35 | iot_test_files/normal_encrypted/backup_data_3.dat.encrypted | Confidence: 0.0% | Reason: Rapid file access (56 files)
2025-10-18 00:22:35 | iot_test_files/normal_encrypted/config_29_1760338253.txt.encrypted | Confidence: 0.0% | Reason: Rapid file access (57 files)
2025-10-18 00:22:35 | iot_test_files/normal_encrypted/config_29_1760338253.txt.encrypted | Confidence: 0.0% | Reason: Rapid file access (57 files)
2025-10-18 00:22:35 | iot_test_files/normal_encrypted/backup_data_11.dat.encrypted | Confidence: 0.0% | Reason: High entropy (6.80)
2025-10-18 00:22:35 | iot_test_files/normal_encrypted/backup_data_11.dat.encrypted | Confidence: 0.0% | Reason: High entropy (6.80)
2025-10-18 00:22:35 | iot_test_files/normal_encrypted/backup_data_11.dat.encrypted | Confidence: 0.0% | Reason: Rapid file access (58 files)
2025-10-18 00:22:35 | iot_test_files/normal_encrypted/backup_data_11.dat.encrypted | Confidence: 0.0% | Reason: Rapid file access (58 files)
2025-10-18 00:22:35 | iot_test_files/normal_encrypted/log_1760337909_7971.txt.encrypted | Confidence: 0.0% | Reason: High entropy (6.31)
2025-10-18 00:22:35 | iot_test_files/normal_encrypted/log_1760337909_7971.txt.encrypted | Confidence: 0.0% | Reason: High entropy (6.31)
2025-10-18 00:22:35 | iot_test_files/normal_encrypted/log_1760337909_7971.txt.encrypted | Confidence: 0.0% | Reason: Rapid file access (59 files)
2025-10-18 00:22:35 | iot_test_files/normal_encrypted/log_1760337909_7971.txt.encrypted | Confidence: 0.0% | Reason: Rapid file access (59 files)
2025-10-18 00:22:35 | iot_test_files/normal_encrypted/READ_ME_FOR_DECRYPT.txt | Confidence: 0.0% | Reason: Rapid file access (60 files)
2025-10-18 00:22:35 | iot_test_files/normal_encrypted/READ_ME_FOR_DECRYPT.txt | Confidence: 0.0% | Reason: Rapid file access (60 files)
2025-10-18 00:22:35 | iot_test_files/normal_encrypted/log_1760338644_8734.txt.encrypted | Confidence: 0.0% | Reason: High entropy (6.38)
2025-10-18 00:22:35 | iot_test_files/normal_encrypted/log_1760338644_8734.txt.encrypted | Confidence: 0.0% | Reason: High entropy (6.38)
2025-10-18 00:22:35 | iot_test_files/normal_encrypted/config_11_1760338577.txt.encrypted | Confidence: 0.0% | Reason: Rapid file access (16 files)
2025-10-18 00:22:35 | iot_test_files/normal_encrypted/config_11_1760338577.txt.encrypted | Confidence: 0.0% | Reason: Rapid file access (16 files)
2025-10-18 00:22:35 | iot_test_files/normal_encrypted/backup_data_19.dat.encrypted | Confidence: 0.0% | Reason: High entropy (7.11)
2025-10-18 00:22:35 | iot_test_files/normal_encrypted/backup_data_19.dat.encrypted | Confidence: 0.0% | Reason: High entropy (7.11)
2025-10-18 00:22:35 | iot_test_files/normal_encrypted/backup_data_19.dat.encrypted | Confidence: 0.0% | Reason: Rapid file access (17 files)
2025-10-18 00:22:35 | iot_test_files/normal_encrypted/backup_data_19.dat.encrypted | Confidence: 0.0% | Reason: Rapid file access (17 files)
2025-10-18 00:22:35 | iot_test_files/normal_encrypted/device_007.txt.encrypted.encrypted | Confidence: 0.0% | Reason: High entropy (6.52)
2025-10-18 00:22:35 | iot_test_files/normal_encrypted/device_007.txt.encrypted.encrypted | Confidence: 0.0% | Reason: High entropy (6.52)
2025-10-18 00:22:35 | iot_test_files/normal_encrypted/device_007.txt.encrypted.encrypted | Confidence: 0.0% | Reason: Rapid file access (18 files)
2025-10-18 00:22:35 | iot_test_files/normal_encrypted/device_007.txt.encrypted.encrypted | Confidence: 0.0% | Reason: Rapid file access (18 files)
2025-10-18 00:22:35 | iot_test_files/normal_encrypted/log_1760338506_9644.txt.encrypted | Confidence: 0.0% | Reason: High entropy (6.40)
2025-10-18 00:22:35 | iot_test_files/normal_encrypted/log_1760338506_9644.txt.encrypted | Confidence: 0.0% | Reason: High entropy (6.40)
2025-10-18 00:22:35 | iot_test_files/normal_encrypted/log_1760338506_9644.txt.encrypted | Confidence: 0.0% | Reason: Rapid file access (19 files)
2025-10-18 00:22:35 | iot_test_files/normal_encrypted/log_1760338506_9644.txt.encrypted | Confidence: 0.0% | Reason: Rapid file access (19 files)
2025-10-18 00:22:35 | iot_test_files/normal_encrypted/log_1760338506_9644.txt.encrypted | Confidence: 0.0% | Reason: High entropy (6.40)
2025-10-18 00:22:35 | iot_test_files/normal_encrypted/log_1760338506_9644.txt.encrypted | Confidence: 0.0% | Reason: High entropy (6.40)
2025-10-18 00:22:35 | iot_test_files/normal_encrypted/log_1760338506_9644.txt.encrypted | Confidence: 0.0% | Reason: Rapid file access (20 files)
2025-10-18 00:22:35 | iot_test_files/normal_encrypted/log_1760338506_9644.txt.encrypted | Confidence: 0.0% | Reason: Rapid file access (20 files)
2025-10-18 00:22:35 | iot_test_files/normal_encrypted/log_1760337129_5117.txt.encrypted | Confidence: 0.0% | Reason: High entropy (6.38)
2025-10-18 00:22:35 | iot_test_files/normal_encrypted/log_1760337129_5117.txt.encrypted | Confidence: 0.0% | Reason: High entropy (6.38)
2025-10-18 00:22:35 | iot_test_files/normal_encrypted/log_1760337129_5117.txt.encrypted | Confidence: 0.0% | Reason: Rapid file access (21 files)
2025-10-18 00:22:35 | iot_test_files/normal_encrypted/log_1760337129_5117.txt.encrypted | Confidence: 0.0% | Reason: Rapid file access (21 files)
2025-10-18 00:22:35 | iot_test_files/normal_encrypted/normal_file_9.txt.encrypted | Confidence: 0.0% | Reason: Rapid file access (22 files)
2025-10-18 00:22:35 | iot_test_files/normal_encrypted/normal_file_9.txt.encrypted | Confidence: 0.0% | Reason: Rapid file access (22 files)
2025-10-18 00:22:35 | iot_test_files/normal_encrypted/log_1760337420_7598.txt.encrypted | Confidence: 0.0% | Reason: High entropy (6.41)
2025-10-18 00:22:35 | iot_test_files/normal_encrypted/log_1760337420_7598.txt.encrypted | Confidence: 0.0% | Reason: High entropy (6.41)
2025-10-18 00:22:35 | iot_test_files/normal_encrypted/log_1760337420_7598.txt.encrypted | Confidence: 0.0% | Reason: Rapid file access (23 files)
2025-10-18 00:22:35 | iot_test_files/normal_encrypted/log_1760337420_7598.txt.encrypted | Confidence: 0.0% | Reason: Rapid file access (23 files)
2025-10-18 00:22:35 | iot_test_files/normal_encrypted/normal_file_15.txt.encrypted | Confidence: 0.0% | Reason: Rapid file access (24 files)
2025-10-18 00:22:35 | iot_test_files/normal_encrypted/normal_file_15.txt.encrypted | Confidence: 0.0% | Reason: Rapid file access (24 files)
2025-10-18 00:22:35 | iot_test_files/normal_encrypted/config_16_1760337003.txt.encrypted | Confidence: 0.0% | Reason: High entropy (6.70)
2025-10-18 00:22:35 | iot_test_files/normal_encrypted/config_16_1760337003.txt.encrypted | Confidence: 0.0% | Reason: High entropy (6.70)
2025-10-18 00:22:35 | iot_test_files/normal_encrypted/config_16_1760337003.txt.encrypted | Confidence: 0.0% | Reason: Rapid file access (25 files)
2025-10-18 00:22:35 | iot_test_files/normal_encrypted/config_16_1760337003.txt.encrypted | Confidence: 0.0% | Reason: Rapid file access (25 files)
2025-10-18 00:22:35 | iot_test_files/normal_encrypted/device_008.txt.encrypted.encrypted | Confidence: 0.0% | Reason: High entropy (6.37)
2025-10-18 00:22:35 | iot_test_files/normal_encrypted/device_008.txt.encrypted.encrypted | Confidence: 0.0% | Reason: High entropy (6.37)
2025-10-18 00:22:35 | iot_test_files/normal_encrypted/device_008.txt.encrypted.encrypted | Confidence: 0.0% | Reason: Rapid file access (26 files)
2025-10-18 00:22:35 | iot_test_files/normal_encrypted/device_008.txt.encrypted.encrypted | Confidence: 0.0% | Reason: Rapid file access (26 files)
2025-10-18 00:22:35 | iot_test_files/normal_encrypted/config_13_1760337219.txt.encrypted | Confidence: 0.0% | Reason: Rapid file access (27 files)
2025-10-18 00:22:35 | iot_test_files/normal_encrypted/config_13_1760337219.txt.encrypted | Confidence: 0.0% | Reason: Rapid file access (27 files)
2025-10-18 00:22:35 | iot_test_files/normal_encrypted/normal_file_5.txt.encrypted | Confidence: 0.0% | Reason: Rapid file access (28 files)
2025-10-18 00:22:35 | iot_test_files/normal_encrypted/normal_file_5.txt.encrypted | Confidence: 0.0% | Reason: Rapid file access (28 files)
2025-10-18 00:22:36 | iot_test_files/normal_encrypted/log_1760338151_4998.txt.encrypted | Confidence: 0.0% | Reason: High entropy (6.81)
2025-10-18 00:22:36 | iot_test_files/normal_encrypted/log_1760338151_4998.txt.encrypted | Confidence: 0.0% | Reason: High entropy (6.81)
2025-10-18 00:22:36 | iot_test_files/normal_encrypted/log_1760338151_4998.txt.encrypted | Confidence: 0.0% | Reason: Rapid file access (29 files)
2025-10-18 00:22:36 | iot_test_files/normal_encrypted/log_1760338151_4998.txt.encrypted | Confidence: 0.0% | Reason: Rapid file access (29 files)
2025-10-18 00:22:36 | iot_test_files/normal_encrypted/log_1760338308_6581.txt.encrypted | Confidence: 0.0% | Reason: High entropy (6.65)
2025-10-18 00:22:36 | iot_test_files/normal_encrypted/log_1760338308_6581.txt.encrypted | Confidence: 0.0% | Reason: High entropy (6.65)
2025-10-18 00:22:36 | iot_test_files/normal_encrypted/log_1760338308_6581.txt.encrypted | Confidence: 0.0% | Reason: Rapid file access (30 files)
2025-10-18 00:22:36 | iot_test_files/normal_encrypted/log_1760338308_6581.txt.encrypted | Confidence: 0.0% | Reason: Rapid file access (30 files)
2025-10-18 00:22:36 | iot_test_files/normal_encrypted/config_12_1760338529.txt.encrypted | Confidence: 0.0% | Reason: Rapid file access (31 files)
2025-10-18 00:22:36 | iot_test_files/normal_encrypted/config_12_1760338529.txt.encrypted | Confidence: 0.0% | Reason: Rapid file access (31 files)
2025-10-18 00:22:36 | iot_test_files/normal_encrypted/config_24_1760338085.txt.encrypted | Confidence: 0.0% | Reason: High entropy (6.41)
2025-10-18 00:22:36 | iot_test_files/normal_encrypted/config_24_1760338085.txt.encrypted | Confidence: 0.0% | Reason: High entropy (6.41)
2025-10-18 00:22:36 | iot_test_files/normal_encrypted/config_24_1760338085.txt.encrypted | Confidence: 0.0% | Reason: Rapid file access (32 files)
2025-10-18 00:22:36 | iot_test_files/normal_encrypted/config_24_1760338085.txt.encrypted | Confidence: 0.0% | Reason: Rapid file access (32 files)
2025-10-18 00:22:36 | iot_test_files/normal_encrypted/config_device_0.cfg.encrypted | Confidence: 0.0% | Reason: High entropy (7.52)
2025-10-18 00:22:36 | iot_test_files/normal_encrypted/config_device_0.cfg.encrypted | Confidence: 0.0% | Reason: High entropy (7.52)
2025-10-18 00:22:36 | iot_test_files/normal_encrypted/config_device_0.cfg.encrypted | Confidence: 0.0% | Reason: Rapid file access (33 files)
2025-10-18 00:22:36 | iot_test_files/normal_encrypted/config_device_0.cfg.encrypted | Confidence: 0.0% | Reason: Rapid file access (33 files)
2025-10-18 00:22:36 | iot_test_files/normal_encrypted/log_1760337970_2456.txt.encrypted | Confidence: 0.0% | Reason: High entropy (6.79)
2025-10-18 00:22:36 | iot_test_files/normal_encrypted/log_1760337970_2456.txt.encrypted | Confidence: 0.0% | Reason: High entropy (6.79)
2025-10-18 00:22:36 | iot_test_files/normal_encrypted/log_1760337970_2456.txt.encrypted | Confidence: 0.0% | Reason: Rapid file access (34 files)
2025-10-18 00:22:36 | iot_test_files/normal_encrypted/log_1760337970_2456.txt.encrypted | Confidence: 0.0% | Reason: Rapid file access (34 files)
2025-10-18 00:22:36 | iot_test_files/normal_encrypted/normal_file_18.txt.encrypted | Confidence: 0.0% | Reason: Rapid file access (35 files)
2025-10-18 00:22:36 | iot_test_files/normal_encrypted/normal_file_18.txt.encrypted | Confidence: 0.0% | Reason: Rapid file access (35 files)
2025-10-18 00:22:36 | iot_test_files/normal_encrypted/sensor_data_1.json.encrypted | Confidence: 0.0% | Reason: High entropy (6.25)
2025-10-18 00:22:36 | iot_test_files/normal_encrypted/sensor_data_1.json.encrypted | Confidence: 0.0% | Reason: High entropy (6.25)
2025-10-18 00:22:36 | iot_test_files/normal_encrypted/sensor_data_1.json.encrypted | Confidence: 0.0% | Reason: Rapid file access (36 files)
2025-10-18 00:22:36 | iot_test_files/normal_encrypted/sensor_data_1.json.encrypted | Confidence: 0.0% | Reason: Rapid file access (36 files)
2025-10-18 00:22:36 | iot_test_files/normal_encrypted/READ_ME_FOR_DECRYPT.txt.encrypted | Confidence: 0.0% | Reason: High entropy (7.18)
2025-10-18 00:22:36 | iot_test_files/normal_encrypted/READ_ME_FOR_DECRYPT.txt.encrypted | Confidence: 0.0% | Reason: High entropy (7.18)
2025-10-18 00:22:36 | iot_test_files/normal_encrypted/READ_ME_FOR_DECRYPT.txt.encrypted | Confidence: 0.0% | Reason: Rapid file access (37 files)
2025-10-18 00:22:36 | iot_test_files/normal_encrypted/READ_ME_FOR_DECRYPT.txt.encrypted | Confidence: 0.0% | Reason: Rapid file access (37 files)
2025-10-18 00:22:36 | iot_test_files/normal_encrypted/log_1760338356_5549.txt.encrypted | Confidence: 0.0% | Reason: High entropy (6.40)
2025-10-18 00:22:36 | iot_test_files/normal_encrypted/log_1760338356_5549.txt.encrypted | Confidence: 0.0% | Reason: High entropy (6.40)
2025-10-18 00:22:36 | iot_test_files/normal_encrypted/log_1760338356_5549.txt.encrypted | Confidence: 0.0% | Reason: Rapid file access (38 files)
2025-10-18 00:22:36 | iot_test_files/normal_encrypted/log_1760338356_5549.txt.encrypted | Confidence: 0.0% | Reason: Rapid file access (38 files)
2025-10-18 00:22:36 | iot_test_files/normal_encrypted/normal_file_6.txt.encrypted | Confidence: 0.0% | Reason: Rapid file access (39 files)
2025-10-18 00:22:36 | iot_test_files/normal_encrypted/normal_file_6.txt.encrypted | Confidence: 0.0% | Reason: Rapid file access (39 files)
2025-10-18 00:22:36 | iot_test_files/normal_encrypted/normal_file_6.txt.encrypted | Confidence: 0.0% | Reason: Rapid file access (40 files)
2025-10-18 00:22:36 | iot_test_files/normal_encrypted/normal_file_6.txt.encrypted | Confidence: 0.0% | Reason: Rapid file access (40 files)
2025-10-18 00:22:36 | iot_test_files/normal_encrypted/log_1760337347_4018.txt.encrypted | Confidence: 0.0% | Reason: High entropy (6.36)
2025-10-18 00:22:36 | iot_test_files/normal_encrypted/log_1760337347_4018.txt.encrypted | Confidence: 0.0% | Reason: High entropy (6.36)
2025-10-18 00:22:36 | iot_test_files/normal_encrypted/log_1760337347_4018.txt.encrypted | Confidence: 0.0% | Reason: Rapid file access (41 files)
2025-10-18 00:22:36 | iot_test_files/normal_encrypted/log_1760337347_4018.txt.encrypted | Confidence: 0.0% | Reason: Rapid file access (41 files)
2025-10-18 00:22:36 | iot_test_files/normal_encrypted/normal_file_1.txt.encrypted | Confidence: 0.0% | Reason: Rapid file access (42 files)
2025-10-18 00:22:36 | iot_test_files/normal_encrypted/normal_file_1.txt.encrypted | Confidence: 0.0% | Reason: Rapid file access (42 files)
2025-10-18 00:22:36 | iot_test_files/normal_encrypted/log_1760338417_8571.txt.encrypted | Confidence: 0.0% | Reason: High entropy (6.38)
2025-10-18 00:22:36 | iot_test_files/normal_encrypted/log_1760338417_8571.txt.encrypted | Confidence: 0.0% | Reason: High entropy (6.38)
2025-10-18 00:22:36 | iot_test_files/normal_encrypted/log_1760338417_8571.txt.encrypted | Confidence: 0.0% | Reason: Rapid file access (43 files)
2025-10-18 00:22:36 | iot_test_files/normal_encrypted/log_1760338417_8571.txt.encrypted | Confidence: 0.0% | Reason: Rapid file access (43 files)
2025-10-18 00:22:36 | iot_test_files/normal_encrypted/log_1760338692_4153.txt.encrypted | Confidence: 0.0% | Reason: High entropy (6.44)
2025-10-18 00:22:36 | iot_test_files/normal_encrypted/log_1760338692_4153.txt.encrypted | Confidence: 0.0% | Reason: High entropy (6.44)
2025-10-18 00:22:36 | iot_test_files/normal_encrypted/log_1760338692_4153.txt.encrypted | Confidence: 0.0% | Reason: Rapid file access (44 files)
2025-10-18 00:22:36 | iot_test_files/normal_encrypted/log_1760338692_4153.txt.encrypted | Confidence: 0.0% | Reason: Rapid file access (44 files)
2025-10-18 00:22:36 | iot_test_files/normal_encrypted/log_1760338571_6325.txt.encrypted | Confidence: 0.0% | Reason: High entropy (6.35)
2025-10-18 00:22:36 | iot_test_files/normal_encrypted/log_1760338571_6325.txt.encrypted | Confidence: 0.0% | Reason: High entropy (6.35)
2025-10-18 00:22:36 | iot_test_files/normal_encrypted/log_1760338571_6325.txt.encrypted | Confidence: 0.0% | Reason: Rapid file access (45 files)
2025-10-18 00:22:36 | iot_test_files/normal_encrypted/log_1760338571_6325.txt.encrypted | Confidence: 0.0% | Reason: Rapid file access (45 files)
2025-10-18 00:22:36 | iot_test_files/normal_encrypted/device_001.txt.encrypted.encrypted | Confidence: 0.0% | Reason: High entropy (6.44)
2025-10-18 00:22:36 | iot_test_files/normal_encrypted/device_001.txt.encrypted.encrypted | Confidence: 0.0% | Reason: High entropy (6.44)
2025-10-18 00:22:36 | iot_test_files/normal_encrypted/device_001.txt.encrypted.encrypted | Confidence: 0.0% | Reason: Rapid file access (46 files)
2025-10-18 00:22:36 | iot_test_files/normal_encrypted/device_001.txt.encrypted.encrypted | Confidence: 0.0% | Reason: Rapid file access (46 files)
2025-10-18 00:22:36 | iot_test_files/normal_encrypted/config_4_1760337207.txt.encrypted | Confidence: 0.0% | Reason: Rapid file access (47 files)
2025-10-18 00:22:36 | iot_test_files/normal_encrypted/config_4_1760337207.txt.encrypted | Confidence: 0.0% | Reason: Rapid file access (47 files)
2025-10-18 00:22:36 | iot_test_files/normal_encrypted/normal_file_16.txt.encrypted | Confidence: 0.0% | Reason: Rapid file access (48 files)
2025-10-18 00:22:36 | iot_test_files/normal_encrypted/normal_file_16.txt.encrypted | Confidence: 0.0% | Reason: Rapid file access (48 files)
2025-10-18 00:22:36 | iot_test_files/normal_encrypted/config_43_1760336943.txt.encrypted | Confidence: 0.0% | Reason: High entropy (6.24)
2025-10-18 00:22:36 | iot_test_files/normal_encrypted/config_43_1760336943.txt.encrypted | Confidence: 0.0% | Reason: High entropy (6.24)
2025-10-18 00:22:36 | iot_test_files/normal_encrypted/config_43_1760336943.txt.encrypted | Confidence: 0.0% | Reason: Rapid file access (49 files)
2025-10-18 00:22:36 | iot_test_files/normal_encrypted/config_43_1760336943.txt.encrypted | Confidence: 0.0% | Reason: Rapid file access (49 files)
2025-10-18 00:22:36 | iot_test_files/normal_encrypted/normal_file_3.txt.encrypted | Confidence: 0.0% | Reason: Rapid file access (50 files)
2025-10-18 00:22:36 | iot_test_files/normal_encrypted/normal_file_3.txt.encrypted | Confidence: 0.0% | Reason: Rapid file access (50 files)
2025-10-18 00:22:36 | iot_test_files/normal_encrypted/config_0_1760338649.txt.encrypted | Confidence: 0.0% | Reason: Rapid file access (51 files)
2025-10-18 00:22:36 | iot_test_files/normal_encrypted/config_0_1760338649.txt.encrypted | Confidence: 0.0% | Reason: Rapid file access (51 files)
2025-10-18 00:22:36 | iot_test_files/normal_encrypted/config_14_1760338637.txt.encrypted | Confidence: 0.0% | Reason: Rapid file access (52 files)
2025-10-18 00:22:36 | iot_test_files/normal_encrypted/config_14_1760338637.txt.encrypted | Confidence: 0.0% | Reason: Rapid file access (52 files)
2025-10-18 00:22:36 | iot_test_files/normal_encrypted/sensor_data_17.json.encrypted | Confidence: 0.0% | Reason: Rapid file access (53 files)
2025-10-18 00:22:36 | iot_test_files/normal_encrypted/sensor_data_17.json.encrypted | Confidence: 0.0% | Reason: Rapid file access (53 files)
2025-10-18 00:22:36 | iot_test_files/normal_encrypted/backup_data_3.dat.encrypted | Confidence: 0.0% | Reason: High entropy (6.68)
2025-10-18 00:22:36 | iot_test_files/normal_encrypted/backup_data_3.dat.encrypted | Confidence: 0.0% | Reason: High entropy (6.68)
2025-10-18 00:22:36 | iot_test_files/normal_encrypted/backup_data_3.dat.encrypted | Confidence: 0.0% | Reason: Rapid file access (54 files)
2025-10-18 00:22:36 | iot_test_files/normal_encrypted/backup_data_3.dat.encrypted | Confidence: 0.0% | Reason: Rapid file access (54 files)
2025-10-18 00:22:36 | iot_test_files/normal_encrypted/config_29_1760338253.txt.encrypted | Confidence: 0.0% | Reason: Rapid file access (55 files)
2025-10-18 00:22:36 | iot_test_files/normal_encrypted/config_29_1760338253.txt.encrypted | Confidence: 0.0% | Reason: Rapid file access (55 files)
2025-10-18 00:22:36 | iot_test_files/normal_encrypted/backup_data_11.dat.encrypted | Confidence: 0.0% | Reason: High entropy (6.80)
2025-10-18 00:22:36 | iot_test_files/normal_encrypted/backup_data_11.dat.encrypted | Confidence: 0.0% | Reason: High entropy (6.80)
2025-10-18 00:22:36 | iot_test_files/normal_encrypted/backup_data_11.dat.encrypted | Confidence: 0.0% | Reason: Rapid file access (56 files)
2025-10-18 00:22:36 | iot_test_files/normal_encrypted/backup_data_11.dat.encrypted | Confidence: 0.0% | Reason: Rapid file access (56 files)
2025-10-18 00:22:36 | iot_test_files/normal_encrypted/log_1760337909_7971.txt.encrypted | Confidence: 0.0% | Reason: High entropy (6.31)
2025-10-18 00:22:36 | iot_test_files/normal_encrypted/log_1760337909_7971.txt.encrypted | Confidence: 0.0% | Reason: High entropy (6.31)
2025-10-18 00:22:36 | iot_test_files/normal_encrypted/log_1760337909_7971.txt.encrypted | Confidence: 0.0% | Reason: Rapid file access (57 files)
2025-10-18 00:22:36 | iot_test_files/normal_encrypted/log_1760337909_7971.txt.encrypted | Confidence: 0.0% | Reason: Rapid file access (57 files)
2025-10-18 00:22:36 | iot_test_files/normal_encrypted/READ_ME_FOR_DECRYPT.txt | Confidence: 0.0% | Reason: Rapid file access (58 files)
2025-10-18 00:22:36 | iot_test_files/normal_encrypted/READ_ME_FOR_DECRYPT.txt | Confidence: 0.0% | Reason: Rapid file access (58 files)
2025-10-18 00:22:44 | iot_test_files/normal/normal_file_8.txt | Confidence: 0.0% | Reason: Rapid file access (46 files)
2025-10-18 00:22:44 | iot_test_files/normal/normal_file_8.txt | Confidence: 0.0% | Reason: Rapid file access (46 files)
2025-10-18 00:22:44 | iot_test_files/normal/normal_file_8.txt | Confidence: 0.0% | Reason: Rapid file access (58 files)
2025-10-18 00:22:44 | iot_test_files/normal/normal_file_8.txt | Confidence: 0.0% | Reason: Rapid file access (58 files)
2025-10-18 00:58:14 | iot_test_files/normal/normal_file_13.txt | Confidence: 0.0% | Reason: Rapid file access (16 files)
2025-10-18 00:58:14 | iot_test_files/normal/normal_file_13.txt | Confidence: 0.0% | Reason: Rapid file access (16 files)
2025-10-18 00:58:14 | iot_test_files/normal/normal_file_14.txt | Confidence: 0.0% | Reason: Rapid file access (17 files)
2025-10-18 00:58:14 | iot_test_files/normal/normal_file_14.txt | Confidence: 0.0% | Reason: Rapid file access (17 files)
2025-10-18 00:58:14 | iot_test_files/normal/normal_file_15.txt | Confidence: 0.0% | Reason: Rapid file access (18 files)
2025-10-18 00:58:14 | iot_test_files/normal/normal_file_15.txt | Confidence: 0.0% | Reason: Rapid file access (18 files)
2025-10-18 00:58:14 | iot_test_files/normal/normal_file_16.txt | Confidence: 0.0% | Reason: Rapid file access (19 files)
2025-10-18 00:58:14 | iot_test_files/normal/normal_file_16.txt | Confidence: 0.0% | Reason: Rapid file access (19 files)
2025-10-18 00:58:14 | iot_test_files/normal/normal_file_17.txt | Confidence: 0.0% | Reason: Rapid file access (20 files)
2025-10-18 00:58:14 | iot_test_files/normal/normal_file_17.txt | Confidence: 0.0% | Reason: Rapid file access (20 files)
2025-10-18 00:58:14 | iot_test_files/normal/normal_file_18.txt | Confidence: 0.0% | Reason: Rapid file access (21 files)
2025-10-18 00:58:14 | iot_test_files/normal/normal_file_18.txt | Confidence: 0.0% | Reason: Rapid file access (21 files)
2025-10-18 00:58:14 | iot_test_files/normal/normal_file_18.txt | Confidence: 0.0% | Reason: Rapid file access (22 files)
2025-10-18 00:58:14 | iot_test_files/normal/normal_file_18.txt | Confidence: 0.0% | Reason: Rapid file access (22 files)
2025-10-18 00:58:14 | iot_test_files/normal/normal_file_19.txt | Confidence: 0.0% | Reason: Rapid file access (23 files)
2025-10-18 00:58:14 | iot_test_files/normal/normal_file_19.txt | Confidence: 0.0% | Reason: Rapid file access (23 files)
2025-10-18 00:58:14 | iot_test_files/normal/normal_file_9.txt | Confidence: 0.0% | Reason: Rapid file access (24 files)
2025-10-18 00:58:14 | iot_test_files/normal/normal_file_9.txt | Confidence: 0.0% | Reason: Rapid file access (24 files)
2025-10-18 00:58:14 | iot_test_files/normal/normal_file_9.txt | Confidence: 0.0% | Reason: Rapid file access (25 files)
2025-10-18 00:58:14 | iot_test_files/normal/normal_file_9.txt | Confidence: 0.0% | Reason: Rapid file access (25 files)
2025-10-18 00:58:19 | iot_test_files/normal/log_1760337837_7357.txt | Confidence: 0.0% | Reason: Rapid file access (25 files)
2025-10-18 00:58:19 | iot_test_files/normal/log_1760337837_7357.txt | Confidence: 0.0% | Reason: Rapid file access (25 files)
2025-10-18 00:58:24 | iot_test_files/normal_encrypted/device_009.txt.encrypted.encrypted | Confidence: 0.0% | Reason: High entropy (6.57)
2025-10-18 00:58:24 | iot_test_files/normal_encrypted/device_009.txt.encrypted.encrypted | Confidence: 0.0% | Reason: High entropy (6.57)
2025-10-18 00:58:24 | iot_test_files/normal_encrypted/system_log_14.log.encrypted | Confidence: 0.0% | Reason: High entropy (6.36)
2025-10-18 00:58:24 | iot_test_files/normal_encrypted/system_log_14.log.encrypted | Confidence: 0.0% | Reason: High entropy (6.36)
2025-10-18 00:58:24 | iot_test_files/normal_encrypted/log_1760338571_6325.txt.encrypted | Confidence: 0.0% | Reason: High entropy (6.44)
2025-10-18 00:58:24 | iot_test_files/normal_encrypted/log_1760338571_6325.txt.encrypted | Confidence: 0.0% | Reason: High entropy (6.44)
2025-10-18 00:58:24 | iot_test_files/normal_encrypted/log_1760338175_8534.txt.encrypted | Confidence: 0.0% | Reason: High entropy (6.46)
2025-10-18 00:58:24 | iot_test_files/normal_encrypted/log_1760338175_8534.txt.encrypted | Confidence: 0.0% | Reason: High entropy (6.46)
2025-10-18 00:58:24 | iot_test_files/normal_encrypted/log_1760337105_7414.txt.encrypted | Confidence: 0.0% | Reason: High entropy (6.78)
2025-10-18 00:58:24 | iot_test_files/normal_encrypted/log_1760337105_7414.txt.encrypted | Confidence: 0.0% | Reason: High entropy (6.78)
2025-10-18 00:58:24 | iot_test_files/normal_encrypted/backup_data_19.dat.encrypted | Confidence: 0.0% | Reason: High entropy (7.16)
2025-10-18 00:58:24 | iot_test_files/normal_encrypted/backup_data_19.dat.encrypted | Confidence: 0.0% | Reason: High entropy (7.16)
2025-10-18 00:58:24 | iot_test_files/normal_encrypted/config_38_1760338265.txt.encrypted | Confidence: 0.0% | Reason: High entropy (6.27)
2025-10-18 00:58:24 | iot_test_files/normal_encrypted/config_38_1760338265.txt.encrypted | Confidence: 0.0% | Reason: High entropy (6.27)
2025-10-18 00:58:25 | iot_test_files/normal_encrypted/log_1760337837_7357.txt.encrypted | Confidence: 0.0% | Reason: High entropy (6.87)
2025-10-18 00:58:25 | iot_test_files/normal_encrypted/log_1760337837_7357.txt.encrypted | Confidence: 0.0% | Reason: High entropy (6.87)
2025-10-18 00:58:25 | iot_test_files/normal_encrypted/config_35_1760338205.txt.encrypted | Confidence: 0.0% | Reason: High entropy (6.19)
2025-10-18 00:58:25 | iot_test_files/normal_encrypted/config_35_1760338205.txt.encrypted | Confidence: 0.0% | Reason: High entropy (6.19)
2025-10-18 00:58:25 | iot_test_files/normal_encrypted/config_43_1760336943.txt.encrypted | Confidence: 0.0% | Reason: High entropy (6.19)
2025-10-18 00:58:25 | iot_test_files/normal_encrypted/config_43_1760336943.txt.encrypted | Confidence: 0.0% | Reason: High entropy (6.19)
2025-10-18 00:58:25 | iot_test_files/normal_encrypted/config_4_1760337207.txt.encrypted | Confidence: 0.0% | Reason: Rapid file access (16 files)
2025-10-18 00:58:25 | iot_test_files/normal_encrypted/config_4_1760337207.txt.encrypted | Confidence: 0.0% | Reason: Rapid file access (16 files)
2025-10-18 00:58:25 | iot_test_files/normal_encrypted/normal_file_12.txt.encrypted | Confidence: 0.0% | Reason: Rapid file access (17 files)
2025-10-18 00:58:25 | iot_test_files/normal_encrypted/normal_file_12.txt.encrypted | Confidence: 0.0% | Reason: Rapid file access (17 files)
2025-10-18 00:58:25 | iot_test_files/normal_encrypted/config_5_1760338301.txt.encrypted | Confidence: 0.0% | Reason: High entropy (6.19)
2025-10-18 00:58:25 | iot_test_files/normal_encrypted/config_5_1760338301.txt.encrypted | Confidence: 0.0% | Reason: High entropy (6.19)
2025-10-18 00:58:25 | iot_test_files/normal_encrypted/config_5_1760338301.txt.encrypted | Confidence: 0.0% | Reason: Rapid file access (18 files)
2025-10-18 00:58:25 | iot_test_files/normal_encrypted/config_5_1760338301.txt.encrypted | Confidence: 0.0% | Reason: Rapid file access (18 files)
2025-10-18 00:58:25 | iot_test_files/normal_encrypted/config_device_0.cfg.encrypted | Confidence: 0.0% | Reason: High entropy (7.50)
2025-10-18 00:58:25 | iot_test_files/normal_encrypted/config_device_0.cfg.encrypted | Confidence: 0.0% | Reason: High entropy (7.50)
2025-10-18 00:58:25 | iot_test_files/normal_encrypted/config_device_0.cfg.encrypted | Confidence: 0.0% | Reason: Rapid file access (19 files)
2025-10-18 00:58:25 | iot_test_files/normal_encrypted/config_device_0.cfg.encrypted | Confidence: 0.0% | Reason: Rapid file access (19 files)
2025-10-18 00:58:25 | iot_test_files/normal_encrypted/normal_file_0.txt.encrypted | Confidence: 0.0% | Reason: Rapid file access (20 files)
2025-10-18 00:58:25 | iot_test_files/normal_encrypted/normal_file_0.txt.encrypted | Confidence: 0.0% | Reason: Rapid file access (20 files)
2025-10-18 00:58:25 | iot_test_files/normal_encrypted/normal_file_8.txt.encrypted | Confidence: 0.0% | Reason: Rapid file access (21 files)
2025-10-18 00:58:25 | iot_test_files/normal_encrypted/normal_file_8.txt.encrypted | Confidence: 0.0% | Reason: Rapid file access (21 files)
2025-10-18 00:58:25 | iot_test_files/normal_encrypted/device_006.txt.encrypted.encrypted | Confidence: 0.0% | Reason: High entropy (6.32)
2025-10-18 00:58:25 | iot_test_files/normal_encrypted/device_006.txt.encrypted.encrypted | Confidence: 0.0% | Reason: High entropy (6.32)
2025-10-18 00:58:25 | iot_test_files/normal_encrypted/device_006.txt.encrypted.encrypted | Confidence: 0.0% | Reason: Rapid file access (22 files)
2025-10-18 00:58:25 | iot_test_files/normal_encrypted/device_006.txt.encrypted.encrypted | Confidence: 0.0% | Reason: Rapid file access (22 files)
2025-10-18 00:58:25 | iot_test_files/normal_encrypted/normal_file_18.txt.encrypted | Confidence: 0.0% | Reason: Rapid file access (23 files)
2025-10-18 00:58:25 | iot_test_files/normal_encrypted/normal_file_18.txt.encrypted | Confidence: 0.0% | Reason: Rapid file access (23 files)
2025-10-18 00:58:25 | iot_test_files/normal_encrypted/log_1760337384_4241.txt.encrypted | Confidence: 0.0% | Reason: High entropy (6.80)
2025-10-18 00:58:25 | iot_test_files/normal_encrypted/log_1760337384_4241.txt.encrypted | Confidence: 0.0% | Reason: High entropy (6.80)
2025-10-18 00:58:25 | iot_test_files/normal_encrypted/log_1760337384_4241.txt.encrypted | Confidence: 0.0% | Reason: Rapid file access (24 files)
2025-10-18 00:58:25 | iot_test_files/normal_encrypted/log_1760337384_4241.txt.encrypted | Confidence: 0.0% | Reason: Rapid file access (24 files)
2025-10-18 00:58:25 | iot_test_files/normal_encrypted/log_1760338151_4998.txt.encrypted | Confidence: 0.0% | Reason: High entropy (6.75)
2025-10-18 00:58:25 | iot_test_files/normal_encrypted/log_1760338151_4998.txt.encrypted | Confidence: 0.0% | Reason: High entropy (6.75)
2025-10-18 00:58:25 | iot_test_files/normal_encrypted/log_1760338151_4998.txt.encrypted | Confidence: 0.0% | Reason: Rapid file access (25 files)
2025-10-18 00:58:25 | iot_test_files/normal_encrypted/log_1760338151_4998.txt.encrypted | Confidence: 0.0% | Reason: Rapid file access (25 files)
2025-10-18 00:58:25 | iot_test_files/normal_encrypted/config_14_1760338637.txt.encrypted | Confidence: 0.0% | Reason: Rapid file access (26 files)
2025-10-18 00:58:25 | iot_test_files/normal_encrypted/config_14_1760338637.txt.encrypted | Confidence: 0.0% | Reason: Rapid file access (26 files)
2025-10-18 00:58:25 | iot_test_files/normal_encrypted/normal_file_5.txt.encrypted | Confidence: 0.0% | Reason: Rapid file access (27 files)
2025-10-18 00:58:25 | iot_test_files/normal_encrypted/normal_file_5.txt.encrypted | Confidence: 0.0% | Reason: Rapid file access (27 files)
2025-10-18 00:58:25 | iot_test_files/normal_encrypted/config_13_1760337219.txt.encrypted | Confidence: 0.0% | Reason: Rapid file access (28 files)
2025-10-18 00:58:25 | iot_test_files/normal_encrypted/config_13_1760337219.txt.encrypted | Confidence: 0.0% | Reason: Rapid file access (28 files)
2025-10-18 00:58:25 | iot_test_files/normal_encrypted/device_001.txt.encrypted.encrypted | Confidence: 0.0% | Reason: High entropy (6.47)
2025-10-18 00:58:25 | iot_test_files/normal_encrypted/device_001.txt.encrypted.encrypted | Confidence: 0.0% | Reason: High entropy (6.47)
2025-10-18 00:58:25 | iot_test_files/normal_encrypted/device_001.txt.encrypted.encrypted | Confidence: 0.0% | Reason: Rapid file access (29 files)
2025-10-18 00:58:25 | iot_test_files/normal_encrypted/device_001.txt.encrypted.encrypted | Confidence: 0.0% | Reason: Rapid file access (29 files)
2025-10-18 00:58:25 | iot_test_files/normal_encrypted/log_1760337347_4018.txt.encrypted | Confidence: 0.0% | Reason: High entropy (6.51)
2025-10-18 00:58:25 | iot_test_files/normal_encrypted/log_1760337347_4018.txt.encrypted | Confidence: 0.0% | Reason: High entropy (6.51)
2025-10-18 00:58:25 | iot_test_files/normal_encrypted/log_1760337347_4018.txt.encrypted | Confidence: 0.0% | Reason: Rapid file access (30 files)
2025-10-18 00:58:25 | iot_test_files/normal_encrypted/log_1760337347_4018.txt.encrypted | Confidence: 0.0% | Reason: Rapid file access (30 files)
2025-10-18 00:58:25 | iot_test_files/normal_encrypted/normal_file_10.txt.encrypted | Confidence: 0.0% | Reason: Rapid file access (31 files)
2025-10-18 00:58:25 | iot_test_files/normal_encrypted/normal_file_10.txt.encrypted | Confidence: 0.0% | Reason: Rapid file access (31 files)
2025-10-18 00:58:25 | iot_test_files/normal_encrypted/backup_data_15.dat.encrypted | Confidence: 0.0% | Reason: High entropy (7.21)
2025-10-18 00:58:25 | iot_test_files/normal_encrypted/backup_data_15.dat.encrypted | Confidence: 0.0% | Reason: High entropy (7.21)
2025-10-18 00:58:25 | iot_test_files/normal_encrypted/backup_data_15.dat.encrypted | Confidence: 0.0% | Reason: Rapid file access (32 files)
2025-10-18 00:58:25 | iot_test_files/normal_encrypted/backup_data_15.dat.encrypted | Confidence: 0.0% | Reason: Rapid file access (32 files)
2025-10-18 00:58:25 | iot_test_files/normal_encrypted/log_1760338441_4046.txt.encrypted | Confidence: 0.0% | Reason: High entropy (6.36)
2025-10-18 00:58:25 | iot_test_files/normal_encrypted/log_1760338441_4046.txt.encrypted | Confidence: 0.0% | Reason: High entropy (6.36)
2025-10-18 00:58:25 | iot_test_files/normal_encrypted/log_1760338441_4046.txt.encrypted | Confidence: 0.0% | Reason: Rapid file access (33 files)
2025-10-18 00:58:25 | iot_test_files/normal_encrypted/log_1760338441_4046.txt.encrypted | Confidence: 0.0% | Reason: Rapid file access (33 files)
2025-10-18 00:58:25 | iot_test_files/normal_encrypted/normal_file_17.txt.encrypted | Confidence: 0.0% | Reason: Rapid file access (34 files)
2025-10-18 00:58:25 | iot_test_files/normal_encrypted/normal_file_17.txt.encrypted | Confidence: 0.0% | Reason: Rapid file access (34 files)
2025-10-18 00:58:25 | iot_test_files/normal_encrypted/normal_file_17.txt.encrypted | Confidence: 0.0% | Reason: Rapid file access (35 files)
2025-10-18 00:58:25 | iot_test_files/normal_encrypted/normal_file_17.txt.encrypted | Confidence: 0.0% | Reason: Rapid file access (35 files)
2025-10-18 00:58:25 | iot_test_files/normal_encrypted/config_42_1760338565.txt.encrypted | Confidence: 0.0% | Reason: High entropy (6.12)
2025-10-18 00:58:25 | iot_test_files/normal_encrypted/config_42_1760338565.txt.encrypted | Confidence: 0.0% | Reason: High entropy (6.12)
2025-10-18 00:58:25 | iot_test_files/normal_encrypted/config_42_1760338565.txt.encrypted | Confidence: 0.0% | Reason: Rapid file access (36 files)
2025-10-18 00:58:25 | iot_test_files/normal_encrypted/config_42_1760338565.txt.encrypted | Confidence: 0.0% | Reason: Rapid file access (36 files)
2025-10-18 00:58:25 | iot_test_files/normal_encrypted/log_1760338453_9813.txt.encrypted | Confidence: 0.0% | Reason: High entropy (6.47)
2025-10-18 00:58:25 | iot_test_files/normal_encrypted/log_1760338453_9813.txt.encrypted | Confidence: 0.0% | Reason: High entropy (6.47)
2025-10-18 00:58:25 | iot_test_files/normal_encrypted/log_1760338453_9813.txt.encrypted | Confidence: 0.0% | Reason: Rapid file access (37 files)
2025-10-18 00:58:25 | iot_test_files/normal_encrypted/log_1760338453_9813.txt.encrypted | Confidence: 0.0% | Reason: Rapid file access (37 files)
2025-10-18 00:58:25 | iot_test_files/normal_encrypted/device_004.txt.encrypted.encrypted | Confidence: 0.0% | Reason: High entropy (6.48)
2025-10-18 00:58:25 | iot_test_files/normal_encrypted/device_004.txt.encrypted.encrypted | Confidence: 0.0% | Reason: High entropy (6.48)
2025-10-18 00:58:25 | iot_test_files/normal_encrypted/device_004.txt.encrypted.encrypted | Confidence: 0.0% | Reason: Rapid file access (38 files)
2025-10-18 00:58:25 | iot_test_files/normal_encrypted/device_004.txt.encrypted.encrypted | Confidence: 0.0% | Reason: Rapid file access (38 files)
2025-10-18 00:58:25 | iot_test_files/normal_encrypted/device_003.txt.encrypted.encrypted | Confidence: 0.0% | Reason: High entropy (6.58)
2025-10-18 00:58:25 | iot_test_files/normal_encrypted/device_003.txt.encrypted.encrypted | Confidence: 0.0% | Reason: High entropy (6.58)
2025-10-18 00:58:25 | iot_test_files/normal_encrypted/device_003.txt.encrypted.encrypted | Confidence: 0.0% | Reason: Rapid file access (39 files)
2025-10-18 00:58:25 | iot_test_files/normal_encrypted/device_003.txt.encrypted.encrypted | Confidence: 0.0% | Reason: Rapid file access (39 files)
2025-10-18 00:58:25 | iot_test_files/normal_encrypted/log_1760338644_8734.txt.encrypted | Confidence: 0.0% | Reason: High entropy (6.40)
2025-10-18 00:58:25 | iot_test_files/normal_encrypted/log_1760338644_8734.txt.encrypted | Confidence: 0.0% | Reason: High entropy (6.40)
2025-10-18 00:58:25 | iot_test_files/normal_encrypted/log_1760338644_8734.txt.encrypted | Confidence: 0.0% | Reason: Rapid file access (40 files)
2025-10-18 00:58:25 | iot_test_files/normal_encrypted/log_1760338644_8734.txt.encrypted | Confidence: 0.0% | Reason: Rapid file access (40 files)
2025-10-18 00:58:25 | iot_test_files/normal_encrypted/log_1760337420_7598.txt.encrypted | Confidence: 0.0% | Reason: High entropy (6.33)
2025-10-18 00:58:25 | iot_test_files/normal_encrypted/log_1760337420_7598.txt.encrypted | Confidence: 0.0% | Reason: High entropy (6.33)
2025-10-18 00:58:25 | iot_test_files/normal_encrypted/log_1760337420_7598.txt.encrypted | Confidence: 0.0% | Reason: Rapid file access (41 files)
2025-10-18 00:58:25 | iot_test_files/normal_encrypted/log_1760337420_7598.txt.encrypted | Confidence: 0.0% | Reason: Rapid file access (41 files)
2025-10-18 00:58:25 | iot_test_files/normal_encrypted/log_1760338417_8571.txt.encrypted | Confidence: 0.0% | Reason: High entropy (6.40)
2025-10-18 00:58:25 | iot_test_files/normal_encrypted/log_1760338417_8571.txt.encrypted | Confidence: 0.0% | Reason: High entropy (6.40)
2025-10-18 00:58:25 | iot_test_files/normal_encrypted/log_1760338417_8571.txt.encrypted | Confidence: 0.0% | Reason: Rapid file access (42 files)
2025-10-18 00:58:25 | iot_test_files/normal_encrypted/log_1760338417_8571.txt.encrypted | Confidence: 0.0% | Reason: Rapid file access (42 files)
2025-10-18 00:58:25 | iot_test_files/normal_encrypted/log_1760337909_7971.txt.encrypted | Confidence: 0.0% | Reason: High entropy (6.41)
2025-10-18 00:58:25 | iot_test_files/normal_encrypted/log_1760337909_7971.txt.encrypted | Confidence: 0.0% | Reason: High entropy (6.41)
2025-10-18 00:58:25 | iot_test_files/normal_encrypted/log_1760337909_7971.txt.encrypted | Confidence: 0.0% | Reason: Rapid file access (43 files)
2025-10-18 00:58:25 | iot_test_files/normal_encrypted/log_1760337909_7971.txt.encrypted | Confidence: 0.0% | Reason: Rapid file access (43 files)
2025-10-18 00:58:25 | iot_test_files/normal_encrypted/log_1760338429_6970.txt.encrypted | Confidence: 0.0% | Reason: High entropy (6.44)
2025-10-18 00:58:25 | iot_test_files/normal_encrypted/log_1760338429_6970.txt.encrypted | Confidence: 0.0% | Reason: High entropy (6.44)
2025-10-18 00:58:25 | iot_test_files/normal_encrypted/log_1760338429_6970.txt.encrypted | Confidence: 0.0% | Reason: Rapid file access (44 files)
2025-10-18 00:58:25 | iot_test_files/normal_encrypted/log_1760338429_6970.txt.encrypted | Confidence: 0.0% | Reason: Rapid file access (44 files)
2025-10-18 00:58:25 | iot_test_files/normal_encrypted/config_11_1760338577.txt.encrypted | Confidence: 0.0% | Reason: Rapid file access (45 files)
2025-10-18 00:58:25 | iot_test_files/normal_encrypted/config_11_1760338577.txt.encrypted | Confidence: 0.0% | Reason: Rapid file access (45 files)
2025-10-18 00:58:25 | iot_test_files/normal_encrypted/normal_file_19.txt.encrypted | Confidence: 0.0% | Reason: Rapid file access (46 files)
2025-10-18 00:58:25 | iot_test_files/normal_encrypted/normal_file_19.txt.encrypted | Confidence: 0.0% | Reason: Rapid file access (46 files)
2025-10-18 00:58:25 | iot_test_files/normal_encrypted/normal_file_15.txt.encrypted | Confidence: 0.0% | Reason: Rapid file access (47 files)
2025-10-18 00:58:25 | iot_test_files/normal_encrypted/normal_file_15.txt.encrypted | Confidence: 0.0% | Reason: Rapid file access (47 files)
2025-10-18 00:58:25 | iot_test_files/normal_encrypted/normal_file_11.txt.encrypted | Confidence: 0.0% | Reason: Rapid file access (48 files)
2025-10-18 00:58:25 | iot_test_files/normal_encrypted/normal_file_11.txt.encrypted | Confidence: 0.0% | Reason: Rapid file access (48 files)
2025-10-18 00:58:25 | iot_test_files/normal_encrypted/normal_file_4.txt.encrypted | Confidence: 0.0% | Reason: Rapid file access (49 files)
2025-10-18 00:58:25 | iot_test_files/normal_encrypted/normal_file_4.txt.encrypted | Confidence: 0.0% | Reason: Rapid file access (49 files)
2025-10-18 00:58:25 | iot_test_files/normal_encrypted/log_1760338465_6490.txt.encrypted | Confidence: 0.0% | Reason: High entropy (6.38)
2025-10-18 00:58:25 | iot_test_files/normal_encrypted/log_1760338465_6490.txt.encrypted | Confidence: 0.0% | Reason: High entropy (6.38)
2025-10-18 00:58:25 | iot_test_files/normal_encrypted/log_1760338465_6490.txt.encrypted | Confidence: 0.0% | Reason: Rapid file access (50 files)
2025-10-18 00:58:25 | iot_test_files/normal_encrypted/log_1760338465_6490.txt.encrypted | Confidence: 0.0% | Reason: Rapid file access (50 files)
2025-10-18 00:58:25 | iot_test_files/normal_encrypted/config_13_1760338181.txt.encrypted | Confidence: 0.0% | Reason: Rapid file access (51 files)
2025-10-18 00:58:25 | iot_test_files/normal_encrypted/config_13_1760338181.txt.encrypted | Confidence: 0.0% | Reason: Rapid file access (51 files)
2025-10-18 00:58:25 | iot_test_files/normal_encrypted/device_005.txt.encrypted.encrypted | Confidence: 0.0% | Reason: High entropy (6.79)
2025-10-18 00:58:25 | iot_test_files/normal_encrypted/device_005.txt.encrypted.encrypted | Confidence: 0.0% | Reason: High entropy (6.79)
2025-10-18 00:58:25 | iot_test_files/normal_encrypted/device_005.txt.encrypted.encrypted | Confidence: 0.0% | Reason: Rapid file access (52 files)
2025-10-18 00:58:25 | iot_test_files/normal_encrypted/device_005.txt.encrypted.encrypted | Confidence: 0.0% | Reason: Rapid file access (52 files)
2025-10-18 00:58:25 | iot_test_files/normal_encrypted/normal_file_7.txt.encrypted | Confidence: 0.0% | Reason: Rapid file access (53 files)
2025-10-18 00:58:25 | iot_test_files/normal_encrypted/normal_file_7.txt.encrypted | Confidence: 0.0% | Reason: Rapid file access (53 files)
2025-10-18 00:58:25 | iot_test_files/normal_encrypted/log_1760338692_4153.txt.encrypted | Confidence: 0.0% | Reason: High entropy (6.36)
2025-10-18 00:58:25 | iot_test_files/normal_encrypted/log_1760338692_4153.txt.encrypted | Confidence: 0.0% | Reason: High entropy (6.36)
2025-10-18 00:58:25 | iot_test_files/normal_encrypted/log_1760338692_4153.txt.encrypted | Confidence: 0.0% | Reason: Rapid file access (54 files)
2025-10-18 00:58:25 | iot_test_files/normal_encrypted/log_1760338692_4153.txt.encrypted | Confidence: 0.0% | Reason: Rapid file access (54 files)
2025-10-18 00:58:25 | iot_test_files/normal_encrypted/normal_file_6.txt.encrypted | Confidence: 0.0% | Reason: Rapid file access (55 files)
2025-10-18 00:58:25 | iot_test_files/normal_encrypted/normal_file_6.txt.encrypted | Confidence: 0.0% | Reason: Rapid file access (55 files)
2025-10-18 00:58:25 | iot_test_files/normal_encrypted/normal_file_2.txt.encrypted | Confidence: 0.0% | Reason: Rapid file access (56 files)
2025-10-18 00:58:25 | iot_test_files/normal_encrypted/normal_file_2.txt.encrypted | Confidence: 0.0% | Reason: Rapid file access (56 files)
2025-10-18 00:58:25 | iot_test_files/normal_encrypted/config_18_1760337963.txt.encrypted | Confidence: 0.0% | Reason: High entropy (6.16)
2025-10-18 00:58:25 | iot_test_files/normal_encrypted/config_18_1760337963.txt.encrypted | Confidence: 0.0% | Reason: High entropy (6.16)
2025-10-18 00:58:25 | iot_test_files/normal_encrypted/config_18_1760337963.txt.encrypted | Confidence: 0.0% | Reason: Rapid file access (57 files)
2025-10-18 00:58:25 | iot_test_files/normal_encrypted/config_18_1760337963.txt.encrypted | Confidence: 0.0% | Reason: Rapid file access (57 files)
2025-10-18 00:58:25 | iot_test_files/normal_encrypted/config_18_1760337963.txt.encrypted | Confidence: 0.0% | Reason: High entropy (6.16)
2025-10-18 00:58:25 | iot_test_files/normal_encrypted/config_18_1760337963.txt.encrypted | Confidence: 0.0% | Reason: High entropy (6.16)
2025-10-18 00:58:25 | iot_test_files/normal_encrypted/config_18_1760337963.txt.encrypted | Confidence: 0.0% | Reason: Rapid file access (58 files)
2025-10-18 00:58:25 | iot_test_files/normal_encrypted/config_18_1760337963.txt.encrypted | Confidence: 0.0% | Reason: Rapid file access (58 files)
2025-10-18 00:58:25 | iot_test_files/normal_encrypted/READ_ME_FOR_DECRYPT.txt | Confidence: 0.0% | Reason: Rapid file access (59 files)
2025-10-18 00:58:25 | iot_test_files/normal_encrypted/READ_ME_FOR_DECRYPT.txt | Confidence: 0.0% | Reason: Rapid file access (59 files)
2025-10-18 00:58:26 | iot_test_files/normal/config_36_1760763506.txt | Confidence: 0.0% | Reason: Rapid file access (60 files)
2025-10-18 00:58:26 | iot_test_files/normal/config_36_1760763506.txt | Confidence: 0.0% | Reason: Rapid file access (60 files)
2025-10-18 00:58:26 | iot_test_files/normal/config_36_1760763506.txt | Confidence: 0.0% | Reason: Rapid file access (61 files)
2025-10-18 00:58:26 | iot_test_files/normal/config_36_1760763506.txt | Confidence: 0.0% | Reason: Rapid file access (61 files)
2025-10-18 00:58:34 | iot_test_files/normal/device_001.txt.encrypted | Confidence: 0.0% | Reason: High entropy (6.48)
2025-10-18 00:58:34 | iot_test_files/normal/device_001.txt.encrypted | Confidence: 0.0% | Reason: High entropy (6.48)
2025-10-18 00:58:34 | iot_test_files/normal/device_001.txt.encrypted | Confidence: 0.0% | Reason: Rapid file access (54 files)
2025-10-18 00:58:34 | iot_test_files/normal/device_001.txt.encrypted | Confidence: 0.0% | Reason: Rapid file access (54 files)
