timestamp,file_path,file_size,entropy,event_type,file_extension,label
1758867751.7546644,iot_test_files/normal/config_device_0.cfg,55,4.132795450559985,created,.cfg,0
1758867751.755467,iot_test_files/normal/config_device_0.cfg,55,4.132795450559985,modified,.cfg,0
1758867751.7556741,iot_test_files/normal/sensor_data_1.json,55,4.492380568259549,created,.json,0
1758867751.7558212,iot_test_files/normal/sensor_data_1.json,55,4.492380568259549,modified,.json,0
1758867751.7559617,iot_test_files/normal/system_log_2.log,82,4.75865448802291,created,.log,0
1758867751.756092,iot_test_files/normal/system_log_2.log,82,4.75865448802291,modified,.log,0
1758867751.756236,iot_test_files/normal/backup_data_3.dat,145,5.633164738464349,created,.dat,0
1758867751.7563782,iot_test_files/normal/backup_data_3.dat,145,5.633164738464349,modified,.dat,0
1758867751.7565017,iot_test_files/normal/config_device_4.cfg,55,4.1917974959751945,created,.cfg,0
1758867751.7566178,iot_test_files/normal/config_device_4.cfg,55,4.1917974959751945,modified,.cfg,0
1758867751.7567563,iot_test_files/normal/sensor_data_5.json,55,4.506105795571611,created,.json,0
1758867751.756939,iot_test_files/normal/sensor_data_5.json,55,4.506105795571611,modified,.json,0
1758867751.7570868,iot_test_files/normal/system_log_6.log,82,4.76038265204823,created,.log,0
1758867751.7572205,iot_test_files/normal/system_log_6.log,82,4.76038265204823,modified,.log,0
1758867751.7573624,iot_test_files/normal/backup_data_7.dat,145,5.646510038007309,created,.dat,0
1758867751.757491,iot_test_files/normal/backup_data_7.dat,145,5.646510038007309,modified,.dat,0
1758867751.7576354,iot_test_files/normal/config_device_8.cfg,55,4.141708632299495,created,.cfg,0
1758867751.7577627,iot_test_files/normal/config_device_8.cfg,55,4.141708632299495,modified,.cfg,0
1758867751.7578838,iot_test_files/normal/sensor_data_9.json,55,4.367748696036397,created,.json,0
1758867751.758004,iot_test_files/normal/sensor_data_9.json,55,4.367748696036397,modified,.json,0
1758867751.7581298,iot_test_files/normal/system_log_10.log,83,4.782111727629281,created,.log,0
1758867751.7582452,iot_test_files/normal/system_log_10.log,83,4.782111727629281,modified,.log,0
1758867751.758366,iot_test_files/normal/backup_data_11.dat,145,5.670094373539558,created,.dat,0
1758867751.7584896,iot_test_files/normal/backup_data_11.dat,145,5.670094373539558,modified,.dat,0
1758867751.7586195,iot_test_files/normal/config_device_12.cfg,56,4.246177744107237,created,.cfg,0
1758867751.7587378,iot_test_files/normal/config_device_12.cfg,56,4.246177744107237,modified,.cfg,0
1758867751.7589006,iot_test_files/normal/sensor_data_13.json,56,4.5548733954965765,created,.json,0
1758867751.759034,iot_test_files/normal/sensor_data_13.json,56,4.5548733954965765,modified,.json,0
1758867751.7591548,iot_test_files/normal/system_log_14.log,83,4.775701258043262,created,.log,0
1758867751.7592802,iot_test_files/normal/system_log_14.log,83,4.775701258043262,modified,.log,0
1758867751.759558,iot_test_files/normal/backup_data_15.dat,145,5.735789459300461,created,.dat,0
1758867751.759802,iot_test_files/normal/backup_data_15.dat,145,5.735789459300461,modified,.dat,0
1758867751.7600253,iot_test_files/normal/config_device_16.cfg,56,4.246177744107237,created,.cfg,0
1758867751.760233,iot_test_files/normal/config_device_16.cfg,56,4.246177744107237,modified,.cfg,0
1758867751.7604597,iot_test_files/normal/sensor_data_17.json,56,4.590587681210862,created,.json,0
1758867751.7606876,iot_test_files/normal/sensor_data_17.json,56,4.590587681210862,modified,.json,0
1758867751.7609444,iot_test_files/normal/system_log_18.log,83,4.775701258043262,created,.log,0
1758867751.761178,iot_test_files/normal/system_log_18.log,83,4.775701258043262,modified,.log,0
1758867751.7613986,iot_test_files/normal/backup_data_19.dat,145,5.726913897384577,created,.dat,0
1758867751.76165,iot_test_files/normal/backup_data_19.dat,145,5.726913897384577,modified,.dat,0
1758867763.8517282,iot_test_files/normal/log_1758867763_6458.txt,113,3.969422283108321,created,.txt,0
1758867763.8535767,iot_test_files/normal/log_1758867763_6458.txt,113,3.969422283108321,modified,.txt,0
1758867776.0046403,iot_test_files/normal/config_device_0.cfg,111,4.764212321919475,modified,.cfg,0
1758867788.0957181,iot_test_files/normal/sensor_data_13.json,0,4.848609716990332,modified,.json,0
1758867788.0965755,iot_test_files/normal/sensor_data_13.json,99,4.848609716990332,modified,.json,0
1758867800.1477044,iot_test_files/normal/log_1758867800_5523.txt,113,3.958033287729534,created,.txt,0
1758867800.1480544,iot_test_files/normal/log_1758867800_5523.txt,113,3.958033287729534,modified,.txt,0
1758867824.425917,iot_test_files/normal/config_device_0.cfg,0,0.0,modified,.cfg,0
1758867824.4266236,iot_test_files/normal/config_device_0.cfg,154,4.831736633030845,modified,.cfg,0
1758867836.6140058,iot_test_files/normal/config_device_8.cfg,98,4.816384110281584,modified,.cfg,0
1758867848.6564348,iot_test_files/normal/config_device_4.cfg,111,4.813849934571068,modified,.cfg,0
1758867860.772377,iot_test_files/normal/log_1758867860_2808.txt,113,3.894287548633338,created,.txt,0
1758867860.772807,iot_test_files/normal/log_1758867860_2808.txt,113,3.894287548633338,modified,.txt,0
1758867885.0895984,iot_test_files/normal/log_1758867885_4442.txt,113,3.9694222831083206,created,.txt,0
1758867885.0900629,iot_test_files/normal/log_1758867885_4442.txt,113,3.9694222831083206,modified,.txt,0
1758867897.2644446,iot_test_files/normal/log_1758867897_1579.txt,113,3.945042747690945,created,.txt,0
1758867897.264936,iot_test_files/normal/log_1758867897_1579.txt,113,3.945042747690945,modified,.txt,0
1758867909.3408425,iot_test_files/normal/system_log_18.log,0,0,deleted,.log,0
1758867933.534829,iot_test_files/normal/log_1758867933_6932.txt,113,3.951723168064073,created,.txt,0
1758867933.5355897,iot_test_files/normal/log_1758867933_6932.txt,113,3.951723168064073,modified,.txt,0
1758867945.7384343,iot_test_files/normal/log_1758867800_5523.txt,169,4.3640281676318855,modified,.txt,0
1758867957.78304,iot_test_files/normal/system_log_14.log,139,4.834643299571129,modified,.log,0
1758867969.9148433,iot_test_files/normal/log_1758867763_6458.txt,169,4.375690057894467,modified,.txt,0
1758867982.016584,iot_test_files/normal/backup_data_3.dat,188,5.577150480909248,modified,.dat,0
1758867982.017342,iot_test_files/normal/backup_data_3.dat,188,5.577150480909248,modified,.dat,0
1758867994.1397595,iot_test_files/normal/log_1758867994_5521.txt,113,3.970306048330532,created,.txt,0
1758867994.140807,iot_test_files/normal/log_1758867994_5521.txt,113,3.970306048330532,modified,.txt,0
1758868006.2775638,iot_test_files/normal/backup_data_15.dat,0,0,deleted,.dat,0
1758868018.3051808,iot_test_files/normal/system_log_14.log,195,4.814660018372145,modified,.log,0
1758868030.3938355,iot_test_files/normal/log_1758867860_2808.txt,156,4.311284842207469,modified,.txt,0
1758868042.4495952,iot_test_files/normal/sensor_data_13.json,0,0,deleted,.json,0
1758868054.5230727,iot_test_files/normal/log_1758867860_2808.txt,0,0,deleted,.txt,0
1758868066.616582,iot_test_files/normal/config_device_16.cfg,112,4.861438101543468,modified,.cfg,0
1758868078.7562516,iot_test_files/normal/config_device_12.cfg,99,4.844244025015284,modified,.cfg,0
1758868078.7572384,iot_test_files/normal/config_device_12.cfg,99,4.844244025015284,modified,.cfg,0
1758868090.8430781,iot_test_files/normal/backup_data_11.dat,201,5.653493203106905,modified,.dat,0
1758868102.9477506,iot_test_files/normal/sensor_data_1.json,98,4.877179936208728,modified,.json,0
1758868115.035747,iot_test_files/normal/sensor_data_17.json,0,0,deleted,.json,0
1758868127.0694606,iot_test_files/normal/log_1758868127_9054.txt,113,3.9659677740325403,created,.txt,0
1758868127.0700974,iot_test_files/normal/log_1758868127_9054.txt,113,3.9659677740325403,modified,.txt,0
1758868151.1944094,iot_test_files/normal/sensor_data_9.json,111,4.825652133346809,modified,.json,0
1758868163.318721,iot_test_files/normal/backup_data_7.dat,188,5.582867342763657,modified,.dat,0
1758868175.3715897,iot_test_files/normal/backup_data_3.dat,244,5.541384317753273,modified,.dat,0
1758868187.5105665,iot_test_files/normal/log_1758867933_6932.txt,0,0,deleted,.txt,0
1758868211.6063104,iot_test_files/normal/backup_data_19.dat,188,5.675536562759728,modified,.dat,0
1758868211.6069856,iot_test_files/normal/backup_data_19.dat,188,5.675536562759728,modified,.dat,0
1758868223.749844,iot_test_files/normal/log_1758867885_4442.txt,169,4.4035526013090465,modified,.txt,0
1758868247.894909,iot_test_files/normal/sensor_data_1.json,0,0,deleted,.json,0
1758868259.9803183,iot_test_files/normal/system_log_6.log,138,4.803772153618472,modified,.log,0
1758868272.1003242,iot_test_files/normal/backup_data_11.dat,257,5.554734769648104,modified,.dat,0
1758868284.2318773,iot_test_files/normal/config_device_8.cfg,154,4.927753320802604,modified,.cfg,0
1758868296.3779247,iot_test_files/normal/system_log_6.log,181,4.860005175509466,modified,.log,0
1758868320.5959296,iot_test_files/normal/config_device_4.cfg,0,0,deleted,.cfg,0
1758868332.6658092,iot_test_files/normal/log_1758868332_5403.txt,113,3.940334172685286,created,.txt,0
1758868332.666737,iot_test_files/normal/log_1758868332_5403.txt,113,3.940334172685286,modified,.txt,0
1758868344.8430016,iot_test_files/normal/log_1758868332_5403.txt,0,0,deleted,.txt,0
1758869083.5020015,iot_test_files/normal/backup_data_7.dat,231,5.525751553783008,modified,.dat,0
1758869083.5026598,iot_test_files/normal/backup_data_7.dat,231,5.525751553783008,modified,.dat,0
1758869095.6661513,iot_test_files/normal/log_1758869095_2127.txt,113,3.97698646870366,created,.txt,0
1758869095.6666114,iot_test_files/normal/log_1758869095_2127.txt,113,3.97698646870366,modified,.txt,0
1758869107.736736,iot_test_files/normal/log_1758869107_6466.txt,113,4.0080464244941645,created,.txt,0
1758869107.7371166,iot_test_files/normal/log_1758869107_6466.txt,113,4.0080464244941645,modified,.txt,0
1758869119.8635597,iot_test_files/normal/log_1758867800_5523.txt,212,4.580141435587633,modified,.txt,0
1758869119.8649678,iot_test_files/normal/log_1758867800_5523.txt,212,4.580141435587633,modified,.txt,0
1758869132.0415943,iot_test_files/normal/log_1758868127_9054.txt,156,4.395124176451689,modified,.txt,0
1758869144.1450992,iot_test_files/normal/log_1758869144_4736.txt,113,3.933140287797614,created,.txt,0
1758869144.1455252,iot_test_files/normal/log_1758869144_4736.txt,113,3.933140287797614,modified,.txt,0
1758869156.23685,iot_test_files/normal/backup_data_11.dat,300,5.5051486358131525,modified,.dat,0
1758869168.3154979,iot_test_files/normal/system_log_10.log,126,4.8696943012899006,modified,.log,0
1758869168.3160324,iot_test_files/normal/system_log_10.log,126,4.8696943012899006,modified,.log,0
1758869180.35428,iot_test_files/normal/config_device_8.cfg,0,0,deleted,.cfg,0
1758869204.440532,iot_test_files/normal/log_1758869144_4736.txt,0,0,deleted,.txt,0
1758869216.5028214,iot_test_files/normal/log_1758868127_9054.txt,0,0.0,modified,.txt,0
1758869216.5062127,iot_test_files/normal/log_1758868127_9054.txt,199,4.531000962459667,modified,.txt,0
1758869228.654857,iot_test_files/normal/backup_data_3.dat,287,5.456745217843042,modified,.dat,0
1758869240.7296147,iot_test_files/normal/log_1758869095_2127.txt,169,4.4331593325377465,modified,.txt,0
1758869252.8164792,iot_test_files/normal/log_1758869252_3575.txt,113,4.0225196282410645,created,.txt,0
1758869252.8169017,iot_test_files/normal/log_1758869252_3575.txt,113,4.0225196282410645,modified,.txt,0
1758869264.9708652,iot_test_files/normal/log_1758869264_7286.txt,113,3.9880051633747797,created,.txt,0
1758869264.9720182,iot_test_files/normal/log_1758869264_7286.txt,113,3.9880051633747797,modified,.txt,0
1758869277.082081,iot_test_files/normal/config_device_16.cfg,155,4.953161296484044,modified,.cfg,0
1758869289.11695,iot_test_files/normal/log_1758867885_4442.txt,0,4.622126945705,modified,.txt,0
1758869289.1172502,iot_test_files/normal/log_1758867885_4442.txt,212,4.622126945705,modified,.txt,0
1758869301.2960763,iot_test_files/normal/log_1758867800_5523.txt,0,0,deleted,.txt,0
1758869337.5089216,iot_test_files/normal/backup_data_7.dat,287,5.488747409397387,modified,.dat,0
1758869361.6985962,iot_test_files/normal/system_log_6.log,0,0,deleted,.log,0
1758869373.777791,iot_test_files/normal/log_1758868127_9054.txt,0,0,deleted,.txt,0
1758869385.859433,iot_test_files/normal/log_1758867994_5521.txt,169,4.4042963706526725,modified,.txt,0
1758869397.9713392,iot_test_files/normal/log_1758867994_5521.txt,225,4.568295787933965,modified,.txt,0
1758869410.031507,iot_test_files/normal/log_1758867885_4442.txt,0,0,deleted,.txt,0
1758869422.0473382,iot_test_files/normal/log_1758869422_4214.txt,113,3.9340240530198254,created,.txt,0
1758869422.0481184,iot_test_files/normal/log_1758869422_4214.txt,113,3.9340240530198254,modified,.txt,0
1758869434.2736347,iot_test_files/normal/log_1758869434_5169.txt,113,3.958033287729534,created,.txt,0
1758869434.2740002,iot_test_files/normal/log_1758869434_5169.txt,113,3.958033287729534,modified,.txt,0
1758869446.3690584,iot_test_files/normal/log_1758867763_6458.txt,225,4.544442426405754,modified,.txt,0
1758869470.5140724,iot_test_files/normal/log_1758867763_6458.txt,281,4.622371643085745,modified,.txt,0
1758869482.6490176,iot_test_files/normal/log_1758869434_5169.txt,169,4.364558959968162,modified,.txt,0
1758869494.7030594,iot_test_files/normal/backup_data_7.dat,0,5.420688825368932,modified,.dat,0
1758869494.704219,iot_test_files/normal/backup_data_7.dat,330,5.420688825368932,modified,.dat,0
1758869518.8848104,iot_test_files/normal/log_1758869518_3663.txt,113,3.969422283108321,created,.txt,0
1758869518.8853364,iot_test_files/normal/log_1758869518_3663.txt,113,3.969422283108321,modified,.txt,0
1758869531.0875542,iot_test_files/normal/log_1758869531_6841.txt,113,3.965084008810329,created,.txt,0
1758869531.087995,iot_test_files/normal/log_1758869531_6841.txt,113,3.965084008810329,modified,.txt,0
1758869543.2777972,iot_test_files/normal/log_1758869434_5169.txt,0,0,deleted,.txt,0
1758869555.3677204,iot_test_files/normal/system_log_14.log,0,0,deleted,.log,0
1758869567.4433012,iot_test_files/normal/system_log_10.log,182,4.876385643066307,modified,.log,0
1758869579.493477,iot_test_files/normal/log_1758869579_5287.txt,113,3.962741862735193,created,.txt,0
1758869579.495494,iot_test_files/normal/log_1758869579_5287.txt,113,3.962741862735193,modified,.txt,0
1758869603.6947656,iot_test_files/normal/log_1758869264_7286.txt,0,0,deleted,.txt,0
1758869615.7439911,iot_test_files/normal/log_1758869531_6841.txt,169,4.414164192928295,modified,.txt,0
1758869627.809733,iot_test_files/normal/log_1758867994_5521.txt,0,0,deleted,.txt,0
1758869639.8677304,iot_test_files/normal/backup_data_11.dat,356,5.439591514554662,modified,.dat,0
1758869651.9808648,iot_test_files/normal/log_1758869518_3663.txt,156,4.402931332256641,modified,.txt,0
1758869651.9814887,iot_test_files/normal/log_1758869518_3663.txt,156,4.402931332256641,modified,.txt,0
1758869664.064764,iot_test_files/normal/config_device_12.cfg,142,4.8331513759990266,modified,.cfg,0
1758869664.0651898,iot_test_files/normal/config_device_12.cfg,142,4.8331513759990266,modified,.cfg,0
1758869676.174944,iot_test_files/normal/sensor_data_9.json,0,0,deleted,.json,0
1758870481.5106504,iot_test_files/normal/backup_data_11.dat,412,5.380591861986136,modified,.dat,0
1758870505.6666026,iot_test_files/normal/log_1758869422_4214.txt,0,0,deleted,.txt,0
1758870517.6822464,iot_test_files/normal/log_1758869518_3663.txt,0,0,deleted,.txt,0
1758870529.7601385,iot_test_files/normal/log_1758869531_6841.txt,0,0,deleted,.txt,0
1758870553.8494859,iot_test_files/normal/system_log_10.log,0,4.883023686912118,modified,.log,0
1758870553.8546364,iot_test_files/normal/system_log_10.log,225,4.883023686912118,modified,.log,0
1758870577.9591212,iot_test_files/normal/log_1758870577_1277.txt,0,0.0,created,.txt,0
1758870577.961853,iot_test_files/normal/log_1758870577_1277.txt,113,3.9903473094499162,modified,.txt,0
1758870602.1911178,iot_test_files/normal/config_device_12.cfg,185,4.801510530428935,modified,.cfg,0
1758870614.2727578,iot_test_files/normal/log_1758870614_1058.txt,113,4.011500933569945,created,.txt,0
1758870614.2749405,iot_test_files/normal/log_1758870614_1058.txt,113,4.011500933569945,modified,.txt,0
1758870626.3946357,iot_test_files/normal/config_device_16.cfg,198,4.926287963060302,modified,.cfg,0
1758870638.567795,iot_test_files/normal/backup_data_19.dat,244,5.620163784928301,modified,.dat,0
1758870650.6982627,iot_test_files/normal/log_1758870614_1058.txt,156,4.410791531134851,modified,.txt,0
1758870650.6992083,iot_test_files/normal/log_1758870614_1058.txt,156,4.410791531134851,modified,.txt,0
1758870662.8389108,iot_test_files/normal/log_1758867763_6458.txt,324,4.704433234131358,modified,.txt,0
1758870675.0063453,iot_test_files/normal/log_1758870614_1058.txt,212,4.594895469914829,modified,.txt,0
1758870687.1548152,iot_test_files/normal/log_1758870687_9890.txt,113,3.9804409777794403,created,.txt,0
1758870687.155285,iot_test_files/normal/log_1758870687_9890.txt,113,3.9804409777794403,modified,.txt,0
1758870699.345422,iot_test_files/normal/log_1758870699_1591.txt,113,3.9880051633747797,created,.txt,0
1758870699.3469706,iot_test_files/normal/log_1758870699_1591.txt,113,3.9880051633747797,modified,.txt,0
1758870711.5953166,iot_test_files/normal/config_device_0.cfg,0,0,deleted,.cfg,0
1758870723.6099946,iot_test_files/normal/system_log_2.log,138,4.816053734465169,modified,.log,0
1758870735.654403,iot_test_files/normal/log_1758870735_2866.txt,113,3.98800516337478,created,.txt,0
1758870735.6547923,iot_test_files/normal/log_1758870735_2866.txt,113,3.98800516337478,modified,.txt,0
1758870747.8014355,iot_test_files/normal/log_1758870735_2866.txt,0,0,deleted,.txt,0
1758870771.9125288,iot_test_files/normal/log_1758870687_9890.txt,156,4.341237176730107,modified,.txt,0
1758870808.1096725,iot_test_files/normal/log_1758870808_9855.txt,113,4.000482238898825,created,.txt,0
1758870808.1102593,iot_test_files/normal/log_1758870808_9855.txt,113,4.000482238898825,modified,.txt,0
1758870832.2552228,iot_test_files/normal/config_device_12.cfg,241,4.879670897676275,modified,.cfg,0
1758870844.285997,iot_test_files/normal/log_1758870614_1058.txt,268,4.684963434847982,modified,.txt,0
1758870856.319113,iot_test_files/normal/log_1758867763_6458.txt,380,4.731999773251419,modified,.txt,0
1758870880.415662,iot_test_files/normal/log_1758870880_9120.txt,113,4.019065119165284,created,.txt,0
1758870880.4164402,iot_test_files/normal/log_1758870880_9120.txt,113,4.019065119165284,modified,.txt,0
1758870904.6687717,iot_test_files/normal/log_1758870904_7959.txt,113,3.9726481944056684,created,.txt,0
1758870904.6692426,iot_test_files/normal/log_1758870904_7959.txt,113,3.9726481944056684,modified,.txt,0
1758870916.8328722,iot_test_files/normal/backup_data_7.dat,373,5.36058030955553,modified,.dat,0
1758870928.96164,iot_test_files/normal/system_log_10.log,0,0,deleted,.log,0
1758870941.0089633,iot_test_files/normal/config_device_12.cfg,0,0,deleted,.cfg,0
1758870953.0860257,iot_test_files/normal/backup_data_19.dat,300,5.543101220661934,modified,.dat,0
1758870965.1382968,iot_test_files/normal/log_1758867763_6458.txt,0,0,deleted,.txt,0
1758870977.1923573,iot_test_files/normal/log_1758870880_9120.txt,0,0,deleted,.txt,0
1758870989.2787879,iot_test_files/normal/config_device_16.cfg,254,4.921645416023574,modified,.cfg,0
1758871001.3092108,iot_test_files/normal/log_1758870614_1058.txt,0,0,deleted,.txt,0
1758871013.3304646,iot_test_files/normal/log_1758870699_1591.txt,169,4.406300491526267,modified,.txt,0
1758871025.4299011,iot_test_files/normal/log_1758871025_9434.txt,113,4.011500933569945,created,.txt,0
1758871025.430231,iot_test_files/normal/log_1758871025_9434.txt,113,4.011500933569945,modified,.txt,0
1758871049.7061746,iot_test_files/normal/log_1758871025_9434.txt,169,4.424320500742933,modified,.txt,0
1758871073.881671,iot_test_files/normal/log_1758869107_6466.txt,169,4.464538823590884,modified,.txt,0
1759602333.1949806,iot_test_files/normal/log_1759602333_3543.txt,113,3.9903473094499162,created,.txt,0
1759602333.1962464,iot_test_files/normal/log_1759602333_3543.txt,113,3.9903473094499162,modified,.txt,0
1759602345.3087137,iot_test_files/normal/log_1758871025_9434.txt,225,4.581059452883655,modified,.txt,0
1759602357.3798306,iot_test_files/normal/log_1759602357_3706.txt,113,3.9990238580458994,created,.txt,0
1759602357.3810244,iot_test_files/normal/log_1759602357_3706.txt,113,3.9990238580458994,modified,.txt,0
1759602369.4845724,iot_test_files/normal/log_1758869095_2127.txt,212,4.620386312690737,modified,.txt,0
1759602369.4848955,iot_test_files/normal/log_1758869095_2127.txt,212,4.620386312690737,modified,.txt,0
1759602393.6312962,iot_test_files/normal/config_0_1758884129.txt,0,0,deleted,.txt,0
1759602405.6688364,iot_test_files/normal/log_1758870687_9890.txt,199,4.518409168918938,modified,.txt,0
1759602405.6696904,iot_test_files/normal/log_1758870687_9890.txt,199,4.518409168918938,modified,.txt,0
1759602417.7379425,iot_test_files/normal/config_28_1758884535.txt,139,4.695215480460369,modified,.txt,0
1759602429.8371453,iot_test_files/normal/config_22_1758884093.txt,0,0,deleted,.txt,0
1759602441.85226,iot_test_files/normal/config_47_1759597531.txt,101,4.6638747830259994,modified,.txt,0
1759602453.9485745,iot_test_files/normal/config_17_1758884342.txt,0,0.0,modified,.txt,0
1759602453.9510167,iot_test_files/normal/config_17_1758884342.txt,101,4.72991111787507,modified,.txt,0
1759602466.0649412,iot_test_files/normal/config_27_1758884378.txt,0,0,deleted,.txt,0
1759602478.0967865,iot_test_files/normal/config_9_1758884715.txt,139,4.635903420098111,modified,.txt,0
1759602502.1510513,iot_test_files/normal/config_18_1758884009.txt,0,0,deleted,.txt,0
1759602514.2193372,iot_test_files/normal/log_1759602514_3970.txt,113,3.9726481944056684,created,.txt,0
1759602514.2212687,iot_test_files/normal/log_1759602514_3970.txt,113,3.9726481944056684,modified,.txt,0
1759602526.3337443,iot_test_files/normal/config_23_1758884547.txt,0,0,deleted,.txt,0
1759602550.4812975,iot_test_files/normal/config_47_1758884787.txt,0,0,deleted,.txt,0
1759602562.5130987,iot_test_files/normal/log_1759602562_9914.txt,113,3.9172087031977885,created,.txt,0
1759602562.51496,iot_test_files/normal/log_1759602562_9914.txt,113,3.9172087031977885,modified,.txt,0
1759602574.6000357,iot_test_files/normal/config_25_1759597435.txt,139,4.686760896412533,modified,.txt,0
1759602586.7329495,iot_test_files/normal/log_1759602586_7636.txt,113,4.016722973090148,created,.txt,0
1759602586.733185,iot_test_files/normal/log_1759602586_7636.txt,113,4.016722973090148,modified,.txt,0
1759602598.8433206,iot_test_files/normal/config_17_1758884342.txt,0,0,deleted,.txt,0
1759602610.9169295,iot_test_files/normal/config_41_1759598419.txt,101,4.661627979734083,modified,.txt,0
1759602623.1010358,iot_test_files/normal/log_1758870808_9855.txt,0,0,deleted,.txt,0
1759602635.190673,iot_test_files/normal/log_1758871025_9434.txt,281,4.6665696517153235,modified,.txt,0
1759602647.2375107,iot_test_files/normal/log_1759602647_8763.txt,113,4.001366004121036,created,.txt,0
1759602647.2377923,iot_test_files/normal/log_1759602647_8763.txt,113,4.001366004121036,modified,.txt,0
1759602659.4099226,iot_test_files/normal/log_1759602586_7636.txt,0,0,deleted,.txt,0
1759602671.48081,iot_test_files/normal/config_46_1759598371.txt,0,0,deleted,.txt,0
1759602683.5808256,iot_test_files/normal/log_1758869095_2127.txt,255,4.707643893388076,modified,.txt,0
1759602695.7028425,iot_test_files/normal/log_1758869252_3575.txt,156,4.418670377717114,modified,.txt,0
1759602719.9154189,iot_test_files/normal/config_16_1758884619.txt,0,0,deleted,.txt,0
1759602768.128107,iot_test_files/normal/log_1759602768_6218.txt,113,3.958403588437201,created,.txt,0
1759602768.1300986,iot_test_files/normal/log_1759602768_6218.txt,113,3.958403588437201,modified,.txt,0
1759602780.2706053,iot_test_files/normal/config_41_1759598419.txt,0,0,deleted,.txt,0
1759602792.339893,iot_test_files/normal/log_1759602792_8758.txt,113,3.97698646870366,created,.txt,0
1759602792.3408575,iot_test_files/normal/log_1759602792_8758.txt,113,3.97698646870366,modified,.txt,0
1759602804.4610543,iot_test_files/normal/config_50_1758883889.txt,266,4.63691207754821,modified,.txt,0
1759602816.5075617,iot_test_files/normal/log_1758870577_1277.txt,156,4.426486281235536,modified,.txt,0
1759602816.5084097,iot_test_files/normal/log_1758870577_1277.txt,156,4.426486281235536,modified,.txt,0
1759602828.591478,iot_test_files/normal/config_16_1758884763.txt,0,4.7638311373327,modified,.txt,0
1759602828.5925968,iot_test_files/normal/config_16_1758884763.txt,101,4.7638311373327,modified,.txt,0
1759602840.6876304,iot_test_files/normal/config_9_1758884234.txt,0,0.0,modified,.txt,0
1759602840.6902757,iot_test_files/normal/config_9_1758884234.txt,101,4.731542771700619,modified,.txt,0
1759602852.887155,iot_test_files/normal/config_8_1759598467.txt,0,0,deleted,.txt,0
1759602864.9114423,iot_test_files/normal/log_1759602864_8032.txt,113,3.9726481944056684,created,.txt,0
1759602864.9128695,iot_test_files/normal/log_1759602864_8032.txt,113,3.9726481944056684,modified,.txt,0
1759602877.1213446,iot_test_files/normal/log_1759594437_2526.txt,156,4.391852727524533,modified,.txt,0
1759602877.1219585,iot_test_files/normal/log_1759594437_2526.txt,156,4.391852727524533,modified,.txt,0
1759602889.2186677,iot_test_files/normal/log_1759602889_9861.txt,113,4.030083813836404,created,.txt,0
1759602889.219152,iot_test_files/normal/log_1759602889_9861.txt,113,4.030083813836404,modified,.txt,0
1759602901.4650338,iot_test_files/normal/config_15_1758884703.txt,195,4.789969384575034,modified,.txt,0
1759603463.5458908,iot_test_files/normal/log_1759602647_8763.txt,0,0,deleted,.txt,0
1759603475.582108,iot_test_files/normal/backup_data_7.dat,416,5.315739134169763,modified,.dat,0
1759603475.5834408,iot_test_files/normal/backup_data_7.dat,416,5.315739134169763,modified,.dat,0
1759650115.2583106,iot_test_files/normal/log_1758870577_1277.txt,212,4.608558663085771,modified,.txt,0
1759650139.392167,iot_test_files/normal/config_42_1758884330.txt,139,4.705143317721481,modified,.txt,0
1759650139.3932602,iot_test_files/normal/config_42_1758884330.txt,139,4.705143317721481,modified,.txt,0
1759650151.5330424,iot_test_files/normal/log_1759650151_1784.txt,113,3.951723168064073,created,.txt,0
1759650151.5343482,iot_test_files/normal/log_1759650151_1784.txt,113,3.951723168064073,modified,.txt,0
1759650163.723589,iot_test_files/normal/log_1759650151_1784.txt,169,4.345868542363163,modified,.txt,0
1759650175.8063743,iot_test_files/normal/log_1759650151_1784.txt,225,4.523484104602723,modified,.txt,0
1759650187.8370821,iot_test_files/normal/log_1759602357_3706.txt,156,4.439575024696858,modified,.txt,0
1759650187.8375485,iot_test_files/normal/log_1759602357_3706.txt,156,4.439575024696858,modified,.txt,0
1759650199.9223733,iot_test_files/normal/log_1759602889_9861.txt,169,4.444361844098474,modified,.txt,0
1759650211.978545,iot_test_files/normal/log_1758869107_6466.txt,0,0.0,modified,.txt,0
1759650211.9790523,iot_test_files/normal/log_1758869107_6466.txt,212,4.660748771719981,modified,.txt,0
1759650224.1287265,iot_test_files/normal/log_1759650224_7663.txt,113,3.9627418627351925,created,.txt,0
1759650224.1292655,iot_test_files/normal/log_1759650224_7663.txt,113,3.9627418627351925,modified,.txt,0
1759650236.229249,iot_test_files/normal/log_1759602889_9861.txt,0,4.625687735809545,modified,.txt,0
1759650236.2306385,iot_test_files/normal/log_1759602889_9861.txt,212,4.625687735809545,modified,.txt,0
1759650248.3688724,iot_test_files/normal/config_21_1759649793.txt,101,4.679078808306097,modified,.txt,0
1759650260.461405,iot_test_files/normal/config_28_1758884438.txt,139,4.64488598502098,modified,.txt,0
1759650260.4624758,iot_test_files/normal/config_28_1758884438.txt,139,4.64488598502098,modified,.txt,0
1759650272.6314895,iot_test_files/normal/log_1758871025_9434.txt,337,4.69533461898413,modified,.txt,0
1759650296.7756567,iot_test_files/normal/log_1759650296_8152.txt,113,4.03242595991154,created,.txt,0
1759650296.77592,iot_test_files/normal/log_1759650296_8152.txt,113,4.03242595991154,modified,.txt,0
1759650308.9639926,iot_test_files/normal/config_8_1759597543.txt,0,0,deleted,.txt,0
1759650321.0249672,iot_test_files/normal/backup_data_11.dat,0,0,deleted,.dat,0
1759650333.0971448,iot_test_files/normal/backup_data_19.dat,343,5.4801444687424095,modified,.dat,0
1759650345.247271,iot_test_files/normal/config_21_1759649853.txt,114,4.672300436321025,modified,.txt,0
1759650357.28869,iot_test_files/normal/log_1759650357_6508.txt,113,3.945042747690945,created,.txt,0
1759650357.2895558,iot_test_files/normal/log_1759650357_6508.txt,113,3.945042747690945,modified,.txt,0
1759650369.4725325,iot_test_files/normal/config_16_1759649781.txt,101,4.700283852366259,modified,.txt,0
1759650381.6934543,iot_test_files/normal/config_15_1758884703.txt,238,4.782769286763596,modified,.txt,0
1759650393.8776348,iot_test_files/normal/backup_data_19.dat,0,0,deleted,.dat,0
1759650405.9453108,iot_test_files/normal/config_35_1758884282.txt,101,4.682901440389562,modified,.txt,0
1759650418.0895958,iot_test_files/normal/log_1759602889_9861.txt,268,4.705981679716743,modified,.txt,0
1759650430.1560755,iot_test_files/normal/config_15_1759649985.txt,0,0,deleted,.txt,0
1759650442.1974545,iot_test_files/normal/log_1759650442_9245.txt,113,3.983666889076788,created,.txt,0
1759650442.1977503,iot_test_files/normal/log_1759650442_9245.txt,113,3.983666889076788,modified,.txt,0
1759650454.416679,iot_test_files/normal/config_5_1758883853.txt,253,4.530510549202678,modified,.txt,0
1759650466.5910296,iot_test_files/normal/config_46_1759598323.txt,114,4.735321024435362,modified,.txt,0
1759650478.6911747,iot_test_files/normal/config_16_1758884595.txt,228,4.716732418373654,modified,.txt,0
1759650490.721665,iot_test_files/normal/config_35_1758884282.txt,0,0,deleted,.txt,0
1759650502.7802892,iot_test_files/normal/log_1759650502_5928.txt,113,3.983666889076788,created,.txt,0
1759650502.78051,iot_test_files/normal/log_1759650502_5928.txt,113,3.983666889076788,modified,.txt,0
1759650514.9498138,iot_test_files/normal/log_1758870904_7959.txt,0,0,deleted,.txt,0
1759650527.029695,iot_test_files/normal/log_1759650502_5928.txt,169,4.397519761021153,modified,.txt,0
1759650539.1676323,iot_test_files/normal/config_3_1759649805.txt,0,0,deleted,.txt,0
1759650551.2391229,iot_test_files/normal/config_34_1758884402.txt,101,4.677149082855834,modified,.txt,0
1759650563.3790646,iot_test_files/normal/log_1759650563_2267.txt,113,4.012384698792156,created,.txt,0
1759650563.3795643,iot_test_files/normal/log_1759650563_2267.txt,113,4.012384698792156,modified,.txt,0
1759650575.6317368,iot_test_files/normal/log_1759602514_3970.txt,156,4.413025605145087,modified,.txt,0
1759650587.7129083,iot_test_files/normal/log_1758870699_1591.txt,212,4.644499510219715,modified,.txt,0
1759650599.754473,iot_test_files/normal/log_1759650599_1059.txt,113,3.9618580975129816,created,.txt,0
1759650599.7547503,iot_test_files/normal/log_1759650599_1059.txt,113,3.9618580975129816,modified,.txt,0
1759650611.8770926,iot_test_files/normal/config_42_1758884330.txt,0,0,deleted,.txt,0
1759650623.9070513,iot_test_files/normal/config_11_1758883901.txt,0,4.520889047716736,modified,.txt,0
1759650623.9074142,iot_test_files/normal/config_11_1758883901.txt,291,4.520889047716736,modified,.txt,0
1759650635.9899757,iot_test_files/normal/log_1759650635_3073.txt,113,3.951723168064073,created,.txt,0
1759650635.990558,iot_test_files/normal/log_1759650635_3073.txt,113,3.951723168064073,modified,.txt,0
1759650660.2683005,iot_test_files/normal/config_16_1758884763.txt,144,4.728115592514818,modified,.txt,0
1759650672.4451487,iot_test_files/normal/log_1759650672_3164.txt,113,3.959287353659412,created,.txt,0
1759650672.4460576,iot_test_files/normal/log_1759650672_3164.txt,113,3.959287353659412,modified,.txt,0
1759650696.6663923,iot_test_files/normal/log_1759650696_9544.txt,113,3.9659677740325403,created,.txt,0
1759650696.666998,iot_test_files/normal/log_1759650696_9544.txt,113,3.9659677740325403,modified,.txt,0
1759650708.9279637,iot_test_files/normal/log_1759602333_3543.txt,156,4.366748163165128,modified,.txt,0
1759860535.5061207,iot_test_files/normal/device_105.cfg.encrypted,99,5.722805044707346,modified,.encrypted,0
1759860547.6094627,iot_test_files/normal/config_45_1759652530.txt,101,4.678308510486425,modified,.txt,0
1759860559.7407506,iot_test_files/normal/config_30_1759856133.txt,101,4.750127394904441,modified,.txt,0
1759860559.7432222,iot_test_files/normal/config_30_1759856133.txt,101,4.750127394904441,modified,.txt,0
1759860583.8647983,iot_test_files/normal/log_1759860583_1560.txt,113,4.0225196282410645,created,.txt,0
1759860583.8661387,iot_test_files/normal/log_1759860583_1560.txt,113,4.0225196282410645,modified,.txt,0
1759860596.1031563,iot_test_files/normal/config_5_1758883853.txt,0,0,deleted,.txt,0
1759860608.1281493,iot_test_files/normal/device_020.txt.encrypted,177,6.671741022169903,modified,.encrypted,0
1759860620.2663958,iot_test_files/normal/system_log_2.log,194,4.8010975355941055,modified,.log,0
1759860632.2949061,iot_test_files/normal/log_1759860632_3068.txt,113,3.9938018185256965,created,.txt,0
1759860632.295159,iot_test_files/normal/log_1759860632_3068.txt,113,3.9938018185256965,modified,.txt,0
1759860644.4137878,iot_test_files/normal/device_007.txt.encrypted,176,6.504810775067158,modified,.encrypted,0
1759860656.4591727,iot_test_files/normal/config_47_1758884198.txt,0,0,deleted,.txt,0
1759860668.5066419,iot_test_files/normal/device_017.txt.encrypted,177,6.662501067235438,modified,.encrypted,0
1759860680.5892298,iot_test_files/normal/log_1759602357_3706.txt,212,4.628955188161203,modified,.txt,0
1759860692.6781793,iot_test_files/normal/log_1759860692_5989.txt,113,4.001366004121036,created,.txt,0
1759860692.679014,iot_test_files/normal/log_1759860692_5989.txt,113,4.001366004121036,modified,.txt,0
1759860716.87145,iot_test_files/normal/device_058.json.encrypted,0,0,deleted,.encrypted,0
1759860728.8860521,iot_test_files/normal/config_45_1759651868.txt,0,0,deleted,.txt,0
1759860764.955462,iot_test_files/normal/log_1759860692_5989.txt,0,0.0,modified,.txt,0
1759860764.95595,iot_test_files/normal/log_1759860692_5989.txt,156,4.42164725878577,modified,.txt,0
1759860765.3755012,iot_test_files/normal/normal_file_0.txt,38,3.955311316634012,created,.txt,0
1759860765.3768768,iot_test_files/normal/normal_file_0.txt,38,3.955311316634012,modified,.txt,0
1759860765.377263,iot_test_files/normal/normal_file_1.txt,38,3.955311316634012,created,.txt,0
1759860765.3775787,iot_test_files/normal/normal_file_1.txt,38,3.955311316634012,modified,.txt,0
1759860765.3784504,iot_test_files/normal/normal_file_2.txt,38,3.955311316634012,created,.txt,0
1759860765.3788521,iot_test_files/normal/normal_file_2.txt,38,3.955311316634012,modified,.txt,0
1759860765.37898,iot_test_files/normal/normal_file_3.txt,38,3.955311316634012,created,.txt,0
1759860765.3792143,iot_test_files/normal/normal_file_3.txt,38,3.955311316634012,modified,.txt,0
1759860765.3808901,iot_test_files/normal/normal_file_4.txt,38,3.955311316634012,created,.txt,0
1759860765.3817534,iot_test_files/normal/normal_file_4.txt,38,3.955311316634012,modified,.txt,0
1759860765.3820012,iot_test_files/normal/normal_file_5.txt,38,3.955311316634012,created,.txt,0
1759860765.382823,iot_test_files/normal/normal_file_5.txt,38,3.955311316634012,modified,.txt,0
1759860765.3834848,iot_test_files/normal/normal_file_6.txt,38,3.955311316634012,created,.txt,0
1759860765.3840313,iot_test_files/normal/normal_file_6.txt,38,3.955311316634012,modified,.txt,0
1759860765.3847013,iot_test_files/normal/normal_file_7.txt,38,3.955311316634012,created,.txt,0
1759860765.3852696,iot_test_files/normal/normal_file_7.txt,38,3.955311316634012,modified,.txt,0
1759860765.385628,iot_test_files/normal/normal_file_8.txt,38,3.955311316634012,created,.txt,0
1759860765.3863385,iot_test_files/normal/normal_file_8.txt,38,3.955311316634012,modified,.txt,0
1759860765.3869746,iot_test_files/normal/normal_file_9.txt,38,3.955311316634012,created,.txt,0
1759860765.3876197,iot_test_files/normal/normal_file_9.txt,38,3.955311316634012,modified,.txt,0
1759860765.3878677,iot_test_files/normal/normal_file_10.txt,39,4.025930027099076,created,.txt,0
1759860765.3880439,iot_test_files/normal/normal_file_10.txt,39,4.025930027099076,modified,.txt,0
1759860765.388211,iot_test_files/normal/normal_file_11.txt,39,3.974647975817024,created,.txt,0
1759860765.3884187,iot_test_files/normal/normal_file_11.txt,39,3.974647975817024,modified,.txt,0
1759860765.388566,iot_test_files/normal/normal_file_12.txt,39,4.025930027099076,created,.txt,0
1759860765.3887002,iot_test_files/normal/normal_file_12.txt,39,4.025930027099076,modified,.txt,0
1759860765.388824,iot_test_files/normal/normal_file_13.txt,39,4.025930027099076,created,.txt,0
1759860765.3889465,iot_test_files/normal/normal_file_13.txt,39,4.025930027099076,modified,.txt,0
1759860765.3891542,iot_test_files/normal/normal_file_14.txt,39,4.025930027099076,created,.txt,0
1759860765.3893094,iot_test_files/normal/normal_file_14.txt,39,4.025930027099076,modified,.txt,0
1759860765.3894777,iot_test_files/normal/normal_file_15.txt,39,4.025930027099076,created,.txt,0
1759860765.3896308,iot_test_files/normal/normal_file_15.txt,39,4.025930027099076,modified,.txt,0
1759860765.3902645,iot_test_files/normal/normal_file_16.txt,39,4.025930027099076,created,.txt,0
1759860765.3914185,iot_test_files/normal/normal_file_16.txt,39,4.025930027099076,modified,.txt,0
1759860765.3919904,iot_test_files/normal/normal_file_17.txt,39,4.025930027099076,created,.txt,0
1759860765.3922555,iot_test_files/normal/normal_file_17.txt,39,4.025930027099076,modified,.txt,0
1759860765.3924694,iot_test_files/normal/normal_file_18.txt,39,4.025930027099076,created,.txt,0
1759860765.3926,iot_test_files/normal/normal_file_18.txt,39,4.025930027099076,modified,.txt,0
1759860765.3927245,iot_test_files/normal/normal_file_19.txt,39,4.025930027099076,created,.txt,0
1759860765.3928423,iot_test_files/normal/normal_file_19.txt,39,4.025930027099076,modified,.txt,0
1759860765.3930166,iot_test_files/normal/device_087.log.encrypted,129,6.134332561789424,modified,.encrypted,0
1759860777.1131039,iot_test_files/normal/log_1759860777_4881.txt,113,3.9726481944056684,created,.txt,0
1759860777.1149776,iot_test_files/normal/log_1759860777_4881.txt,113,3.9726481944056684,modified,.txt,0
1759860785.4618483,iot_test_files/normal/log_1759860785_4355.txt,113,3.9903473094499162,created,.txt,0
1759860785.4630628,iot_test_files/normal/log_1759860785_4355.txt,113,3.9903473094499162,modified,.txt,0
1759860801.2774599,iot_test_files/normal/config_38_1759856494.txt,0,0,deleted,.txt,0
1759860825.3187263,iot_test_files/normal/config_16_1759651952.txt,152,4.700134969314895,modified,.txt,0
1759860837.3442128,iot_test_files/normal/device_081.log.encrypted,129,6.155385177951098,modified,.encrypted,0
1759860840.8186228,iot_test_files/normal/device_104.cfg.encrypted,43,5.333241498888144,modified,.encrypted,0
1759860840.8203337,iot_test_files/normal/device_036.txt.encrypted,121,6.503452803336663,modified,.encrypted,0
1759860840.8210177,iot_test_files/normal/device_094.log.encrypted,73,5.92256736703993,modified,.encrypted,0
1759860840.821443,iot_test_files/normal/device_022.txt.encrypted,121,6.5365106545763325,modified,.encrypted,0
1759860840.8231053,iot_test_files/normal/device_071.json.encrypted,58,5.789015477886191,modified,.encrypted,0
1759860840.8295949,iot_test_files/normal/device_108.cfg.encrypted,43,5.12963946395411,modified,.encrypted,0
1759860840.8332436,iot_test_files/normal/device_033.txt.encrypted,121,6.371221398377986,modified,.encrypted,0
1759860840.833921,iot_test_files/normal/device_099.log.encrypted,73,5.9706464766882466,modified,.encrypted,0
1759860840.8348777,iot_test_files/normal/device_088.log.encrypted,73,5.905511031453129,modified,.encrypted,0
1759860840.8369112,iot_test_files/normal/device_116.dat.encrypted,219,7.069747662368717,modified,.encrypted,0
1759860840.838703,iot_test_files/normal/device_103.cfg.encrypted,43,5.240218243074191,modified,.encrypted,0
1759860840.8401923,iot_test_files/normal/device_072.json.encrypted,58,5.651084443403432,modified,.encrypted,0
1759860840.8421779,iot_test_files/normal/device_015.txt.encrypted,121,6.548988133950937,modified,.encrypted,0
1759860840.8438385,iot_test_files/normal/device_067.json.encrypted,58,5.616601684782743,modified,.encrypted,0
1759860840.844762,iot_test_files/normal/device_064.json.encrypted,58,5.685567202024123,modified,.encrypted,0
1759860840.8454173,iot_test_files/normal/device_113.dat.encrypted,219,6.916278984403247,modified,.encrypted,0
1759860840.8456607,iot_test_files/normal/device_050.json.encrypted,58,5.685567202024122,modified,.encrypted,0
1759860840.8473911,iot_test_files/normal/device_012.txt.encrypted,121,6.489111171158898,modified,.encrypted,0
1759860840.848329,iot_test_files/normal/device_066.json.encrypted,58,5.754532719265502,modified,.encrypted,0
1759860840.8495762,iot_test_files/normal/device_065.json.encrypted,58,5.616601684782743,modified,.encrypted,0
1759860840.851754,iot_test_files/normal/device_080.log.encrypted,73,5.850716510905183,modified,.encrypted,0
1759860840.8521292,iot_test_files/normal/device_080.log.encrypted,73,5.850716510905183,modified,.encrypted,0
1759860840.852404,iot_test_files/normal/device_038.txt.encrypted,121,6.509691543023964,modified,.encrypted,0
1759860840.854422,iot_test_files/normal/device_081.log.encrypted,73,5.915851956140299,modified,.encrypted,0
1759860840.8552022,iot_test_files/normal/device_029.txt.encrypted,121,6.536510654576335,modified,.encrypted,0
1759860840.8560503,iot_test_files/normal/device_083.log.encrypted,73,5.8507165109051815,modified,.encrypted,0
1759860840.8569162,iot_test_files/normal/device_119.dat.encrypted,219,7.065092182877147,modified,.encrypted,0
1759860840.8577542,iot_test_files/normal/high_entropy.bin.encrypted,1024,7.810181892953697,modified,.encrypted,0
1759860840.859747,iot_test_files/normal/device_052.json.encrypted,58,5.616601684782743,modified,.encrypted,0
1759860840.8618767,iot_test_files/normal/device_089.log.encrypted,73,5.8677728464919845,modified,.encrypted,0
1759860840.8630383,iot_test_files/normal/device_019.txt.encrypted,121,6.49316261740413,modified,.encrypted,0
1759860840.863371,iot_test_files/normal/device_079.json.encrypted,58,5.685567202024122,modified,.encrypted,0
1759860840.8648653,iot_test_files/normal/device_093.log.encrypted,73,5.878113771179155,modified,.encrypted,0
1759860840.8653111,iot_test_files/normal/device_082.log.encrypted,73,5.915851956140299,modified,.encrypted,0
1759860840.8659222,iot_test_files/normal/device_059.json.encrypted,58,5.754532719265502,modified,.encrypted,0
1759860840.8669076,iot_test_files/normal/device_009.txt.encrypted,120,6.583933199757167,modified,.encrypted,0
1759860840.8681598,iot_test_files/normal/device_048.txt.encrypted,121,6.51291765480548,modified,.encrypted,0
1759860840.8695734,iot_test_files/normal/device_110.dat.encrypted,219,7.072442139381427,modified,.encrypted,0
1759860840.8702497,iot_test_files/normal/device_027.txt.encrypted,121,6.513742989269198,modified,.encrypted,0
1759860840.8710985,iot_test_files/normal/device_021.txt.encrypted,121,6.621342576117579,modified,.encrypted,0
1759860840.8715644,iot_test_files/normal/device_092.log.encrypted,73,5.878113771179155,modified,.encrypted,0
1759860840.8731503,iot_test_files/normal/device_031.txt.encrypted,121,6.453040692013442,created,.encrypted,0
1759860840.873359,iot_test_files/normal/device_031.txt.encrypted,121,6.453040692013442,modified,.encrypted,0
1759860840.8735347,iot_test_files/normal/device_047.txt.encrypted,121,6.48692387771683,modified,.encrypted,0
1759860840.8737128,iot_test_files/normal/device_007.txt.encrypted,120,6.488018408054442,modified,.encrypted,0
1759860840.8738678,iot_test_files/normal/device_073.json.encrypted,58,5.547636167541364,modified,.encrypted,0
1759860840.8751595,iot_test_files/normal/device_041.txt.encrypted,121,6.480685138029527,modified,.encrypted,0
1759860840.8756237,iot_test_files/normal/device_055.json.encrypted,58,5.754532719265502,modified,.encrypted,0
1759860840.8759322,iot_test_files/normal/device_035.txt.encrypted,121,6.4373371008573255,modified,.encrypted,0
1759860840.8761294,iot_test_files/normal/device_095.log.encrypted,73,5.9499646273139035,modified,.encrypted,0
1759860840.8827662,iot_test_files/normal/device_001.txt.encrypted,120,6.54430913723914,modified,.encrypted,0
1759860840.8832016,iot_test_files/normal/READ_ME_FOR_DECRYPT.txt,194,5.042744452135328,modified,.txt,0
1759860861.407229,iot_test_files/normal/config_3_1759652518.txt,114,4.630793419515244,modified,.txt,0
1759860873.5063064,iot_test_files/normal/device_029.txt.encrypted,177,6.646936731065025,modified,.encrypted,0
1759860885.6440942,iot_test_files/normal/config_31_1758884775.txt,177,4.628272837181637,modified,.txt,0
1759860885.6458201,iot_test_files/normal/config_31_1758884775.txt,177,4.628272837181637,modified,.txt,0
1759993020.2059066,iot_test_files/normal/config_8_1759856542.txt,101,4.677750721002389,modified,.txt,0
1759993032.262304,iot_test_files/normal/log_1759993032_7807.txt,113,3.951723168064073,created,.txt,0
1759993032.263463,iot_test_files/normal/log_1759993032_7807.txt,113,3.951723168064073,modified,.txt,0
1759993044.5203276,iot_test_files/normal/log_1758870687_9890.txt,242,4.587596566578626,modified,.txt,0
1759993056.6618679,iot_test_files/normal/log_1759993056_2933.txt,113,3.987121398152569,created,.txt,0
1759993056.6622126,iot_test_files/normal/log_1759993056_2933.txt,113,3.987121398152569,modified,.txt,0
1759993068.797106,iot_test_files/normal/log_1759650442_9245.txt,169,4.420197033216187,modified,.txt,0
1759993080.9310904,iot_test_files/normal/device_048.txt.encrypted,0,0,deleted,.encrypted,0
1759993093.0017357,iot_test_files/normal/log_1759993093_6118.txt,113,3.912870428899797,created,.txt,0
1759993093.0020287,iot_test_files/normal/log_1759993093_6118.txt,113,3.912870428899797,modified,.txt,0
1759993105.1749814,iot_test_files/normal/config_36_1758885126.txt,139,4.6479101374525955,modified,.txt,0
1759993129.2163477,iot_test_files/normal/log_1759993129_8883.txt,113,4.0080464244941645,created,.txt,0
1759993129.216672,iot_test_files/normal/log_1759993129_8883.txt,113,4.0080464244941645,modified,.txt,0
1759993141.279435,iot_test_files/normal/device_080.log.encrypted,0,0,deleted,.encrypted,0
1759993189.408383,iot_test_files/normal/device_055.json.encrypted,114,6.00623360225661,modified,.encrypted,0
1759993213.5415106,iot_test_files/normal/log_1759860583_1560.txt,0,0,deleted,.txt,0
1759993225.6322162,iot_test_files/normal/device_076.json.encrypted,0,0,deleted,.encrypted,0
1759993237.678611,iot_test_files/normal/log_1759993237_4414.txt,113,3.994685583747908,created,.txt,0
1759993237.681102,iot_test_files/normal/log_1759993237_4414.txt,113,3.994685583747908,modified,.txt,0
1759993249.8455648,iot_test_files/normal/config_3_1759652542.txt,114,4.656251623731681,modified,.txt,0
1759993254.8955061,iot_test_files/normal/config_41_1759993254.txt,58,4.450244090097493,created,.txt,0
1759993254.8983023,iot_test_files/normal/config_41_1759993254.txt,58,4.450244090097493,modified,.txt,0
1759993261.9576066,iot_test_files/normal/log_1759993261_7886.txt,113,3.9349078182420363,created,.txt,0
1759993261.9597611,iot_test_files/normal/log_1759993261_7886.txt,113,3.9349078182420363,modified,.txt,0
1759993266.896275,iot_test_files/normal/config_28_1759993266.txt,58,4.54524021086175,created,.txt,0
1759993266.8976269,iot_test_files/normal/config_28_1759993266.txt,58,4.54524021086175,modified,.txt,0
1759993274.05702,iot_test_files/normal/device_086.log.encrypted,0,0,deleted,.encrypted,0
1759993283.9354196,iot_test_files/normal/normal_file_0.txt,38,3.955311316634012,modified,.txt,0
1759993283.9356585,iot_test_files/normal/normal_file_1.txt,38,3.955311316634012,modified,.txt,0
1759993283.9358218,iot_test_files/normal/normal_file_2.txt,38,3.955311316634012,modified,.txt,0
1759993283.9359736,iot_test_files/normal/normal_file_3.txt,38,3.955311316634012,modified,.txt,0
1759993283.9361212,iot_test_files/normal/normal_file_4.txt,38,3.955311316634012,modified,.txt,0
1759993283.9362783,iot_test_files/normal/normal_file_5.txt,38,3.955311316634012,modified,.txt,0
1759993283.9364326,iot_test_files/normal/normal_file_6.txt,38,3.955311316634012,modified,.txt,0
1759993283.9365892,iot_test_files/normal/normal_file_7.txt,38,3.955311316634012,modified,.txt,0
1759993283.9367464,iot_test_files/normal/normal_file_8.txt,38,3.955311316634012,modified,.txt,0
1759993283.9413862,iot_test_files/normal/normal_file_9.txt,38,3.955311316634012,modified,.txt,0
1759993283.9432664,iot_test_files/normal/normal_file_10.txt,39,4.025930027099076,modified,.txt,0
1759993283.9447956,iot_test_files/normal/normal_file_11.txt,39,3.974647975817024,modified,.txt,0
1759993283.945566,iot_test_files/normal/normal_file_12.txt,39,4.025930027099076,modified,.txt,0
1759993283.946489,iot_test_files/normal/normal_file_13.txt,39,4.025930027099076,modified,.txt,0
1759993283.9469218,iot_test_files/normal/normal_file_14.txt,39,4.025930027099076,modified,.txt,0
1759993283.9477766,iot_test_files/normal/normal_file_15.txt,39,4.025930027099076,modified,.txt,0
1759993283.9480433,iot_test_files/normal/normal_file_16.txt,39,4.025930027099076,modified,.txt,0
1759993283.9487188,iot_test_files/normal/normal_file_17.txt,39,4.025930027099076,modified,.txt,0
1759993283.949044,iot_test_files/normal/normal_file_18.txt,39,4.025930027099076,modified,.txt,0
1759993283.9491587,iot_test_files/normal/normal_file_19.txt,39,4.025930027099076,modified,.txt,0
1759993283.949629,iot_test_files/normal/log_1759993283_7037.txt,113,3.9694222831083206,created,.txt,0
1759993283.9499218,iot_test_files/normal/log_1759993283_7037.txt,113,3.9694222831083206,modified,.txt,0
1759993286.111405,iot_test_files/normal/config_device_16.cfg,0,0,deleted,.cfg,0
1759993290.896611,iot_test_files/normal/config_3_1759993290.txt,58,4.4372287883360535,created,.txt,0
1759993290.8971987,iot_test_files/normal/config_3_1759993290.txt,58,4.4372287883360535,modified,.txt,0
1759993298.142747,iot_test_files/normal/device_111.dat.encrypted,0,0,deleted,.encrypted,0
1759993310.1702645,iot_test_files/normal/log_1759993310_4839.txt,113,3.983666889076788,created,.txt,0
1759993310.1705916,iot_test_files/normal/log_1759993310_4839.txt,113,3.983666889076788,modified,.txt,0
1759993314.9002264,iot_test_files/normal/config_45_1759993314.txt,58,4.612483909652959,created,.txt,0
1759993314.9009728,iot_test_files/normal/config_45_1759993314.txt,58,4.612483909652959,modified,.txt,0
1759993322.3383622,iot_test_files/normal/device_013.txt.encrypted,177,6.630571776532595,modified,.encrypted,0
1759993326.9078097,iot_test_files/normal/config_16_1758884763.txt,220,4.6407396159699585,modified,.txt,0
1759993334.4801614,iot_test_files/normal/READ_ME_FOR_DECRYPT.txt,237,5.1321678970831135,modified,.txt,0
1759993334.4807227,iot_test_files/normal/READ_ME_FOR_DECRYPT.txt,237,5.1321678970831135,modified,.txt,0
1759993338.9146821,iot_test_files/normal/config_47_1759597531.txt,215,4.577139292564613,modified,.txt,0
1759993358.658929,iot_test_files/normal/config_18_1759649973.txt,177,4.64013546196625,modified,.txt,0
1759993370.8586793,iot_test_files/normal/backup_data_3.dat,343,5.395248471126562,modified,.dat,0
1759993374.9157372,iot_test_files/normal/config_7_1759993374.txt,58,4.496020332029451,created,.txt,0
1759993374.9200394,iot_test_files/normal/config_7_1759993374.txt,58,4.496020332029451,modified,.txt,0
1759993382.964013,iot_test_files/normal/normal_file_4.txt,94,4.660414718851547,modified,.txt,0
1759993386.9192135,iot_test_files/normal/config_22_1759993386.txt,58,4.508314185860435,created,.txt,0
1759993386.9208975,iot_test_files/normal/config_22_1759993386.txt,58,4.508314185860435,modified,.txt,0
1759993395.0085921,iot_test_files/normal/log_1759993395_8670.txt,113,3.912870428899797,created,.txt,0
1759993395.0115628,iot_test_files/normal/log_1759993395_8670.txt,113,3.912870428899797,modified,.txt,0
1759993419.1214197,iot_test_files/normal/log_1759993419_5948.txt,113,3.947384893766081,created,.txt,0
1759993419.1217456,iot_test_files/normal/log_1759993419_5948.txt,113,3.947384893766081,modified,.txt,0
1759993422.922549,iot_test_files/normal/config_40_1759993422.txt,58,4.391850608236927,created,.txt,0
1759993422.9231017,iot_test_files/normal/config_40_1759993422.txt,58,4.391850608236927,modified,.txt,0
1759993443.2521522,iot_test_files/normal/normal_file_14.txt,82,4.777687675085954,modified,.txt,0
1759993446.9579163,iot_test_files/normal/config_9_1759858327.txt,96,4.553487139098882,modified,.txt,0
1759993467.4317043,iot_test_files/normal/device_060.json.encrypted,0,0,deleted,.encrypted,0
1759993470.9888115,iot_test_files/normal/config_9_1758884234.txt,253,4.5709750690832465,modified,.txt,0
1759993491.4748511,iot_test_files/normal/log_1759993491_5143.txt,113,4.011500933569945,created,.txt,0
1759993491.4773836,iot_test_files/normal/log_1759993491_5143.txt,113,4.011500933569945,modified,.txt,0
1759993494.9917748,iot_test_files/normal/config_44_1759993494.txt,58,4.504472487127263,created,.txt,0
1759993494.9921625,iot_test_files/normal/config_44_1759993494.txt,58,4.504472487127263,modified,.txt,0
1759993503.617987,iot_test_files/normal/log_1759993503_1573.txt,113,3.945926512913156,created,.txt,0
1759993503.6194036,iot_test_files/normal/log_1759993503_1573.txt,113,3.945926512913156,modified,.txt,0
1759993506.9918268,iot_test_files/normal/config_13_1759993506.txt,58,4.413318065096178,created,.txt,0
1759993506.9966826,iot_test_files/normal/config_13_1759993506.txt,58,4.413318065096178,modified,.txt,0
1759993515.8075686,iot_test_files/normal/device_021.txt.encrypted,177,6.703433906206267,modified,.encrypted,0
1759993519.0030687,iot_test_files/normal/config_36_1759858656.txt,172,4.505032992212842,modified,.txt,0
1759993531.0083303,iot_test_files/normal/config_6_1759891132.txt,96,4.563488846132314,modified,.txt,0
1759993563.898954,iot_test_files/normal/backup_data_7.dat,459,5.270406557775403,modified,.dat,0
1759993576.0392084,iot_test_files/normal/config_10_1759649937.txt,0,0,deleted,.txt,0
1759993600.1854267,iot_test_files/normal/device_057.json.encrypted,114,5.948732228906228,modified,.encrypted,0
1759996541.365355,iot_test_files/normal/log_1759650151_1784.txt,281,4.611421237490357,modified,.txt,0
1759996548.5984724,iot_test_files/normal/config_9_1759996548.txt,58,4.592738271243879,created,.txt,0
1759996548.5990086,iot_test_files/normal/config_9_1759996548.txt,58,4.592738271243879,modified,.txt,0
1759996560.8029444,iot_test_files/normal/normal_file_0.txt,38,3.955311316634012,modified,.txt,0
1759996560.8038902,iot_test_files/normal/normal_file_1.txt,38,3.955311316634012,modified,.txt,0
1759996560.8041873,iot_test_files/normal/normal_file_2.txt,38,3.955311316634012,modified,.txt,0
1759996560.805739,iot_test_files/normal/normal_file_3.txt,38,3.955311316634012,modified,.txt,0
1759996560.8059542,iot_test_files/normal/normal_file_4.txt,38,3.955311316634012,modified,.txt,0
1759996560.8070128,iot_test_files/normal/normal_file_5.txt,38,3.955311316634012,modified,.txt,0
1759996560.8076036,iot_test_files/normal/normal_file_6.txt,38,3.955311316634012,modified,.txt,0
1759996560.808026,iot_test_files/normal/normal_file_7.txt,38,3.955311316634012,modified,.txt,0
1759996560.8084462,iot_test_files/normal/normal_file_8.txt,38,3.955311316634012,modified,.txt,0
1759996560.8091843,iot_test_files/normal/normal_file_9.txt,38,3.955311316634012,modified,.txt,0
1759996560.8097258,iot_test_files/normal/normal_file_10.txt,39,4.025930027099076,modified,.txt,0
1759996560.8103347,iot_test_files/normal/normal_file_11.txt,39,3.974647975817024,modified,.txt,0
1759996560.811082,iot_test_files/normal/normal_file_12.txt,39,4.025930027099076,modified,.txt,0
1759996560.811405,iot_test_files/normal/normal_file_13.txt,39,4.025930027099076,modified,.txt,0
1759996560.8118422,iot_test_files/normal/normal_file_14.txt,39,4.025930027099076,modified,.txt,0
1759996560.8123763,iot_test_files/normal/normal_file_15.txt,39,4.025930027099076,modified,.txt,0
1759996560.8127608,iot_test_files/normal/normal_file_16.txt,39,4.025930027099076,modified,.txt,0
1759996560.8129077,iot_test_files/normal/normal_file_17.txt,39,4.025930027099076,modified,.txt,0
1759996560.8130057,iot_test_files/normal/normal_file_18.txt,39,4.025930027099076,modified,.txt,0
1759996560.8133476,iot_test_files/normal/normal_file_19.txt,39,4.025930027099076,modified,.txt,0
1759996560.8138385,iot_test_files/normal/config_41_1759993254.txt,0,0,deleted,.txt,0
1759996565.463346,iot_test_files/normal/log_1759996565_4423.txt,113,3.9659677740325403,created,.txt,0
1759996565.464255,iot_test_files/normal/log_1759996565_4423.txt,113,3.9659677740325403,modified,.txt,0
1759996580.867135,iot_test_files/normal/device_106.cfg.encrypted,0,0,deleted,.encrypted,0
1759996584.6019819,iot_test_files/normal/config_15_1759996584.txt,58,4.566707667721,created,.txt,0
1759996584.603036,iot_test_files/normal/config_15_1759996584.txt,58,4.566707667721,modified,.txt,0
1759996596.6012337,iot_test_files/normal/config_44_1759996596.txt,58,4.484726848718183,created,.txt,0
1759996596.602275,iot_test_files/normal/config_44_1759996596.txt,58,4.484726848718183,modified,.txt,0
1759996601.6909928,iot_test_files/normal/normal_file_1.txt,0,0.0,modified,.txt,0
1759996601.6918201,iot_test_files/normal/normal_file_1.txt,81,4.873257564372634,modified,.txt,0
1759996608.6043324,iot_test_files/normal/config_47_1759996608.txt,58,4.5519705475093915,created,.txt,0
1759996608.6052198,iot_test_files/normal/config_47_1759996608.txt,58,4.5519705475093915,modified,.txt,0
1759996613.820268,iot_test_files/normal/log_1759996613_1122.txt,113,4.012384698792156,created,.txt,0
1759996613.820623,iot_test_files/normal/log_1759996613_1122.txt,113,4.012384698792156,modified,.txt,0
1759996625.971111,iot_test_files/normal/device_046.txt.encrypted,0,0,deleted,.encrypted,0
1759996638.0322251,iot_test_files/normal/device_088.log.encrypted,129,6.177515045953216,modified,.encrypted,0
1759996650.139871,iot_test_files/normal/device_119.dat.encrypted,275,7.082932514122429,modified,.encrypted,0
1759996656.6103678,iot_test_files/normal/config_35_1759891180.txt,96,4.530289981468845,modified,.txt,0
1759996668.6419268,iot_test_files/normal/config_19_1759649877.txt,96,4.633583178978154,modified,.txt,0
1759996674.3031416,iot_test_files/normal/log_1759650296_8152.txt,156,4.400473322965385,modified,.txt,0
1759996680.6432018,iot_test_files/normal/config_49_1759996680.txt,58,4.54524021086175,created,.txt,0
1759996680.6440206,iot_test_files/normal/config_49_1759996680.txt,58,4.54524021086175,modified,.txt,0
1759996686.384373,iot_test_files/normal/log_1759996686_1218.txt,113,4.018181353943072,created,.txt,0
1759996686.385234,iot_test_files/normal/log_1759996686_1218.txt,113,4.018181353943072,modified,.txt,0
1759996692.6756108,iot_test_files/normal/config_46_1759858728.txt,96,4.681201242229411,modified,.txt,0
1759996698.5367255,iot_test_files/normal/device_090.log.encrypted,129,5.937432636082,modified,.encrypted,0
1759996704.6775014,iot_test_files/normal/config_7_1759996704.txt,58,4.614205728103129,created,.txt,0
1759996704.6776614,iot_test_files/normal/config_7_1759996704.txt,58,4.614205728103129,modified,.txt,0
1759996710.5727725,iot_test_files/normal/device_036.txt.encrypted,0,0,deleted,.encrypted,0
1759996716.6803942,iot_test_files/normal/config_14_1759996716.txt,58,4.614205728103131,created,.txt,0
1759996716.6812305,iot_test_files/normal/config_14_1759996716.txt,58,4.614205728103131,modified,.txt,0
1759996734.6124237,iot_test_files/normal/config_48_1759858568.txt,114,4.743792973590131,modified,.txt,0
1759996740.6879141,iot_test_files/normal/config_17_1759996740.txt,58,4.460816125478307,created,.txt,0
1759996740.6891127,iot_test_files/normal/config_17_1759996740.txt,58,4.460816125478307,modified,.txt,0
1759996746.7090464,iot_test_files/normal/device_091.log.encrypted,0,0,deleted,.encrypted,0
1759996752.6881032,iot_test_files/normal/config_47_1759996752.txt,58,4.566707667721,created,.txt,0
1759996752.688636,iot_test_files/normal/config_47_1759996752.txt,58,4.566707667721,modified,.txt,0
1759996758.8090055,iot_test_files/normal/log_1759996758_9157.txt,113,3.970306048330532,created,.txt,0
1759996758.809445,iot_test_files/normal/log_1759996758_9157.txt,113,3.970306048330532,modified,.txt,0
1759996776.6917486,iot_test_files/normal/config_4_1759996776.txt,58,4.57972296948244,created,.txt,0
1759996776.6952808,iot_test_files/normal/config_4_1759996776.txt,58,4.57972296948244,modified,.txt,0
1759996783.019165,iot_test_files/normal/log_1759996783_1264.txt,113,4.011500933569945,created,.txt,0
1759996783.0193553,iot_test_files/normal/log_1759996783_1264.txt,113,4.011500933569945,modified,.txt,0
1759996788.727592,iot_test_files/normal/config_13_1759858896.txt,134,4.642259614452374,modified,.txt,0
1759996795.206541,iot_test_files/normal/log_1759996795_1706.txt,113,3.9273436326466973,created,.txt,0
1759996795.2070403,iot_test_files/normal/log_1759996795_1706.txt,113,3.9273436326466973,modified,.txt,0
1759996799.274677,iot_test_files/normal/normal_file_1.txt,0,0,deleted,.txt,0
1759996799.2749736,iot_test_files/normal/normal_file_1.txt,0,0,deleted,.txt,0
1759996800.7298086,iot_test_files/normal/config_0_1759996800.txt,58,4.330336875573645,created,.txt,0
1759996800.7299533,iot_test_files/normal/config_0_1759996800.txt,58,4.330336875573645,modified,.txt,0
1759996800.7317753,iot_test_files/normal/config_0_1759996800.txt,58,4.330336875573645,created,.txt,0
1759996800.732189,iot_test_files/normal/config_0_1759996800.txt,58,4.330336875573645,modified,.txt,0
1759996806.600729,iot_test_files/normal/config_20_1759996806.txt,58,4.389730727953925,created,.txt,0
1759996806.6008906,iot_test_files/normal/config_20_1759996806.txt,58,4.389730727953925,modified,.txt,0
1759996806.6014729,iot_test_files/normal/config_20_1759996806.txt,58,4.389730727953925,created,.txt,0
1759996806.6016467,iot_test_files/normal/config_20_1759996806.txt,58,4.389730727953925,modified,.txt,0
1759996811.3490553,iot_test_files/normal/config_45_1759652530.txt,0,0,deleted,.txt,0
1759996811.3490841,iot_test_files/normal/config_45_1759652530.txt,0,0,deleted,.txt,0
1759996812.734652,iot_test_files/normal/config_27_1759858592.txt,134,4.557454276804302,modified,.txt,0
1759996812.7357008,iot_test_files/normal/config_27_1759858592.txt,134,4.557454276804302,modified,.txt,0
1759996818.605776,iot_test_files/normal/config_11_1758884294.txt,134,4.570607513265299,modified,.txt,0
1759996818.6061919,iot_test_files/normal/config_11_1758884294.txt,134,4.570607513265299,modified,.txt,0
1759996818.8487217,iot_test_files/normal/normal_file_0.txt,38,3.955311316634012,modified,.txt,0
1759996818.8492424,iot_test_files/normal/normal_file_0.txt,38,3.955311316634012,modified,.txt,0
1759996818.8496869,iot_test_files/normal/normal_file_1.txt,38,3.955311316634012,created,.txt,0
1759996818.8503313,iot_test_files/normal/normal_file_1.txt,38,3.955311316634012,modified,.txt,0
1759996818.8505692,iot_test_files/normal/normal_file_1.txt,38,3.955311316634012,created,.txt,0
1759996818.8507469,iot_test_files/normal/normal_file_2.txt,38,3.955311316634012,modified,.txt,0
1759996818.8509,iot_test_files/normal/normal_file_1.txt,38,3.955311316634012,modified,.txt,0
1759996818.8510854,iot_test_files/normal/normal_file_2.txt,38,3.955311316634012,modified,.txt,0
1759996818.851104,iot_test_files/normal/normal_file_3.txt,38,3.955311316634012,modified,.txt,0
1759996818.8515294,iot_test_files/normal/normal_file_4.txt,38,3.955311316634012,modified,.txt,0
1759996818.8517423,iot_test_files/normal/normal_file_3.txt,38,3.955311316634012,modified,.txt,0
1759996818.8518653,iot_test_files/normal/normal_file_5.txt,38,3.955311316634012,modified,.txt,0
1759996818.852298,iot_test_files/normal/normal_file_6.txt,38,3.955311316634012,modified,.txt,0
1759996818.8527675,iot_test_files/normal/normal_file_4.txt,38,3.955311316634012,modified,.txt,0
1759996818.85279,iot_test_files/normal/normal_file_7.txt,38,3.955311316634012,modified,.txt,0
1759996818.853098,iot_test_files/normal/normal_file_8.txt,38,3.955311316634012,modified,.txt,0
1759996818.8532255,iot_test_files/normal/normal_file_9.txt,38,3.955311316634012,modified,.txt,0
1759996818.853326,iot_test_files/normal/normal_file_10.txt,39,4.025930027099076,modified,.txt,0
1759996818.8538353,iot_test_files/normal/normal_file_11.txt,39,3.974647975817024,modified,.txt,0
1759996818.853982,iot_test_files/normal/normal_file_5.txt,38,3.955311316634012,modified,.txt,0
1759996818.8544147,iot_test_files/normal/normal_file_12.txt,39,4.025930027099076,modified,.txt,0
1759996818.8547246,iot_test_files/normal/normal_file_6.txt,38,3.955311316634012,modified,.txt,0
1759996818.8552556,iot_test_files/normal/normal_file_13.txt,39,4.025930027099076,modified,.txt,0
1759996818.8555963,iot_test_files/normal/normal_file_14.txt,39,4.025930027099076,modified,.txt,0
1759996818.855945,iot_test_files/normal/normal_file_15.txt,39,4.025930027099076,modified,.txt,0
1759996818.8562627,iot_test_files/normal/normal_file_16.txt,39,4.025930027099076,modified,.txt,0
1759996818.856482,iot_test_files/normal/normal_file_7.txt,38,3.955311316634012,modified,.txt,0
1759996818.8570879,iot_test_files/normal/normal_file_8.txt,38,3.955311316634012,modified,.txt,0
1759996818.8575096,iot_test_files/normal/normal_file_17.txt,39,4.025930027099076,modified,.txt,0
1759996818.857841,iot_test_files/normal/normal_file_18.txt,39,4.025930027099076,modified,.txt,0
1759996818.859227,iot_test_files/normal/normal_file_9.txt,38,3.955311316634012,modified,.txt,0
1759996818.8596363,iot_test_files/normal/normal_file_19.txt,39,4.025930027099076,modified,.txt,0
1759996818.8603282,iot_test_files/normal/normal_file_19.txt,39,4.025930027099076,modified,.txt,0
1759996818.8612957,iot_test_files/normal/normal_file_10.txt,39,4.025930027099076,modified,.txt,0
1759996818.861468,iot_test_files/normal/normal_file_11.txt,39,3.974647975817024,modified,.txt,0
1759996818.8624039,iot_test_files/normal/normal_file_12.txt,39,4.025930027099076,modified,.txt,0
1759996818.863007,iot_test_files/normal/normal_file_13.txt,39,4.025930027099076,modified,.txt,0
1759996818.8639128,iot_test_files/normal/normal_file_14.txt,39,4.025930027099076,modified,.txt,0
1759996818.8645852,iot_test_files/normal/normal_file_15.txt,39,4.025930027099076,modified,.txt,0
1759996818.8652487,iot_test_files/normal/normal_file_16.txt,39,4.025930027099076,modified,.txt,0
1759996818.8654776,iot_test_files/normal/normal_file_17.txt,39,4.025930027099076,modified,.txt,0
1759996818.865946,iot_test_files/normal/normal_file_18.txt,39,4.025930027099076,modified,.txt,0
1759996818.8665934,iot_test_files/normal/normal_file_19.txt,39,4.025930027099076,modified,.txt,0
1759996818.8670487,iot_test_files/normal/normal_file_19.txt,39,4.025930027099076,modified,.txt,0
1759996819.4011407,iot_test_files/normal/log_1759996819_9411.txt,113,3.9659677740325403,created,.txt,0
1759996819.401354,iot_test_files/normal/log_1759996819_9411.txt,113,3.9659677740325403,modified,.txt,0
1759996819.4013608,iot_test_files/normal/log_1759996819_9411.txt,113,3.9659677740325403,created,.txt,0
1759996819.4015834,iot_test_files/normal/log_1759996819_9411.txt,113,3.9659677740325403,modified,.txt,0
1759996824.7415073,iot_test_files/normal/config_42_1758884318.txt,210,4.509484498124252,modified,.txt,0
1759996824.741652,iot_test_files/normal/config_42_1758884318.txt,210,4.509484498124252,modified,.txt,0
1759996830.6123269,iot_test_files/normal/config_31_1759891264.txt,134,4.482877487669686,modified,.txt,0
1759996830.612569,iot_test_files/normal/config_31_1759891264.txt,134,4.482877487669686,modified,.txt,0
1759996835.5016558,iot_test_files/normal/log_1759996835_8965.txt,113,3.9482686589882925,created,.txt,0
1759996835.5024164,iot_test_files/normal/log_1759996835_8965.txt,113,3.9482686589882925,modified,.txt,0
1759996835.5027707,iot_test_files/normal/log_1759996835_8965.txt,113,3.9482686589882925,created,.txt,0
1759996835.503656,iot_test_files/normal/log_1759996835_8965.txt,113,3.9482686589882925,modified,.txt,0
1759996836.7412891,iot_test_files/normal/config_17_1759996836.txt,58,4.495298884098996,created,.txt,0
1759996836.7413235,iot_test_files/normal/config_17_1759996836.txt,58,4.495298884098996,created,.txt,0
1759996836.7416239,iot_test_files/normal/config_17_1759996836.txt,58,4.495298884098996,modified,.txt,0
1759996836.742199,iot_test_files/normal/config_17_1759996836.txt,58,4.495298884098996,modified,.txt,0
1759996838.883147,iot_test_files/normal/device_084.log.encrypted,0,0,deleted,.encrypted,0
1759996838.8835952,iot_test_files/normal/device_084.log.encrypted,0,0,deleted,.encrypted,0
1759996842.6133943,iot_test_files/normal/config_49_1759996842.txt,58,4.448522271647322,created,.txt,0
1759996842.6135294,iot_test_files/normal/config_49_1759996842.txt,58,4.448522271647322,created,.txt,0
1759996842.6138334,iot_test_files/normal/config_49_1759996842.txt,58,4.448522271647322,modified,.txt,0
1759996842.613842,iot_test_files/normal/config_49_1759996842.txt,58,4.448522271647322,modified,.txt,0
1759996847.720746,iot_test_files/normal/log_1759996847_4108.txt,113,3.9659677740325403,created,.txt,0
1759996847.7216458,iot_test_files/normal/log_1759996847_4108.txt,113,3.9659677740325403,created,.txt,0
1759996847.7219536,iot_test_files/normal/log_1759996847_4108.txt,113,3.9659677740325403,modified,.txt,0
1759996847.7232013,iot_test_files/normal/log_1759996847_4108.txt,113,3.9659677740325403,modified,.txt,0
1759996854.6147645,iot_test_files/normal/config_24_1759996854.txt,58,4.532224909100311,created,.txt,0
1759996854.6148114,iot_test_files/normal/config_24_1759996854.txt,58,4.532224909100311,created,.txt,0
1759996854.6156013,iot_test_files/normal/config_24_1759996854.txt,58,4.532224909100311,modified,.txt,0
1759996854.6156855,iot_test_files/normal/config_24_1759996854.txt,58,4.532224909100311,modified,.txt,0
1759996859.8409111,iot_test_files/normal/log_1759996859_4848.txt,113,3.922635057641038,created,.txt,0
1759996859.8413951,iot_test_files/normal/log_1759996859_4848.txt,113,3.922635057641038,created,.txt,0
1759996859.841845,iot_test_files/normal/log_1759996859_4848.txt,113,3.922635057641038,modified,.txt,0
1759996859.8420749,iot_test_files/normal/log_1759996859_4848.txt,113,3.922635057641038,modified,.txt,0
1759996871.967817,iot_test_files/normal/device_119.dat.encrypted,0,0,deleted,.encrypted,0
1759996871.9679093,iot_test_files/normal/device_119.dat.encrypted,0,0,deleted,.encrypted,0
1759996878.6202493,iot_test_files/normal/config_49_1759891240.txt,96,4.547057069744228,modified,.txt,0
1759996878.62026,iot_test_files/normal/config_49_1759891240.txt,96,4.547057069744228,modified,.txt,0
1759996879.7497885,iot_test_files/normal/normal_file_18.txt,0,0,deleted,.txt,0
1759996879.7498477,iot_test_files/normal/normal_file_18.txt,0,0,deleted,.txt,0
1759996890.6226773,iot_test_files/normal/config_20_1759996806.txt,96,4.456565278356373,modified,.txt,0
1759996890.6228514,iot_test_files/normal/config_20_1759996806.txt,96,4.456565278356373,modified,.txt,0
1759996891.7998753,iot_test_files/normal/config_39_1759858250.txt,114,4.666628662343378,modified,.txt,0
1759996891.8004076,iot_test_files/normal/config_39_1759858250.txt,114,4.666628662343378,modified,.txt,0
1759996925.734945,iot_test_files/normal/log_1759996783_1264.txt,0,4.382841183112626,modified,.txt,0
1759996925.7352,iot_test_files/normal/log_1759996783_1264.txt,156,4.382841183112626,modified,.txt,0
1759996944.20654,iot_test_files/normal/config_21_1759996944.txt,58,4.309869789234108,created,.txt,0
1759996944.2066753,iot_test_files/normal/config_21_1759996944.txt,58,4.309869789234108,modified,.txt,0
1759996944.5146189,iot_test_files/normal/normal_file_0.txt,38,3.955311316634012,modified,.txt,0
1759996944.5151362,iot_test_files/normal/normal_file_1.txt,38,3.955311316634012,modified,.txt,0
1759996944.5155997,iot_test_files/normal/normal_file_2.txt,38,3.955311316634012,modified,.txt,0
1759996944.5165324,iot_test_files/normal/normal_file_3.txt,38,3.955311316634012,modified,.txt,0
1759996944.5170147,iot_test_files/normal/normal_file_4.txt,38,3.955311316634012,modified,.txt,0
1759996944.5174072,iot_test_files/normal/normal_file_5.txt,38,3.955311316634012,modified,.txt,0
1759996944.5197487,iot_test_files/normal/normal_file_6.txt,38,3.955311316634012,modified,.txt,0
1759996944.5203598,iot_test_files/normal/normal_file_7.txt,38,3.955311316634012,modified,.txt,0
1759996944.5215783,iot_test_files/normal/normal_file_8.txt,38,3.955311316634012,modified,.txt,0
1759996944.5222392,iot_test_files/normal/normal_file_9.txt,38,3.955311316634012,modified,.txt,0
1759996944.522621,iot_test_files/normal/normal_file_10.txt,39,4.025930027099076,modified,.txt,0
1759996944.5232375,iot_test_files/normal/normal_file_10.txt,39,4.025930027099076,modified,.txt,0
1759996944.524566,iot_test_files/normal/normal_file_11.txt,39,3.974647975817024,modified,.txt,0
1759996944.5259132,iot_test_files/normal/normal_file_12.txt,39,4.025930027099076,modified,.txt,0
1759996944.5267835,iot_test_files/normal/normal_file_13.txt,39,4.025930027099076,modified,.txt,0
1759996944.5283031,iot_test_files/normal/normal_file_14.txt,39,4.025930027099076,modified,.txt,0
1759996944.5291483,iot_test_files/normal/normal_file_15.txt,39,4.025930027099076,modified,.txt,0
1759996944.5296674,iot_test_files/normal/normal_file_16.txt,39,4.025930027099076,modified,.txt,0
1759996944.5302105,iot_test_files/normal/normal_file_17.txt,39,4.025930027099076,modified,.txt,0
1759996944.5304484,iot_test_files/normal/normal_file_18.txt,39,4.025930027099076,created,.txt,0
1759996944.5309165,iot_test_files/normal/normal_file_18.txt,39,4.025930027099076,modified,.txt,0
1759996944.5312839,iot_test_files/normal/normal_file_19.txt,39,4.025930027099076,modified,.txt,0
1759996944.5314598,iot_test_files/normal/normal_file_19.txt,39,4.025930027099076,modified,.txt,0
1759996944.5321274,iot_test_files/normal/log_1759996944_2618.txt,113,3.9441589824687338,created,.txt,0
1759996944.5323343,iot_test_files/normal/log_1759996944_2618.txt,113,3.9441589824687338,modified,.txt,0
1759996962.047531,iot_test_files/normal/device_059.json.encrypted,114,6.0028093958920214,modified,.encrypted,0
1759996964.7121925,iot_test_files/normal/log_1759650151_1784.txt,337,4.662932511395605,modified,.txt,0
1759996968.2143047,iot_test_files/normal/config_15_1759651808.txt,134,4.578347234476104,modified,.txt,0
1759996974.1249492,iot_test_files/normal/log_1758870577_1277.txt,0,4.6616283711365,modified,.txt,0
1759996974.1257677,iot_test_files/normal/log_1758870577_1277.txt,255,4.6616283711365,modified,.txt,0
1759996980.2199101,iot_test_files/normal/config_42_1759652000.txt,134,4.528974682127254,modified,.txt,0
1759996992.2259157,iot_test_files/normal/config_34_1758884306.txt,172,4.495076059919091,modified,.txt,0
1759996998.2156694,iot_test_files/normal/config_36_1759891192.txt,0,0,deleted,.txt,0
1759997004.226545,iot_test_files/normal/config_13_1759993506.txt,96,4.484557069744228,modified,.txt,0
1759997010.280003,iot_test_files/normal/normal_file_5.txt,94,4.6949371922327865,modified,.txt,0
1759997016.2290373,iot_test_files/normal/config_16_1759997016.txt,58,4.4830050302680124,created,.txt,0
1759997016.229481,iot_test_files/normal/config_16_1759997016.txt,58,4.4830050302680124,modified,.txt,0
1759997022.3689525,iot_test_files/normal/log_1759997022_1061.txt,113,3.9757324027737813,created,.txt,0
1759997022.3713567,iot_test_files/normal/log_1759997022_1061.txt,113,3.9757324027737813,modified,.txt,0
1759997028.2292778,iot_test_files/normal/config_5_1759997028.txt,58,4.517487788888701,created,.txt,0
1759997028.2315495,iot_test_files/normal/config_5_1759997028.txt,58,4.517487788888701,modified,.txt,0
1759997034.511872,iot_test_files/normal/log_1759997034_4295.txt,113,3.970306048330532,created,.txt,0
1759997034.5125449,iot_test_files/normal/log_1759997034_4295.txt,113,3.970306048330532,modified,.txt,0
1759997040.2310872,iot_test_files/normal/config_9_1759996548.txt,96,4.577950842698849,modified,.txt,0
1759997046.727368,iot_test_files/normal/config_47_1759597531.txt,258,4.582684786504789,modified,.txt,0
1759997058.7883604,iot_test_files/normal/config_16_1759651952.txt,0,0,deleted,.txt,0
1759997070.8409245,iot_test_files/normal/device_031.txt.encrypted,0,0,deleted,.encrypted,0
1759997076.2379355,iot_test_files/normal/config_9_1758884715.txt,215,4.577218290167601,modified,.txt,0
1759997082.8974013,iot_test_files/normal/config_16_1759649781.txt,0,0,deleted,.txt,0
1759997094.973319,iot_test_files/normal/config_19_1759649877.txt,0,0,deleted,.txt,0
1759997100.2402678,iot_test_files/normal/config_19_1759997100.txt,58,4.454807236761121,created,.txt,0
1759997100.2408168,iot_test_files/normal/config_19_1759997100.txt,58,4.454807236761121,modified,.txt,0
1759997107.0634723,iot_test_files/normal/log_1759602562_9914.txt,169,4.363198642324229,modified,.txt,0
1759997131.2576191,iot_test_files/normal/device_038.txt.encrypted,177,6.69616296565371,modified,.encrypted,0
1759997148.241802,iot_test_files/normal/config_39_1759997148.txt,58,4.519209607338872,created,.txt,0
1759997148.2423985,iot_test_files/normal/config_39_1759997148.txt,58,4.519209607338872,modified,.txt,0
1759997160.2432127,iot_test_files/normal/config_16_1759997160.txt,58,4.454807236761121,created,.txt,0
1759997160.243874,iot_test_files/normal/config_16_1759997160.txt,58,4.454807236761121,modified,.txt,0
1759997167.4023352,iot_test_files/normal/device_045.txt.encrypted,177,6.59953356990365,modified,.encrypted,0
1759997172.2440982,iot_test_files/normal/config_49_1759891240.txt,134,4.488268127201321,modified,.txt,0
1759997179.4542763,iot_test_files/normal/log_1759997179_2754.txt,113,3.962741862735193,created,.txt,0
1759997179.454978,iot_test_files/normal/log_1759997179_2754.txt,113,3.962741862735193,modified,.txt,0
1759997184.245194,iot_test_files/normal/config_4_1759996776.txt,96,4.666710063681964,modified,.txt,0
1759997191.525662,iot_test_files/normal/config_11_1758884294.txt,177,4.623964827904381,modified,.txt,0
1759997196.251107,iot_test_files/normal/config_48_1759856157.txt,96,4.597023022683081,modified,.txt,0
1759997208.2832222,iot_test_files/normal/config_29_1759858142.txt,96,4.562950688862253,modified,.txt,0
1759997227.7647095,iot_test_files/normal/device_029.txt.encrypted,0,0,deleted,.encrypted,0
1759997239.7848082,iot_test_files/normal/device_081.log.encrypted,129,6.277667639275264,modified,.encrypted,0
1759997251.8382235,iot_test_files/normal/log_1759650502_5928.txt,0,0,deleted,.txt,0
1759997274.9923658,iot_test_files/normal/config_36_1759858656.txt,0,0,deleted,.txt,0
1759997274.99275,iot_test_files/normal/config_36_1759858656.txt,0,0,deleted,.txt,0
1759997275.9282753,iot_test_files/normal/device_008.txt.encrypted,0,0,deleted,.encrypted,0
1759997275.928491,iot_test_files/normal/device_008.txt.encrypted,0,0,deleted,.encrypted,0
1759997287.0044706,iot_test_files/normal/normal_file_6.txt,0,0,deleted,.txt,0
1759997287.0047634,iot_test_files/normal/normal_file_6.txt,0,0,deleted,.txt,0
1759997287.979411,iot_test_files/normal/device_070.json.encrypted,0,0,deleted,.encrypted,0
1759997287.9800038,iot_test_files/normal/device_070.json.encrypted,0,0,deleted,.encrypted,0
1759997294.830697,iot_test_files/normal/normal_file_0.txt,38,3.955311316634012,modified,.txt,0
1759997294.8312817,iot_test_files/normal/normal_file_1.txt,38,3.955311316634012,modified,.txt,0
1759997294.8312376,iot_test_files/normal/normal_file_0.txt,38,3.955311316634012,modified,.txt,0
1759997294.8316908,iot_test_files/normal/normal_file_2.txt,38,3.955311316634012,modified,.txt,0
1759997294.834241,iot_test_files/normal/normal_file_1.txt,38,3.955311316634012,modified,.txt,0
1759997294.8360589,iot_test_files/normal/normal_file_2.txt,38,3.955311316634012,modified,.txt,0
1759997294.8365836,iot_test_files/normal/normal_file_3.txt,38,3.955311316634012,modified,.txt,0
1759997294.8374603,iot_test_files/normal/normal_file_3.txt,38,3.955311316634012,modified,.txt,0
1759997294.8387527,iot_test_files/normal/normal_file_4.txt,38,3.955311316634012,modified,.txt,0
1759997294.8394394,iot_test_files/normal/normal_file_4.txt,38,3.955311316634012,modified,.txt,0
1759997294.8395557,iot_test_files/normal/normal_file_5.txt,38,3.955311316634012,modified,.txt,0
1759997294.8397334,iot_test_files/normal/normal_file_5.txt,38,3.955311316634012,modified,.txt,0
1759997294.839752,iot_test_files/normal/normal_file_5.txt,38,3.955311316634012,modified,.txt,0
1759997294.839903,iot_test_files/normal/normal_file_5.txt,38,3.955311316634012,modified,.txt,0
1759997294.8399055,iot_test_files/normal/normal_file_6.txt,38,3.955311316634012,created,.txt,0
1759997294.8400662,iot_test_files/normal/normal_file_6.txt,38,3.955311316634012,created,.txt,0
1759997294.8400686,iot_test_files/normal/normal_file_6.txt,38,3.955311316634012,modified,.txt,0
1759997294.8401854,iot_test_files/normal/normal_file_6.txt,38,3.955311316634012,modified,.txt,0
1759997294.8402371,iot_test_files/normal/normal_file_7.txt,38,3.955311316634012,modified,.txt,0
1759997294.8403943,iot_test_files/normal/normal_file_7.txt,38,3.955311316634012,modified,.txt,0
1759997294.840465,iot_test_files/normal/normal_file_8.txt,38,3.955311316634012,modified,.txt,0
1759997294.8409045,iot_test_files/normal/normal_file_8.txt,38,3.955311316634012,modified,.txt,0
1759997294.8411155,iot_test_files/normal/normal_file_9.txt,38,3.955311316634012,modified,.txt,0
1759997294.8414497,iot_test_files/normal/normal_file_10.txt,39,4.025930027099076,modified,.txt,0
1759997294.8419402,iot_test_files/normal/normal_file_11.txt,39,3.974647975817024,modified,.txt,0
1759997294.8427317,iot_test_files/normal/normal_file_12.txt,39,4.025930027099076,modified,.txt,0
1759997294.8432822,iot_test_files/normal/normal_file_13.txt,39,4.025930027099076,modified,.txt,0
1759997294.8438272,iot_test_files/normal/normal_file_14.txt,39,4.025930027099076,modified,.txt,0
1759997294.8458357,iot_test_files/normal/normal_file_9.txt,38,3.955311316634012,modified,.txt,0
1759997294.8465512,iot_test_files/normal/normal_file_15.txt,39,4.025930027099076,modified,.txt,0
1759997294.846931,iot_test_files/normal/normal_file_10.txt,39,4.025930027099076,modified,.txt,0
1759997294.8470984,iot_test_files/normal/normal_file_11.txt,39,3.974647975817024,modified,.txt,0
1759997294.8471808,iot_test_files/normal/normal_file_12.txt,39,4.025930027099076,modified,.txt,0
1759997294.8472502,iot_test_files/normal/normal_file_13.txt,39,4.025930027099076,modified,.txt,0
1759997294.8473167,iot_test_files/normal/normal_file_14.txt,39,4.025930027099076,modified,.txt,0
1759997294.8473802,iot_test_files/normal/normal_file_15.txt,39,4.025930027099076,modified,.txt,0
1759997294.84748,iot_test_files/normal/normal_file_16.txt,39,4.025930027099076,modified,.txt,0
1759997294.8475788,iot_test_files/normal/normal_file_17.txt,39,4.025930027099076,modified,.txt,0
1759997294.8476353,iot_test_files/normal/normal_file_16.txt,39,4.025930027099076,modified,.txt,0
1759997294.8476744,iot_test_files/normal/normal_file_18.txt,39,4.025930027099076,modified,.txt,0
1759997294.8477688,iot_test_files/normal/normal_file_19.txt,39,4.025930027099076,modified,.txt,0
1759997294.8478448,iot_test_files/normal/normal_file_17.txt,39,4.025930027099076,modified,.txt,0
1759997294.8478823,iot_test_files/normal/log_1759997294_4137.txt,113,3.951723168064073,created,.txt,0
1759997294.8480053,iot_test_files/normal/normal_file_18.txt,39,4.025930027099076,modified,.txt,0
1759997294.8489509,iot_test_files/normal/normal_file_19.txt,39,4.025930027099076,modified,.txt,0
1759997294.8497286,iot_test_files/normal/log_1759997294_4137.txt,113,3.951723168064073,created,.txt,0
1759997294.849778,iot_test_files/normal/log_1759997294_4137.txt,113,3.951723168064073,modified,.txt,0
1759997294.8503776,iot_test_files/normal/log_1759997294_4137.txt,113,3.951723168064073,modified,.txt,0
1759997311.0284176,iot_test_files/normal/device_016.txt.encrypted,177,6.448759293666024,modified,.encrypted,0
1759997311.0284607,iot_test_files/normal/device_016.txt.encrypted,177,6.448759293666024,modified,.encrypted,0
1759997315.0693393,iot_test_files/normal/config_47_1759597531.txt,314,4.692345305360726,modified,.txt,0
1759997315.0696864,iot_test_files/normal/config_47_1759597531.txt,314,4.692345305360726,modified,.txt,0
1759997323.084557,iot_test_files/normal/log_1758869579_5287.txt,0,0,deleted,.txt,0
1759997323.0847235,iot_test_files/normal/log_1758869579_5287.txt,0,0,deleted,.txt,0
1759997324.169628,iot_test_files/normal/config_24_1759996854.txt,0,0.0,modified,.txt,0
1759997324.1696343,iot_test_files/normal/config_24_1759996854.txt,0,0.0,modified,.txt,0
1759997324.1708841,iot_test_files/normal/config_24_1759996854.txt,101,4.687956005853025,modified,.txt,0
1759997324.1720207,iot_test_files/normal/config_24_1759996854.txt,101,4.687956005853025,modified,.txt,0
1759997329.9844604,iot_test_files/normal/config_9_1758884715.txt,253,4.550280497514966,modified,.txt,0
1759997329.9851863,iot_test_files/normal/config_9_1758884715.txt,253,4.550280497514966,modified,.txt,0
1759997335.1513755,iot_test_files/normal/log_1759650563_2267.txt,0,0,deleted,.txt,0
1759997335.151425,iot_test_files/normal/log_1759650563_2267.txt,0,0,deleted,.txt,0
1759997336.3125467,iot_test_files/normal/config_31_1758884775.txt,0,0,deleted,.txt,0
1759997336.3127108,iot_test_files/normal/config_31_1758884775.txt,0,0,deleted,.txt,0
1759997347.1668017,iot_test_files/normal/config_16_1759997016.txt,0,0.0,modified,.txt,0
1759997347.1669197,iot_test_files/normal/config_16_1759997016.txt,101,4.70279354291309,modified,.txt,0
1759997347.1679208,iot_test_files/normal/config_16_1759997016.txt,101,4.70279354291309,modified,.txt,0
1759997347.1680207,iot_test_files/normal/config_16_1759997016.txt,101,4.70279354291309,modified,.txt,0
1759997348.409129,iot_test_files/normal/log_1759997348_6161.txt,113,3.9757324027737813,created,.txt,0
1759997348.4095316,iot_test_files/normal/log_1759997348_6161.txt,113,3.9757324027737813,created,.txt,0
1759997348.4104142,iot_test_files/normal/log_1759997348_6161.txt,113,3.9757324027737813,modified,.txt,0
1759997348.4111924,iot_test_files/normal/log_1759997348_6161.txt,113,3.9757324027737813,modified,.txt,0
1759997359.2585092,iot_test_files/normal/config_3_1759598227.txt,114,4.726580125993699,modified,.txt,0
1759997359.2587528,iot_test_files/normal/config_3_1759598227.txt,114,4.726580125993699,modified,.txt,0
1759997360.4767966,iot_test_files/normal/log_1759997360_5499.txt,0,3.9880051633747797,created,.txt,0
1759997360.4774323,iot_test_files/normal/log_1759997360_5499.txt,113,3.9880051633747797,created,.txt,0
1759997360.4791558,iot_test_files/normal/log_1759997360_5499.txt,113,3.9880051633747797,modified,.txt,0
1759997360.479754,iot_test_files/normal/log_1759997360_5499.txt,113,3.9880051633747797,modified,.txt,0
1759997365.9863667,iot_test_files/normal/config_13_1759858896.txt,172,4.582737298656789,modified,.txt,0
1759997365.9868135,iot_test_files/normal/config_13_1759858896.txt,172,4.582737298656789,modified,.txt,0
1759997371.2966745,iot_test_files/normal/device_011.txt.encrypted,0,0,deleted,.encrypted,0
1759997371.2970452,iot_test_files/normal/device_011.txt.encrypted,0,0,deleted,.encrypted,0
1759997372.7082517,iot_test_files/normal/config_36_1759858496.txt,0,0,deleted,.txt,0
1759997372.7084198,iot_test_files/normal/config_36_1759858496.txt,0,0,deleted,.txt,0
1759997377.9866247,iot_test_files/normal/config_27_1759997377.txt,58,4.532224909100311,created,.txt,0
1759997377.9866915,iot_test_files/normal/config_27_1759997377.txt,58,4.532224909100311,created,.txt,0
1759997377.9867759,iot_test_files/normal/config_27_1759997377.txt,58,4.532224909100311,modified,.txt,0
1759997377.9868157,iot_test_files/normal/config_27_1759997377.txt,58,4.532224909100311,modified,.txt,0
1760034017.0909538,iot_test_files/normal/device_042.txt.encrypted,0,0,deleted,.encrypted,0
1760034023.4224029,iot_test_files/normal/config_9_1758884715.txt,291,4.519422623920834,modified,.txt,0
1760034029.2131531,iot_test_files/normal/normal_file_5.txt,94,4.719029346557152,modified,.txt,0
1760034035.4243865,iot_test_files/normal/config_31_1759858836.txt,96,4.631699747026236,modified,.txt,0
1760034036.6297455,iot_test_files/normal/normal_file_0.txt,38,3.955311316634012,modified,.txt,0
1760034036.630109,iot_test_files/normal/normal_file_1.txt,38,3.955311316634012,modified,.txt,0
1760034036.6303725,iot_test_files/normal/normal_file_2.txt,38,3.955311316634012,modified,.txt,0
1760034036.63061,iot_test_files/normal/normal_file_3.txt,38,3.955311316634012,modified,.txt,0
1760034036.6308198,iot_test_files/normal/normal_file_4.txt,38,3.955311316634012,modified,.txt,0
1760034036.6310291,iot_test_files/normal/normal_file_5.txt,38,3.955311316634012,modified,.txt,0
1760034036.6312625,iot_test_files/normal/normal_file_6.txt,38,3.955311316634012,modified,.txt,0
1760034036.6314814,iot_test_files/normal/normal_file_7.txt,38,3.955311316634012,modified,.txt,0
1760034036.6316857,iot_test_files/normal/normal_file_8.txt,38,3.955311316634012,modified,.txt,0
1760034036.631947,iot_test_files/normal/normal_file_9.txt,38,3.955311316634012,modified,.txt,0
1760034036.6321652,iot_test_files/normal/normal_file_10.txt,39,4.025930027099076,modified,.txt,0
1760034036.6323938,iot_test_files/normal/normal_file_11.txt,39,3.974647975817024,modified,.txt,0
1760034036.6326556,iot_test_files/normal/normal_file_12.txt,39,4.025930027099076,modified,.txt,0
1760034036.6329014,iot_test_files/normal/normal_file_13.txt,39,4.025930027099076,modified,.txt,0
1760034036.6331363,iot_test_files/normal/normal_file_14.txt,39,4.025930027099076,modified,.txt,0
1760034036.6335025,iot_test_files/normal/normal_file_15.txt,39,4.025930027099076,modified,.txt,0
1760034036.633919,iot_test_files/normal/normal_file_16.txt,39,4.025930027099076,modified,.txt,0
1760034036.6366577,iot_test_files/normal/normal_file_17.txt,39,4.025930027099076,modified,.txt,0
1760034036.6377058,iot_test_files/normal/normal_file_18.txt,39,4.025930027099076,modified,.txt,0
1760034036.6380606,iot_test_files/normal/normal_file_19.txt,39,4.025930027099076,modified,.txt,0
1760034036.6384695,iot_test_files/normal/log_1758871025_9434.txt,393,4.7217565791625065,modified,.txt,0
1760034041.3366072,iot_test_files/normal/device_065.json.encrypted,0,0,deleted,.encrypted,0
1760034047.4279754,iot_test_files/normal/config_28_1759993266.txt,96,4.630826277868878,modified,.txt,0
1760034053.4332864,iot_test_files/normal/device_117.dat.encrypted,0,0,deleted,.encrypted,0
1760034056.7225633,iot_test_files/normal/config_16_1758884595.txt,309,4.712063919934381,modified,.txt,0
1760034059.4310172,iot_test_files/normal/config_38_1760034059.txt,58,4.5237727540025,created,.txt,0
1760034059.4316692,iot_test_files/normal/config_38_1760034059.txt,58,4.5237727540025,modified,.txt,0
1760034065.5180051,iot_test_files/normal/config_17_1759891348.txt,0,0,deleted,.txt,0
1760034083.4329393,iot_test_files/normal/config_7_1760034083.txt,58,4.427054814788072,created,.txt,0
1760034083.4346156,iot_test_files/normal/config_7_1760034083.txt,58,4.427054814788072,modified,.txt,0
1760034089.7255564,iot_test_files/normal/device_088.log.encrypted,185,5.952218439973274,modified,.encrypted,0
1760034095.4631982,iot_test_files/normal/config_20_1759891144.txt,96,4.549042784174889,modified,.txt,0
1760034107.4642968,iot_test_files/normal/config_7_1760034083.txt,96,4.523633631457907,modified,.txt,0
1760034113.8479564,iot_test_files/normal/device_099.log.encrypted,0,0,deleted,.encrypted,0
1760034119.4735765,iot_test_files/normal/config_43_1760034119.txt,58,4.469989728506572,created,.txt,0
1760034119.474865,iot_test_files/normal/config_43_1760034119.txt,58,4.469989728506572,modified,.txt,0
1760034125.8762915,iot_test_files/normal/log_1760034125_3513.txt,113,4.018181353943072,created,.txt,0
1760034125.8773954,iot_test_files/normal/log_1760034125_3513.txt,113,4.018181353943072,modified,.txt,0
1760034131.468138,iot_test_files/normal/config_10_1760034131.txt,58,4.463259391858932,created,.txt,0
1760034131.4697587,iot_test_files/normal/config_10_1760034131.txt,58,4.463259391858932,modified,.txt,0
1760336593.7471778,iot_test_files/normal/config_device_0.cfg,55,4.132795450559985,created,.cfg,0
1760336593.7503335,iot_test_files/normal/config_device_0.cfg,55,4.132795450559985,modified,.cfg,0
1760336593.753531,iot_test_files/normal/sensor_data_1.json,55,4.506105795571611,created,.json,0
1760336593.7561836,iot_test_files/normal/sensor_data_1.json,55,4.506105795571611,modified,.json,0
1760336593.7584362,iot_test_files/normal/system_log_2.log,82,4.774349079215629,created,.log,0
1760336593.7602267,iot_test_files/normal/system_log_2.log,82,4.774349079215629,modified,.log,0
1760336593.7619288,iot_test_files/normal/backup_data_3.dat,145,5.687200620972069,created,.dat,0
1760336593.7638102,iot_test_files/normal/backup_data_3.dat,145,5.687200620972069,modified,.dat,0
1760336593.7649605,iot_test_files/normal/config_device_4.cfg,55,4.1917974959751945,created,.cfg,0
1760336593.7657475,iot_test_files/normal/config_device_4.cfg,55,4.1917974959751945,modified,.cfg,0
1760336593.7691221,iot_test_files/normal/sensor_data_5.json,55,4.542469431935247,created,.json,0
1760336593.7713234,iot_test_files/normal/sensor_data_5.json,55,4.542469431935247,modified,.json,0
1760336593.772733,iot_test_files/normal/system_log_6.log,82,4.66604926798104,created,.log,0
1760336593.7731142,iot_test_files/normal/system_log_6.log,82,4.66604926798104,modified,.log,0
1760336593.773944,iot_test_files/normal/backup_data_7.dat,145,5.660240366594371,created,.dat,0
1760336593.7742748,iot_test_files/normal/backup_data_7.dat,145,5.660240366594371,modified,.dat,0
1760336593.774416,iot_test_files/normal/config_device_8.cfg,55,4.141708632299495,created,.cfg,0
1760336593.7745337,iot_test_files/normal/config_device_8.cfg,55,4.141708632299495,modified,.cfg,0
1760336593.7746706,iot_test_files/normal/sensor_data_9.json,98,4.8560163247684525,created,.json,0
1760336593.7747912,iot_test_files/normal/sensor_data_9.json,98,4.8560163247684525,modified,.json,0
1760336593.7749462,iot_test_files/normal/system_log_10.log,83,4.709822571002774,created,.log,0
1760336593.7750864,iot_test_files/normal/system_log_10.log,83,4.709822571002774,modified,.log,0
1760336593.7752304,iot_test_files/normal/backup_data_11.dat,145,5.651894307325423,created,.dat,0
1760336593.7753272,iot_test_files/normal/backup_data_11.dat,145,5.651894307325423,modified,.dat,0
1760336593.7760978,iot_test_files/normal/config_device_12.cfg,56,4.246177744107237,created,.cfg,0
1760336593.7763064,iot_test_files/normal/config_device_12.cfg,56,4.246177744107237,modified,.cfg,0
1760336593.7767186,iot_test_files/normal/sensor_data_13.json,56,4.5548733954965765,created,.json,0
1760336593.7773762,iot_test_files/normal/sensor_data_13.json,56,4.5548733954965765,modified,.json,0
1760336593.777604,iot_test_files/normal/system_log_14.log,83,4.753312215273097,created,.log,0
1760336593.7780266,iot_test_files/normal/system_log_14.log,83,4.753312215273097,modified,.log,0
1760336593.7783198,iot_test_files/normal/backup_data_15.dat,145,5.6374124764970786,created,.dat,0
1760336593.7784865,iot_test_files/normal/backup_data_15.dat,145,5.6374124764970786,modified,.dat,0
1760336593.7788725,iot_test_files/normal/config_device_16.cfg,56,4.246177744107237,created,.cfg,0
1760336593.77919,iot_test_files/normal/config_device_16.cfg,56,4.246177744107237,modified,.cfg,0
1760336593.7793922,iot_test_files/normal/sensor_data_17.json,56,4.590587681210862,created,.json,0
1760336593.7797751,iot_test_files/normal/sensor_data_17.json,56,4.590587681210862,modified,.json,0
1760336593.7800398,iot_test_files/normal/system_log_18.log,83,4.786503630961814,created,.log,0
1760336593.7803233,iot_test_files/normal/system_log_18.log,83,4.786503630961814,modified,.log,0
1760336593.7804883,iot_test_files/normal/backup_data_19.dat,145,5.633342887077884,created,.dat,0
1760336593.7808337,iot_test_files/normal/backup_data_19.dat,145,5.633342887077884,modified,.dat,0
1760336593.781104,iot_test_files/normal/sensor_data_9.json,98,4.8560163247684525,modified,.json,0
1760336593.7812543,iot_test_files/normal/sensor_data_9.json,98,4.8560163247684525,modified,.json,0
1760336596.6396277,iot_test_files/normal/config_device_0.cfg,93,4.6970487317838225,modified,.cfg,0
1760336605.837386,iot_test_files/normal/system_log_14.log,126,4.833061309737739,modified,.log,0
1760336605.83795,iot_test_files/normal/system_log_14.log,126,4.833061309737739,modified,.log,0
1760336609.548238,iot_test_files/normal/normal_file_0.txt,38,3.955311316634012,created,.txt,0
1760336609.5485287,iot_test_files/normal/normal_file_0.txt,38,3.955311316634012,modified,.txt,0
1760336609.5489767,iot_test_files/normal/normal_file_1.txt,38,3.955311316634012,created,.txt,0
1760336609.5491955,iot_test_files/normal/normal_file_1.txt,38,3.955311316634012,modified,.txt,0
1760336609.5493336,iot_test_files/normal/normal_file_2.txt,38,3.955311316634012,created,.txt,0
1760336609.550969,iot_test_files/normal/normal_file_2.txt,38,3.955311316634012,modified,.txt,0
1760336609.5524359,iot_test_files/normal/normal_file_3.txt,38,3.955311316634012,created,.txt,0
1760336609.5530775,iot_test_files/normal/normal_file_3.txt,38,3.955311316634012,modified,.txt,0
1760336609.553493,iot_test_files/normal/normal_file_4.txt,38,3.955311316634012,created,.txt,0
1760336609.5537457,iot_test_files/normal/normal_file_4.txt,38,3.955311316634012,modified,.txt,0
1760336609.5539896,iot_test_files/normal/normal_file_5.txt,94,4.681691314596225,created,.txt,0
1760336609.554215,iot_test_files/normal/normal_file_5.txt,94,4.681691314596225,modified,.txt,0
1760336609.5543807,iot_test_files/normal/normal_file_6.txt,38,3.955311316634012,created,.txt,0
1760336609.5545259,iot_test_files/normal/normal_file_6.txt,38,3.955311316634012,modified,.txt,0
1760336609.5546846,iot_test_files/normal/normal_file_7.txt,38,3.955311316634012,created,.txt,0
1760336609.554878,iot_test_files/normal/normal_file_7.txt,38,3.955311316634012,modified,.txt,0
1760336609.5550582,iot_test_files/normal/normal_file_8.txt,38,3.955311316634012,created,.txt,0
1760336609.5552218,iot_test_files/normal/normal_file_8.txt,38,3.955311316634012,modified,.txt,0
1760336609.5554118,iot_test_files/normal/normal_file_9.txt,38,3.955311316634012,created,.txt,0
1760336609.556012,iot_test_files/normal/normal_file_9.txt,38,3.955311316634012,modified,.txt,0
1760336609.55624,iot_test_files/normal/normal_file_10.txt,39,4.025930027099076,created,.txt,0
1760336609.556507,iot_test_files/normal/normal_file_10.txt,39,4.025930027099076,modified,.txt,0
1760336609.556715,iot_test_files/normal/normal_file_11.txt,39,3.974647975817024,created,.txt,0
1760336609.5569768,iot_test_files/normal/normal_file_11.txt,39,3.974647975817024,modified,.txt,0
1760336609.5572007,iot_test_files/normal/normal_file_12.txt,39,4.025930027099076,created,.txt,0
1760336609.5574105,iot_test_files/normal/normal_file_12.txt,39,4.025930027099076,modified,.txt,0
1760336609.5577955,iot_test_files/normal/normal_file_13.txt,39,4.025930027099076,created,.txt,0
1760336609.5584962,iot_test_files/normal/normal_file_13.txt,39,4.025930027099076,modified,.txt,0
1760336609.558935,iot_test_files/normal/normal_file_14.txt,39,4.025930027099076,created,.txt,0
1760336609.559458,iot_test_files/normal/normal_file_14.txt,39,4.025930027099076,modified,.txt,0
1760336609.5598087,iot_test_files/normal/normal_file_15.txt,39,4.025930027099076,created,.txt,0
1760336609.5602288,iot_test_files/normal/normal_file_15.txt,39,4.025930027099076,modified,.txt,0
1760336609.560398,iot_test_files/normal/normal_file_16.txt,39,4.025930027099076,created,.txt,0
1760336609.5605307,iot_test_files/normal/normal_file_16.txt,39,4.025930027099076,modified,.txt,0
1760336609.5606651,iot_test_files/normal/normal_file_17.txt,39,4.025930027099076,created,.txt,0
1760336609.560873,iot_test_files/normal/normal_file_17.txt,39,4.025930027099076,modified,.txt,0
1760336609.561481,iot_test_files/normal/normal_file_18.txt,39,4.025930027099076,created,.txt,0
1760336609.561651,iot_test_files/normal/normal_file_18.txt,39,4.025930027099076,modified,.txt,0
1760336609.5624871,iot_test_files/normal/normal_file_19.txt,39,4.025930027099076,created,.txt,0
1760336609.5627565,iot_test_files/normal/normal_file_19.txt,39,4.025930027099076,modified,.txt,0
1760336609.5629318,iot_test_files/normal/normal_file_5.txt,94,4.681691314596225,modified,.txt,0
1760336620.6415539,iot_test_files/normal/config_device_8.cfg,93,4.728194935571347,modified,.cfg,0
1760336629.678696,iot_test_files/normal/normal_file_10.txt,95,4.7246189663994835,modified,.txt,0
1760336629.9344096,iot_test_files/normal/log_1760336629_7095.txt,113,3.97698646870366,created,.txt,0
1760336629.935475,iot_test_files/normal/log_1760336629_7095.txt,113,3.97698646870366,modified,.txt,0
1760336654.0637727,iot_test_files/normal/backup_data_7.dat,201,5.580136173498419,modified,.dat,0
1760336656.644429,iot_test_files/normal/config_device_12.cfg,94,4.6990607620509195,modified,.cfg,0
1760336666.1321526,iot_test_files/normal/backup_data_19.dat,188,5.568760664664125,modified,.dat,0
1760336666.1335452,iot_test_files/normal/backup_data_19.dat,188,5.568760664664125,modified,.dat,0
1760336668.6451323,iot_test_files/normal/config_device_12.cfg,132,4.673716851286188,modified,.cfg,0
1760336678.276844,iot_test_files/normal/system_log_6.log,0,0.0,modified,.log,0
1760336678.2793393,iot_test_files/normal/system_log_6.log,125,4.82169564873972,modified,.log,0
1760336690.311148,iot_test_files/normal/log_1760336629_7095.txt,169,4.389768020996851,modified,.txt,0
1760336692.6464167,iot_test_files/normal/config_device_0.cfg,131,4.716592146089973,modified,.cfg,0
1760336702.344667,iot_test_files/normal/sensor_data_5.json,111,4.8616881693828455,modified,.json,0
1760336704.6513221,iot_test_files/normal/config_0_1760336704.txt,58,4.5107574522410605,created,.txt,0
1760336704.6539152,iot_test_files/normal/config_0_1760336704.txt,58,4.5107574522410605,modified,.txt,0
1760336924.363106,iot_test_files/normal/normal_file_15.txt,95,4.707675382458043,modified,.txt,0
1760336931.084502,iot_test_files/normal/config_11_1760336931.txt,58,4.448522271647322,created,.txt,0
1760336931.0847883,iot_test_files/normal/config_11_1760336931.txt,58,4.448522271647322,modified,.txt,0
1760336936.4970422,iot_test_files/normal/normal_file_12.txt,82,4.825250291304125,modified,.txt,0
1760336936.497512,iot_test_files/normal/normal_file_12.txt,82,4.825250291304125,modified,.txt,0
1760336943.0847857,iot_test_files/normal/config_43_1760336943.txt,58,4.4745528751702,created,.txt,0
1760336943.085114,iot_test_files/normal/config_43_1760336943.txt,58,4.4745528751702,modified,.txt,0
1760336944.22223,iot_test_files/normal/normal_file_0.txt,38,3.955311316634012,modified,.txt,0
1760336944.2264516,iot_test_files/normal/normal_file_1.txt,38,3.955311316634012,modified,.txt,0
1760336944.2269459,iot_test_files/normal/normal_file_2.txt,38,3.955311316634012,modified,.txt,0
1760336944.227962,iot_test_files/normal/normal_file_3.txt,38,3.955311316634012,modified,.txt,0
1760336944.2284272,iot_test_files/normal/normal_file_4.txt,38,3.955311316634012,modified,.txt,0
1760336944.228938,iot_test_files/normal/normal_file_4.txt,38,3.955311316634012,modified,.txt,0
1760336944.229443,iot_test_files/normal/normal_file_5.txt,38,3.955311316634012,modified,.txt,0
1760336944.229801,iot_test_files/normal/normal_file_6.txt,38,3.955311316634012,modified,.txt,0
1760336944.2300797,iot_test_files/normal/normal_file_7.txt,38,3.955311316634012,modified,.txt,0
1760336944.230402,iot_test_files/normal/normal_file_8.txt,38,3.955311316634012,modified,.txt,0
1760336944.2306175,iot_test_files/normal/normal_file_9.txt,38,3.955311316634012,modified,.txt,0
1760336944.2307696,iot_test_files/normal/normal_file_10.txt,39,4.025930027099076,modified,.txt,0
1760336944.2310128,iot_test_files/normal/normal_file_11.txt,39,3.974647975817024,modified,.txt,0
1760336944.2318237,iot_test_files/normal/normal_file_12.txt,39,4.025930027099076,modified,.txt,0
1760336944.2320292,iot_test_files/normal/normal_file_13.txt,39,4.025930027099076,modified,.txt,0
1760336944.2321942,iot_test_files/normal/normal_file_14.txt,39,4.025930027099076,modified,.txt,0
1760336944.2325072,iot_test_files/normal/normal_file_15.txt,39,4.025930027099076,modified,.txt,0
1760336944.2327306,iot_test_files/normal/normal_file_16.txt,39,4.025930027099076,modified,.txt,0
1760336944.232962,iot_test_files/normal/normal_file_17.txt,39,4.025930027099076,modified,.txt,0
1760336944.234826,iot_test_files/normal/normal_file_18.txt,39,4.025930027099076,modified,.txt,0
1760336944.2354052,iot_test_files/normal/normal_file_19.txt,39,4.025930027099076,modified,.txt,0
1760336944.2357004,iot_test_files/normal/sensor_data_17.json,0,0,deleted,.json,0
1760336948.6954446,iot_test_files/normal/backup_data_11.dat,0,0.0,modified,.dat,0
1760336948.6977432,iot_test_files/normal/backup_data_11.dat,188,5.629031024543618,modified,.dat,0
1760336960.8323677,iot_test_files/normal/normal_file_6.txt,0,0,deleted,.txt,0
1760336964.3076897,iot_test_files/normal/normal_file_5.txt,94,4.672598197869914,modified,.txt,0
1760336972.9149773,iot_test_files/normal/sensor_data_17.json,56,4.5683535294637805,created,.json,0
1760336972.9153273,iot_test_files/normal/sensor_data_17.json,56,4.5683535294637805,modified,.json,0
1760336979.0926867,iot_test_files/normal/config_0_1760336704.txt,96,4.603846168850305,modified,.txt,0
1760336991.0973527,iot_test_files/normal/config_device_12.cfg,170,4.645251043540591,modified,.cfg,0
1760337003.10018,iot_test_files/normal/config_16_1760337003.txt,58,4.4287766332382414,created,.txt,0
1760337003.1019607,iot_test_files/normal/config_16_1760337003.txt,58,4.4287766332382414,modified,.txt,0
1760337009.0468652,iot_test_files/normal/log_1760337009_5866.txt,0,3.970306048330532,created,.txt,0
1760337009.049044,iot_test_files/normal/log_1760337009_5866.txt,113,3.970306048330532,modified,.txt,0
1760337021.2088602,iot_test_files/normal/normal_file_3.txt,0,0,deleted,.txt,0
1760337033.2246535,iot_test_files/normal/normal_file_5.txt,137,4.758101354950504,modified,.txt,0
1760337033.2277052,iot_test_files/normal/normal_file_5.txt,137,4.758101354950504,modified,.txt,0
1760337039.1005156,iot_test_files/normal/config_20_1760337039.txt,58,4.538955245747951,created,.txt,0
1760337039.1014824,iot_test_files/normal/config_20_1760337039.txt,58,4.538955245747951,modified,.txt,0
1760337057.4592955,iot_test_files/normal/normal_file_4.txt,94,4.6949371922327865,modified,.txt,0
1760337063.1028998,iot_test_files/normal/config_16_1760337003.txt,96,4.471872161135904,modified,.txt,0
1760337069.4976833,iot_test_files/normal/normal_file_8.txt,94,4.6949371922327865,modified,.txt,0
1760337075.1030078,iot_test_files/normal/config_16_1760337075.txt,58,4.359811115996862,created,.txt,0
1760337075.1042206,iot_test_files/normal/config_16_1760337075.txt,58,4.359811115996862,modified,.txt,0
1760337081.5279996,iot_test_files/normal/config_device_0.cfg,0,0.0,modified,.cfg,0
1760337081.5285547,iot_test_files/normal/config_device_0.cfg,174,4.754270903565514,modified,.cfg,0
1760337087.1058595,iot_test_files/normal/config_16_1760337075.txt,96,4.350384314314684,modified,.txt,0
1760337093.6286569,iot_test_files/normal/system_log_6.log,168,4.774770268130957,modified,.log,0
1760337105.7238045,iot_test_files/normal/log_1760337105_7414.txt,0,3.963625627957404,created,.txt,0
1760337105.7254534,iot_test_files/normal/log_1760337105_7414.txt,113,3.963625627957404,modified,.txt,0
1760337117.859503,iot_test_files/normal/log_1760337117_4953.txt,0,0.0,created,.txt,0
1760337117.8598495,iot_test_files/normal/log_1760337117_4953.txt,113,3.983666889076788,modified,.txt,0
1760337129.9530194,iot_test_files/normal/log_1760337129_5117.txt,113,3.9273436326466973,created,.txt,0
1760337129.9533095,iot_test_files/normal/log_1760337129_5117.txt,113,3.9273436326466973,modified,.txt,0
1760337142.0964916,iot_test_files/normal/normal_file_7.txt,94,4.647168841214987,modified,.txt,0
1760337147.1078706,iot_test_files/normal/config_device_12.cfg,208,4.605911677248979,modified,.cfg,0
1760337154.1258986,iot_test_files/normal/system_log_18.log,0,0.0,modified,.log,0
1760337154.1284885,iot_test_files/normal/system_log_18.log,126,4.859391600979873,modified,.log,0
1760337166.2486067,iot_test_files/normal/log_1760337166_7096.txt,113,3.9761027034814487,created,.txt,0
1760337166.2493536,iot_test_files/normal/log_1760337166_7096.txt,113,3.9761027034814487,modified,.txt,0
1760337178.334834,iot_test_files/normal/log_1760337178_3358.txt,113,3.9650840088103294,created,.txt,0
1760337178.3355093,iot_test_files/normal/log_1760337178_3358.txt,113,3.9650840088103294,modified,.txt,0
1760337190.4924903,iot_test_files/normal/log_1760337166_7096.txt,0,0,deleted,.txt,0
1760337202.5861802,iot_test_files/normal/log_1760337117_4953.txt,156,4.379792611266661,modified,.txt,0
1760337202.5882096,iot_test_files/normal/log_1760337117_4953.txt,156,4.379792611266661,modified,.txt,0
1760337207.109116,iot_test_files/normal/config_4_1760337207.txt,58,4.455252608294963,created,.txt,0
1760337207.1102233,iot_test_files/normal/config_4_1760337207.txt,58,4.455252608294963,modified,.txt,0
1760337214.6364017,iot_test_files/normal/normal_file_4.txt,0,0,deleted,.txt,0
1760337219.1106646,iot_test_files/normal/config_13_1760337219.txt,58,4.427054814788072,created,.txt,0
1760337219.113152,iot_test_files/normal/config_13_1760337219.txt,58,4.427054814788072,modified,.txt,0
1760337226.7031841,iot_test_files/normal/normal_file_2.txt,81,4.8331944471153925,modified,.txt,0
1760337226.703995,iot_test_files/normal/normal_file_2.txt,81,4.8331944471153925,modified,.txt,0
1760337238.8158164,iot_test_files/normal/log_1760337238_1134.txt,113,3.959287353659412,created,.txt,0
1760337238.8172922,iot_test_files/normal/log_1760337238_1134.txt,113,3.959287353659412,modified,.txt,0
1760337251.0015094,iot_test_files/normal/normal_file_18.txt,82,4.701570907766609,modified,.txt,0
1760337263.050007,iot_test_files/normal/log_1760337263_2232.txt,113,3.9694222831083206,created,.txt,0
1760337263.0506663,iot_test_files/normal/log_1760337263_2232.txt,113,3.9694222831083206,modified,.txt,0
1760337275.18095,iot_test_files/normal/normal_file_12.txt,82,4.790121211776854,modified,.txt,0
1760337287.376835,iot_test_files/normal/sensor_data_5.json,0,0,deleted,.json,0
1760337299.4111528,iot_test_files/normal/log_1760337299_8123.txt,113,3.983666889076788,created,.txt,0
1760337299.4119327,iot_test_files/normal/log_1760337299_8123.txt,113,3.983666889076788,modified,.txt,0
1760337311.6147828,iot_test_files/normal/normal_file_9.txt,0,0.0,modified,.txt,0
1760337311.6157343,iot_test_files/normal/normal_file_9.txt,81,4.694365897759386,modified,.txt,0
1760337323.7054284,iot_test_files/normal/log_1760337323_9773.txt,113,3.9061900085266688,created,.txt,0
1760337323.7078998,iot_test_files/normal/log_1760337323_9773.txt,113,3.9061900085266688,modified,.txt,0
1760337335.798599,iot_test_files/normal/log_1760337335_9128.txt,113,3.9880051633747797,created,.txt,0
1760337335.7994711,iot_test_files/normal/log_1760337335_9128.txt,113,3.9880051633747797,modified,.txt,0
1760337348.0011964,iot_test_files/normal/log_1760337347_4018.txt,113,4.005704278419028,created,.txt,0
1760337348.0016146,iot_test_files/normal/log_1760337347_4018.txt,113,4.005704278419028,modified,.txt,0
1760337372.2820952,iot_test_files/normal/normal_file_15.txt,0,0,deleted,.txt,0
1760337384.3446867,iot_test_files/normal/log_1760337384_4241.txt,113,3.9450427476909447,created,.txt,0
1760337384.3452034,iot_test_files/normal/log_1760337384_4241.txt,113,3.9450427476909447,modified,.txt,0
1760337396.5477257,iot_test_files/normal/config_device_16.cfg,99,4.7885897320422846,modified,.cfg,0
1760337396.5484104,iot_test_files/normal/config_device_16.cfg,99,4.7885897320422846,modified,.cfg,0
1760337408.7135866,iot_test_files/normal/config_device_4.cfg,0,4.8028232374556366,modified,.cfg,0
1760337408.7143586,iot_test_files/normal/config_device_4.cfg,98,4.8028232374556366,modified,.cfg,0
1760337420.780335,iot_test_files/normal/log_1760337420_7598.txt,113,3.933140287797614,created,.txt,0
1760337420.781124,iot_test_files/normal/log_1760337420_7598.txt,113,3.933140287797614,modified,.txt,0
1760337432.952666,iot_test_files/normal/config_0_1760336704.txt,0,0,deleted,.txt,0
1760337445.0567484,iot_test_files/normal/normal_file_14.txt,0,0,deleted,.txt,0
1760337464.9573884,iot_test_files/normal/device_008.txt.encrypted,120,6.504685074721109,created,.encrypted,0
1760337464.9578161,iot_test_files/normal/device_008.txt.encrypted,120,6.504685074721109,modified,.encrypted,0
1760337464.9594967,iot_test_files/normal/device_005.txt.encrypted,120,6.527642470572472,created,.encrypted,0
1760337464.959903,iot_test_files/normal/device_005.txt.encrypted,120,6.527642470572472,modified,.encrypted,0
1760337464.964131,iot_test_files/normal/device_001.txt.encrypted,120,6.28089546661883,created,.encrypted,0
1760337464.9690185,iot_test_files/normal/device_001.txt.encrypted,120,6.28089546661883,modified,.encrypted,0
1760337464.9709198,iot_test_files/normal/device_007.txt.encrypted,120,6.4213517413877765,created,.encrypted,0
1760337464.9724512,iot_test_files/normal/device_007.txt.encrypted,120,6.4213517413877765,modified,.encrypted,0
1760337464.9820266,iot_test_files/normal/READ_ME_FOR_DECRYPT.txt,193,5.050587127082993,created,.txt,0
1760337464.9886835,iot_test_files/normal/READ_ME_FOR_DECRYPT.txt,193,5.050587127082993,modified,.txt,0
1760337469.2091844,iot_test_files/normal/backup_data_15.dat,201,5.608892307546395,modified,.dat,0
1760337478.873138,iot_test_files/normal/normal_file_0.txt,38,3.955311316634012,modified,.txt,0
1760337478.87408,iot_test_files/normal/normal_file_1.txt,38,3.955311316634012,modified,.txt,0
1760337478.8744383,iot_test_files/normal/normal_file_2.txt,38,3.955311316634012,modified,.txt,0
1760337478.87462,iot_test_files/normal/normal_file_3.txt,38,3.955311316634012,created,.txt,0
1760337478.874953,iot_test_files/normal/normal_file_3.txt,38,3.955311316634012,modified,.txt,0
1760337478.875154,iot_test_files/normal/normal_file_4.txt,38,3.955311316634012,created,.txt,0
1760337478.8753328,iot_test_files/normal/normal_file_4.txt,38,3.955311316634012,modified,.txt,0
1760337478.8754988,iot_test_files/normal/normal_file_5.txt,38,3.955311316634012,modified,.txt,0
1760337478.8756423,iot_test_files/normal/normal_file_6.txt,38,3.955311316634012,created,.txt,0
1760337478.875784,iot_test_files/normal/normal_file_6.txt,38,3.955311316634012,modified,.txt,0
1760337478.8759375,iot_test_files/normal/normal_file_7.txt,38,3.955311316634012,modified,.txt,0
1760337478.876185,iot_test_files/normal/normal_file_8.txt,38,3.955311316634012,modified,.txt,0
1760337478.8763924,iot_test_files/normal/normal_file_9.txt,38,3.955311316634012,modified,.txt,0
1760337478.876602,iot_test_files/normal/normal_file_10.txt,39,4.025930027099076,modified,.txt,0
1760337478.876828,iot_test_files/normal/normal_file_11.txt,39,3.974647975817024,modified,.txt,0
1760337478.8770316,iot_test_files/normal/normal_file_12.txt,39,4.025930027099076,modified,.txt,0
1760337478.8772318,iot_test_files/normal/normal_file_13.txt,39,4.025930027099076,modified,.txt,0
1760337478.877413,iot_test_files/normal/normal_file_14.txt,39,4.025930027099076,created,.txt,0
1760337478.87759,iot_test_files/normal/normal_file_14.txt,39,4.025930027099076,modified,.txt,0
1760337478.8777866,iot_test_files/normal/normal_file_15.txt,39,4.025930027099076,created,.txt,0
1760337478.8779743,iot_test_files/normal/normal_file_15.txt,39,4.025930027099076,modified,.txt,0
1760337478.8782065,iot_test_files/normal/normal_file_16.txt,39,4.025930027099076,modified,.txt,0
1760337478.879572,iot_test_files/normal/normal_file_17.txt,39,4.025930027099076,modified,.txt,0
1760337478.879867,iot_test_files/normal/normal_file_18.txt,39,4.025930027099076,modified,.txt,0
1760337478.8801968,iot_test_files/normal/normal_file_19.txt,39,4.025930027099076,modified,.txt,0
1760337478.8808584,iot_test_files/normal/config_device_0.cfg,217,4.7607467436922795,modified,.cfg,0
1760337493.3199387,iot_test_files/normal/normal_file_10.txt,0,0,deleted,.txt,0
1760337517.388171,iot_test_files/normal/sensor_data_9.json,0,0,deleted,.json,0
1760337837.0149846,iot_test_files/normal/log_1760337837_7357.txt,113,3.9880051633747797,created,.txt,0
1760337837.0162528,iot_test_files/normal/log_1760337837_7357.txt,113,3.9880051633747797,modified,.txt,0
1760337849.2112918,iot_test_files/normal/device_008.txt.encrypted,176,6.55719305318576,modified,.encrypted,0
1760337855.829936,iot_test_files/normal/config_device_0.cfg,255,4.723578328972826,modified,.cfg,0
1760337856.7368681,iot_test_files/normal/normal_file_0.txt,38,3.955311316634012,modified,.txt,0
1760337856.7373595,iot_test_files/normal/normal_file_1.txt,38,3.955311316634012,modified,.txt,0
1760337856.7378597,iot_test_files/normal/normal_file_2.txt,38,3.955311316634012,modified,.txt,0
1760337856.7388778,iot_test_files/normal/normal_file_3.txt,38,3.955311316634012,modified,.txt,0
1760337856.7391837,iot_test_files/normal/normal_file_4.txt,38,3.955311316634012,modified,.txt,0
1760337856.7399976,iot_test_files/normal/normal_file_5.txt,38,3.955311316634012,modified,.txt,0
1760337856.7405481,iot_test_files/normal/normal_file_6.txt,38,3.955311316634012,modified,.txt,0
1760337856.7407503,iot_test_files/normal/normal_file_7.txt,38,3.955311316634012,modified,.txt,0
1760337856.7412157,iot_test_files/normal/normal_file_8.txt,38,3.955311316634012,modified,.txt,0
1760337856.741454,iot_test_files/normal/normal_file_9.txt,38,3.955311316634012,modified,.txt,0
1760337856.7418637,iot_test_files/normal/normal_file_10.txt,39,4.025930027099076,modified,.txt,0
1760337856.7421393,iot_test_files/normal/normal_file_11.txt,39,3.974647975817024,modified,.txt,0
1760337856.7429886,iot_test_files/normal/normal_file_12.txt,39,4.025930027099076,modified,.txt,0
1760337856.7432668,iot_test_files/normal/normal_file_13.txt,39,4.025930027099076,modified,.txt,0
1760337856.7435908,iot_test_files/normal/normal_file_14.txt,39,4.025930027099076,modified,.txt,0
1760337856.7437856,iot_test_files/normal/normal_file_15.txt,39,4.025930027099076,modified,.txt,0
1760337856.7453964,iot_test_files/normal/normal_file_16.txt,39,4.025930027099076,modified,.txt,0
1760337856.7458756,iot_test_files/normal/normal_file_17.txt,39,4.025930027099076,modified,.txt,0
1760337856.74648,iot_test_files/normal/normal_file_18.txt,39,4.025930027099076,modified,.txt,0
1760337856.7473214,iot_test_files/normal/normal_file_19.txt,39,4.025930027099076,modified,.txt,0
1760337856.7481487,iot_test_files/normal/backup_data_15.dat,257,5.548066193769265,modified,.dat,0
1760337867.8338015,iot_test_files/normal/config_16_1760337075.txt,134,4.3917637364282776,modified,.txt,0
1760337873.3662682,iot_test_files/normal/log_1760337009_5866.txt,0,0,deleted,.txt,0
1760337876.7878306,iot_test_files/normal/normal_file_0.txt,94,4.710998628449029,modified,.txt,0
1760337897.5049012,iot_test_files/normal/normal_file_9.txt,0,0,deleted,.txt,0
1760337909.5500383,iot_test_files/normal/log_1760337909_7971.txt,0,0.0,created,.txt,0
1760337909.5508718,iot_test_files/normal/log_1760337909_7971.txt,113,3.983666889076788,modified,.txt,0
1760337927.8371038,iot_test_files/normal/config_43_1760336943.txt,96,4.638420610714717,modified,.txt,0
1760337933.7170815,iot_test_files/normal/normal_file_8.txt,94,4.707120671251155,modified,.txt,0
1760337939.840608,iot_test_files/normal/config_11_1760336931.txt,96,4.577906325145378,modified,.txt,0
1760337945.8438244,iot_test_files/normal/config_device_0.cfg,311,4.806646215290355,modified,.cfg,0
1760337951.8442285,iot_test_files/normal/config_device_4.cfg,136,4.810927428458508,modified,.cfg,0
1760337957.991006,iot_test_files/normal/system_log_10.log,139,4.814105508403695,modified,.log,0
1760337963.8475082,iot_test_files/normal/config_18_1760337963.txt,58,4.519209607338873,created,.txt,0
1760337963.8488786,iot_test_files/normal/config_18_1760337963.txt,58,4.519209607338873,modified,.txt,0
1760337970.123345,iot_test_files/normal/log_1760337970_2456.txt,113,3.9163249379755776,created,.txt,0
1760337970.1243324,iot_test_files/normal/log_1760337970_2456.txt,113,3.9163249379755776,modified,.txt,0
1760338066.8664107,iot_test_files/normal/system_log_18.log,0,0,deleted,.log,0
1760338073.5879512,iot_test_files/normal/config_11_1760336931.txt,134,4.573814587875511,modified,.txt,0
1760338074.332739,iot_test_files/normal/normal_file_0.txt,38,3.955311316634012,modified,.txt,0
1760338074.3351164,iot_test_files/normal/normal_file_1.txt,38,3.955311316634012,modified,.txt,0
1760338074.335601,iot_test_files/normal/normal_file_2.txt,38,3.955311316634012,modified,.txt,0
1760338074.335825,iot_test_files/normal/normal_file_3.txt,38,3.955311316634012,modified,.txt,0
1760338074.3360765,iot_test_files/normal/normal_file_4.txt,38,3.955311316634012,modified,.txt,0
1760338074.336282,iot_test_files/normal/normal_file_5.txt,38,3.955311316634012,modified,.txt,0
1760338074.336446,iot_test_files/normal/normal_file_6.txt,38,3.955311316634012,modified,.txt,0
1760338074.3365912,iot_test_files/normal/normal_file_7.txt,38,3.955311316634012,modified,.txt,0
1760338074.3367355,iot_test_files/normal/normal_file_8.txt,38,3.955311316634012,modified,.txt,0
1760338074.336879,iot_test_files/normal/normal_file_9.txt,38,3.955311316634012,created,.txt,0
1760338074.337032,iot_test_files/normal/normal_file_9.txt,38,3.955311316634012,modified,.txt,0
1760338074.3379724,iot_test_files/normal/normal_file_10.txt,39,4.025930027099076,modified,.txt,0
1760338074.338253,iot_test_files/normal/normal_file_11.txt,39,3.974647975817024,modified,.txt,0
1760338074.3384306,iot_test_files/normal/normal_file_12.txt,39,4.025930027099076,modified,.txt,0
1760338074.3388472,iot_test_files/normal/normal_file_13.txt,39,4.025930027099076,modified,.txt,0
1760338074.3395848,iot_test_files/normal/normal_file_14.txt,39,4.025930027099076,modified,.txt,0
1760338074.3398414,iot_test_files/normal/normal_file_15.txt,39,4.025930027099076,modified,.txt,0
1760338074.3400996,iot_test_files/normal/normal_file_16.txt,39,4.025930027099076,modified,.txt,0
1760338074.3403285,iot_test_files/normal/normal_file_17.txt,39,4.025930027099076,modified,.txt,0
1760338074.3405077,iot_test_files/normal/normal_file_18.txt,39,4.025930027099076,modified,.txt,0
1760338074.340673,iot_test_files/normal/normal_file_19.txt,39,4.025930027099076,modified,.txt,0
1760338085.589859,iot_test_files/normal/config_24_1760338085.txt,58,4.532224909100312,created,.txt,0
1760338085.5902803,iot_test_files/normal/config_24_1760338085.txt,58,4.532224909100312,modified,.txt,0
1760338090.942609,iot_test_files/normal/config_device_8.cfg,149,4.872992408864396,modified,.cfg,0
1760338094.3367255,iot_test_files/normal/config_20_1760337039.txt,0,0,deleted,.txt,0
1760338109.592815,iot_test_files/normal/config_device_4.cfg,174,4.7909494675314805,modified,.cfg,0
1760338115.0752683,iot_test_files/normal/normal_file_14.txt,95,4.724618966399483,modified,.txt,0
1760338121.5965943,iot_test_files/normal/config_device_8.cfg,187,4.843818617020545,modified,.cfg,0
1760338127.1587071,iot_test_files/normal/log_1760337238_1134.txt,0,0,deleted,.txt,0
1760338133.6042385,iot_test_files/normal/config_device_0.cfg,349,4.787537195086932,modified,.cfg,0
1760338139.2571278,iot_test_files/normal/normal_file_0.txt,0,0,deleted,.txt,0
1760338151.3033361,iot_test_files/normal/log_1760338151_4998.txt,113,3.965084008810329,created,.txt,0
1760338151.3042707,iot_test_files/normal/log_1760338151_4998.txt,113,3.965084008810329,modified,.txt,0
1760338157.5996108,iot_test_files/normal/config_device_16.cfg,137,4.887062391188316,modified,.cfg,0
1760338163.4790726,iot_test_files/normal/normal_file_14.txt,0,0,deleted,.txt,0
1760338175.5075471,iot_test_files/normal/log_1760338175_8534.txt,0,3.983666889076788,created,.txt,0
1760338175.5081143,iot_test_files/normal/log_1760338175_8534.txt,113,3.983666889076788,modified,.txt,0
1760338181.601174,iot_test_files/normal/config_13_1760338181.txt,58,4.5107574522410605,created,.txt,0
1760338181.601635,iot_test_files/normal/config_13_1760338181.txt,58,4.5107574522410605,modified,.txt,0
1760338187.7032185,iot_test_files/normal/normal_file_3.txt,81,4.808503089090702,modified,.txt,0
1760338193.6024003,iot_test_files/normal/config_device_8.cfg,225,4.816610747576253,modified,.cfg,0
1760338205.6031787,iot_test_files/normal/config_35_1760338205.txt,58,4.415761331476802,created,.txt,0
1760338205.6051636,iot_test_files/normal/config_35_1760338205.txt,58,4.415761331476802,modified,.txt,0
1760338211.7854743,iot_test_files/normal/system_log_6.log,0,0,deleted,.log,0
1760338229.6066182,iot_test_files/normal/config_16_1760337075.txt,172,4.422719592659091,modified,.txt,0
1760338241.6102552,iot_test_files/normal/config_12_1760338241.txt,58,4.58645330613008,created,.txt,0
1760338241.6107495,iot_test_files/normal/config_12_1760338241.txt,58,4.58645330613008,modified,.txt,0
1760338247.8892455,iot_test_files/normal/log_1760338151_4998.txt,0,4.389202425525383,modified,.txt,0
1760338247.889601,iot_test_files/normal/log_1760338151_4998.txt,156,4.389202425525383,modified,.txt,0
1760338253.6117754,iot_test_files/normal/config_29_1760338253.txt,58,4.469989728506572,created,.txt,0
1760338253.61206,iot_test_files/normal/config_29_1760338253.txt,58,4.469989728506572,modified,.txt,0
1760338260.0536373,iot_test_files/normal/device_007.txt.encrypted,176,6.526732880464454,modified,.encrypted,0
1760338265.6128178,iot_test_files/normal/config_38_1760338265.txt,58,4.483005030268012,created,.txt,0
1760338265.6138759,iot_test_files/normal/config_38_1760338265.txt,58,4.483005030268012,modified,.txt,0
1760338272.1654744,iot_test_files/normal/config_16_1760337003.txt,152,4.647807174397846,modified,.txt,0
1760338277.6281025,iot_test_files/normal/config_5_1760338277.txt,58,4.483005030268012,created,.txt,0
1760338277.6290348,iot_test_files/normal/config_5_1760338277.txt,58,4.483005030268012,modified,.txt,0
1760338284.2707849,iot_test_files/normal/normal_file_1.txt,0,0,deleted,.txt,0
1760338301.6180422,iot_test_files/normal/config_5_1760338301.txt,58,4.53050309065014,created,.txt,0
1760338301.6190765,iot_test_files/normal/config_5_1760338301.txt,58,4.53050309065014,modified,.txt,0
1760338308.29564,iot_test_files/normal/log_1760338308_6581.txt,113,3.9761027034814487,created,.txt,0
1760338308.296116,iot_test_files/normal/log_1760338308_6581.txt,113,3.9761027034814487,modified,.txt,0
1760338313.6206121,iot_test_files/normal/config_23_1760338313.txt,58,4.51075745224106,created,.txt,0
1760338313.6211119,iot_test_files/normal/config_23_1760338313.txt,58,4.51075745224106,modified,.txt,0
1760338325.6215026,iot_test_files/normal/config_device_0.cfg,387,4.739458380733963,modified,.cfg,0
1760338332.4275582,iot_test_files/normal/normal_file_3.txt,137,4.815925132124907,modified,.txt,0
1760338344.5423558,iot_test_files/normal/sensor_data_1.json,111,4.867212295978225,modified,.json,0
1760338349.6225681,iot_test_files/normal/config_16_1760337075.txt,210,4.397673918753274,modified,.txt,0
1760338356.6437464,iot_test_files/normal/log_1760338356_5549.txt,113,4.004820513196816,created,.txt,0
1760338356.6451936,iot_test_files/normal/log_1760338356_5549.txt,113,4.004820513196816,modified,.txt,0
1760338368.7210824,iot_test_files/normal/config_device_4.cfg,0,0,deleted,.cfg,0
1760338380.7952423,iot_test_files/normal/backup_data_19.dat,244,5.53856488732176,modified,.dat,0
1760338404.9231143,iot_test_files/normal/config_16_1760337075.txt,266,4.538759041226089,modified,.txt,0
1760338411.3593473,iot_test_files/normal/device_003.txt.encrypted,120,6.560975803905808,created,.encrypted,0
1760338411.3597333,iot_test_files/normal/device_003.txt.encrypted,120,6.560975803905808,modified,.encrypted,0
1760338411.3604074,iot_test_files/normal/device_007.txt.encrypted,0,0.0,modified,.encrypted,0
1760338411.3610504,iot_test_files/normal/device_007.txt.encrypted,120,6.37764247057247,modified,.encrypted,0
1760338411.366529,iot_test_files/normal/device_009.txt.encrypted,0,0.0,created,.encrypted,0
1760338411.367154,iot_test_files/normal/device_009.txt.encrypted,120,6.450599866423832,modified,.encrypted,0
1760338411.3700397,iot_test_files/normal/device_002.txt.encrypted,120,6.560975803905809,created,.encrypted,0
1760338411.3715246,iot_test_files/normal/device_002.txt.encrypted,120,6.560975803905809,modified,.encrypted,0
1760338411.3744962,iot_test_files/normal/READ_ME_FOR_DECRYPT.txt,0,0.0,modified,.txt,0
1760338411.3754416,iot_test_files/normal/READ_ME_FOR_DECRYPT.txt,193,5.036313098574375,modified,.txt,0
1760338417.0372643,iot_test_files/normal/log_1760338417_8571.txt,113,4.0080464244941645,created,.txt,0
1760338417.0376647,iot_test_files/normal/log_1760338417_8571.txt,113,4.0080464244941645,modified,.txt,0
1760338429.2745142,iot_test_files/normal/log_1760338429_6970.txt,113,4.000482238898825,created,.txt,0
1760338429.2748022,iot_test_files/normal/log_1760338429_6970.txt,113,4.000482238898825,modified,.txt,0
1760338441.4044142,iot_test_files/normal/log_1760338441_4046.txt,113,3.959287353659412,created,.txt,0
1760338441.4071999,iot_test_files/normal/log_1760338441_4046.txt,113,3.959287353659412,modified,.txt,0
1760338453.6548078,iot_test_files/normal/log_1760338453_9813.txt,113,3.9737605574063126,created,.txt,0
1760338453.6555557,iot_test_files/normal/log_1760338453_9813.txt,113,3.9737605574063126,modified,.txt,0
1760338465.7905934,iot_test_files/normal/log_1760338465_6490.txt,0,3.987121398152569,created,.txt,0
1760338465.7912252,iot_test_files/normal/log_1760338465_6490.txt,113,3.987121398152569,modified,.txt,0
1760338486.6670933,iot_test_files/normal/config_16_1760337075.txt,0,0,deleted,.txt,0
1760338493.2581925,iot_test_files/normal/config_12_1760338241.txt,96,4.632107038873192,modified,.txt,0
1760338498.7122567,iot_test_files/normal/log_1760337837_7357.txt,156,4.3789868611444,modified,.txt,0
1760338506.5896928,iot_test_files/normal/normal_file_0.txt,38,3.955311316634012,created,.txt,0
1760338506.5899615,iot_test_files/normal/normal_file_0.txt,38,3.955311316634012,modified,.txt,0
1760338506.5908732,iot_test_files/normal/normal_file_1.txt,38,3.955311316634012,created,.txt,0
1760338506.5917974,iot_test_files/normal/normal_file_1.txt,38,3.955311316634012,modified,.txt,0
1760338506.5921583,iot_test_files/normal/normal_file_2.txt,38,3.955311316634012,modified,.txt,0
1760338506.5924387,iot_test_files/normal/normal_file_3.txt,38,3.955311316634012,modified,.txt,0
1760338506.592633,iot_test_files/normal/normal_file_4.txt,38,3.955311316634012,modified,.txt,0
1760338506.5928164,iot_test_files/normal/normal_file_5.txt,38,3.955311316634012,modified,.txt,0
1760338506.5930157,iot_test_files/normal/normal_file_6.txt,38,3.955311316634012,modified,.txt,0
1760338506.593265,iot_test_files/normal/normal_file_7.txt,38,3.955311316634012,modified,.txt,0
1760338506.5934858,iot_test_files/normal/normal_file_8.txt,38,3.955311316634012,modified,.txt,0
1760338506.5936859,iot_test_files/normal/normal_file_9.txt,38,3.955311316634012,modified,.txt,0
1760338506.5938916,iot_test_files/normal/normal_file_10.txt,39,4.025930027099076,modified,.txt,0
1760338506.594186,iot_test_files/normal/normal_file_11.txt,39,3.974647975817024,modified,.txt,0
1760338506.5944507,iot_test_files/normal/normal_file_12.txt,39,4.025930027099076,modified,.txt,0
1760338506.5946548,iot_test_files/normal/normal_file_13.txt,39,4.025930027099076,modified,.txt,0
1760338506.594865,iot_test_files/normal/normal_file_14.txt,39,4.025930027099076,created,.txt,0
1760338506.595289,iot_test_files/normal/normal_file_14.txt,39,4.025930027099076,modified,.txt,0
1760338506.598972,iot_test_files/normal/normal_file_15.txt,39,4.025930027099076,modified,.txt,0
1760338506.5995748,iot_test_files/normal/normal_file_16.txt,39,4.025930027099076,modified,.txt,0
1760338506.5998142,iot_test_files/normal/normal_file_17.txt,39,4.025930027099076,modified,.txt,0
1760338506.6000175,iot_test_files/normal/normal_file_18.txt,39,4.025930027099076,modified,.txt,0
1760338506.6002119,iot_test_files/normal/normal_file_19.txt,39,4.025930027099076,modified,.txt,0
1760338506.6004133,iot_test_files/normal/log_1760338506_9644.txt,113,4.0080464244941645,created,.txt,0
1760338506.6006074,iot_test_files/normal/log_1760338506_9644.txt,113,4.0080464244941645,modified,.txt,0
1760338510.9031827,iot_test_files/normal/log_1760337335_9128.txt,169,4.401833701572635,modified,.txt,0
1760338526.734629,iot_test_files/normal/normal_file_6.txt,94,4.680628915978037,modified,.txt,0
1760338529.2623854,iot_test_files/normal/config_12_1760338529.txt,58,4.502750668677092,created,.txt,0
1760338529.2630098,iot_test_files/normal/config_12_1760338529.txt,58,4.502750668677092,modified,.txt,0
1760338547.1979005,iot_test_files/normal/log_1760338308_6581.txt,0,0.0,modified,.txt,0
1760338547.1997933,iot_test_files/normal/log_1760338308_6581.txt,156,4.387756512133186,modified,.txt,0
1760338553.262502,iot_test_files/normal/config_23_1760338313.txt,96,4.57021142939552,modified,.txt,0
1760338559.3960657,iot_test_files/normal/normal_file_11.txt,0,0,deleted,.txt,0
1760338565.2651045,iot_test_files/normal/config_42_1760338565.txt,58,4.428776633238242,created,.txt,0
1760338565.2655952,iot_test_files/normal/config_42_1760338565.txt,58,4.428776633238242,modified,.txt,0
1760338571.4656475,iot_test_files/normal/log_1760338571_6325.txt,113,3.9880051633747797,created,.txt,0
1760338571.466618,iot_test_files/normal/log_1760338571_6325.txt,113,3.9880051633747797,modified,.txt,0
1760338577.2656941,iot_test_files/normal/config_11_1760338577.txt,58,4.51075745224106,created,.txt,0
1760338577.2663078,iot_test_files/normal/config_11_1760338577.txt,58,4.51075745224106,modified,.txt,0
1760338589.269777,iot_test_files/normal/config_18_1760337963.txt,96,4.566173767281931,modified,.txt,0
1760338595.6642191,iot_test_files/normal/log_1760338595_4194.txt,113,3.9273436326466973,created,.txt,0
1760338595.664663,iot_test_files/normal/log_1760338595_4194.txt,113,3.9273436326466973,modified,.txt,0
1760338601.2699916,iot_test_files/normal/config_24_1760338085.txt,96,4.587850267253537,modified,.txt,0
1760338607.8079262,iot_test_files/normal/system_log_10.log,195,4.821237930382719,modified,.log,0
1760338619.9577916,iot_test_files/normal/normal_file_7.txt,94,4.7364279851039575,modified,.txt,0
1760338625.280251,iot_test_files/normal/config_24_1760338085.txt,134,4.533334679142618,modified,.txt,0
1760338632.0860858,iot_test_files/normal/log_1760337384_4241.txt,169,4.4035526013090465,modified,.txt,0
1760338637.2778716,iot_test_files/normal/config_14_1760338637.txt,58,4.532224909100311,created,.txt,0
1760338637.278373,iot_test_files/normal/config_14_1760338637.txt,58,4.532224909100311,modified,.txt,0
1760338644.1677225,iot_test_files/normal/log_1760338644_8734.txt,113,3.97698646870366,created,.txt,0
1760338644.168153,iot_test_files/normal/log_1760338644_8734.txt,113,3.97698646870366,modified,.txt,0
1760338649.2791822,iot_test_files/normal/config_0_1760338649.txt,58,4.415761331476803,created,.txt,0
1760338649.2796135,iot_test_files/normal/config_0_1760338649.txt,58,4.415761331476803,modified,.txt,0
1760338656.2564497,iot_test_files/normal/log_1760337105_7414.txt,169,4.391032613728493,modified,.txt,0
1760338668.3094363,iot_test_files/normal/log_1760337970_2456.txt,169,4.383417486640902,modified,.txt,0
1760338673.2798228,iot_test_files/normal/config_42_1760338565.txt,96,4.582576960725656,modified,.txt,0
1760338685.2824697,iot_test_files/normal/config_12_1760338241.txt,134,4.56822503845747,modified,.txt,0
1760338692.5305555,iot_test_files/normal/log_1760338692_4153.txt,113,3.9526069332862845,created,.txt,0
1760338692.5308619,iot_test_files/normal/log_1760338692_4153.txt,113,3.9526069332862845,modified,.txt,0
1760338704.6004815,iot_test_files/normal/config_device_0.cfg,430,4.729098528161126,modified,.cfg,0
1760338704.6012285,iot_test_files/normal/config_device_0.cfg,430,4.729098528161126,modified,.cfg,0
1760338716.7773833,iot_test_files/normal/normal_file_9.txt,0,0.0,modified,.txt,0
1760338716.7831364,iot_test_files/normal/normal_file_9.txt,81,4.863937965580494,modified,.txt,0
1760338721.2864683,iot_test_files/normal/config_35_1760338205.txt,96,4.557436886643703,modified,.txt,0
